date,time,event_type,payload
"2026-04-06","2026/4/6 22:09:34","app.launched","{}"
"2026-04-06","2026/4/6 22:10:06","auth.login","{}"
"2026-04-06","2026/4/6 22:11:12","settings.saved","{""settingType"":""profile""}"
"2026-04-06","2026/4/6 22:11:17","settings.saved","{""settingType"":""profile""}"
"2026-04-06","2026/4/6 22:13:12","nav.date_changed","{""to"":""2026-04-07"",""from"":""2026-04-06"",""method"":""arrow""}"
"2026-04-06","2026/4/6 22:13:13","nav.date_changed","{""to"":""2026-04-06"",""from"":""2026-04-07"",""method"":""arrow""}"
"2026-04-06","2026/4/6 22:13:14","nav.date_changed","{""to"":""2026-04-05"",""from"":""2026-04-06"",""method"":""arrow""}"
"2026-04-06","2026/4/6 22:13:15","nav.date_changed","{""to"":""2026-04-06"",""from"":""2026-04-05"",""method"":""arrow""}"
"2026-04-06","2026/4/6 22:13:16","memory.opened","{}"
"2026-04-06","2026/4/6 22:13:42","task.created","{""title"":""口语前两问"",""source"":""editor"",""taskId"":""t-1775484822776-saj9""}"
"2026-04-06","2026/4/6 22:14:44","task.created","{""title"":""老托阅读一道"",""source"":""editor"",""taskId"":""t-1775484884608-2dfi""}"
"2026-04-06","2026/4/6 22:14:46","mode.widget_entered","{}"
"2026-04-06","2026/4/6 22:14:53","mode.widget_expanded","{}"
"2026-04-06","2026/4/6 22:15:19","task.created","{""title"":""日语：N4单词全总结完"",""source"":""editor"",""taskId"":""t-1775484919745-5uqr""}"
"2026-04-06","2026/4/6 22:15:25","mode.widget_entered","{}"
"2026-04-06","2026/4/6 22:24:34","mode.widget_expanded","{}"
"2026-04-06","2026/4/6 22:24:36","mode.widget_entered","{}"
"2026-04-06","2026/4/6 22:24:36","plan.brain_dump","{""tasks"":[{""id"":""t-1775484822776-saj9"",""title"":""口语前两问""},{""id"":""t-1775484884608-2dfi"",""title"":""老托阅读一道""},{""id"":""t-1775484919745-5uqr"",""title"":""日语：N4单词全总结完""},{""id"":""t-1775485168222-tzvm"",""title"":""主题词汇""}],""taskCount"":4}"
"2026-04-06","2026/4/6 22:24:36","plan.focus_selected","{""taskId"":""t-1775484884608-2dfi"",""taskTitle"":""老托阅读一道""}"
"2026-04-06","2026/4/6 22:24:45","session.started","{""taskId"":""t-1775484884608-2dfi"",""sessionId"":""s-1775485485483-9bm9"",""taskTitle"":""老托阅读一道""}"
"2026-04-06","2026/4/6 22:24:45","exec.micro_started","{""taskId"":""t-1775484884608-2dfi"",""sessionId"":""s-1775485485483-9bm9"",""taskTitle"":""老托阅读一道"",""microAction"":""打开小站托福""}"
"2026-04-06","2026/4/6 22:24:45","plan.brain_dump","{""tasks"":[{""id"":""t-1775484822776-saj9"",""title"":""口语前两问""},{""id"":""t-1775484884608-2dfi"",""title"":""老托阅读一道""},{""id"":""t-1775484919745-5uqr"",""title"":""日语：N4单词全总结完""},{""id"":""t-1775485168222-tzvm"",""title"":""主题词汇""}],""taskCount"":4}"
"2026-04-06","2026/4/6 22:24:45","plan.focus_selected","{""taskId"":""t-1775484884608-2dfi"",""taskTitle"":""老托阅读一道""}"
"2026-04-06","2026/4/6 22:24:45","plan.first_micro","{""source"":""self"",""taskId"":""t-1775484884608-2dfi"",""taskTitle"":""老托阅读一道"",""microAction"":""打开小站托福""}"
"2026-04-06","2026/4/6 22:26:12","exec.micro_completed","{""taskId"":""t-1775484884608-2dfi"",""sessionId"":""s-1775485485483-9bm9"",""taskTitle"":""老托阅读一道"",""microAction"":""打开小站托福"",""actualSeconds"":86}"
"2026-04-06","2026/4/6 22:41:43","session.paused","{""taskId"":""t-1775484884608-2dfi"",""sessionId"":""s-1775485485483-9bm9"",""taskTitle"":""老托阅读一道"",""microAction"":""老托阅读一道"",""elapsedSeconds"":1018,""completedMicroSteps"":1}"
"2026-04-06","2026/4/6 23:09:18","session.resumed","{""taskId"":""t-1775484884608-2dfi"",""sessionId"":""s-1775485485483-9bm9"",""taskTitle"":""老托阅读一道"",""microAction"":""老托阅读一道"",""originalSessionId"":""s-1775485485483-9bm9"",""elapsedBeforePause"":1018,""completedMicroSteps"":1,""pausedDurationSeconds"":1654}"
"2026-04-06","2026/4/6 23:29:59","exec.flow_ended","{""taskId"":""t-1775484884608-2dfi"",""endReason"":""task_done"",""sessionId"":""s-1775485485483-9bm9"",""taskTitle"":""老托阅读一道"",""flowDurationSeconds"":1241}"
"2026-04-06","2026/4/6 23:29:59","session.macro_completed","{""taskId"":""t-1775484884608-2dfi"",""taskTitle"":""老托阅读一道"",""completedVia"":""flow""}"
"2026-04-06","2026/4/6 23:29:59","session.ended","{""taskId"":""t-1775484884608-2dfi"",""endReason"":""task_done"",""sessionId"":""s-1775485485483-9bm9"",""taskTitle"":""老托阅读一道"",""completedMicroSteps"":1,""totalDurationSeconds"":2259}"
"2026-04-07","2026/4/7 00:05:39","mode.widget_expanded","{}"
"2026-04-07","2026/4/7 00:05:51","nav.date_changed","{""to"":""2026-04-07"",""from"":""2026-04-06"",""method"":""today""}"
"2026-04-07","2026/4/7 00:05:53","nav.date_changed","{""to"":""2026-04-06"",""from"":""2026-04-07"",""method"":""arrow""}"
"2026-04-07","2026/4/7 00:06:11","nav.date_changed","{""to"":""2026-04-07"",""from"":""2026-04-06"",""method"":""arrow""}"
"2026-04-07","2026/4/7 00:06:19","task.carried_over","{""taskIds"":[""t-1775484822776-saj9"",""t-1775484919745-5uqr"",""t-1775485168222-tzvm""],""fromDate"":""2026-04-06""}"
"2026-04-07","2026/4/7 00:08:01","mode.widget_entered","{}"
"2026-04-07","2026/4/7 00:09:19","mode.widget_expanded","{}"
"2026-04-07","2026/4/7 00:09:20","mode.widget_entered","{}"
"2026-04-07","2026/4/7 00:22:39","plan.brain_dump","{""tasks"":[{""id"":""1775491579981-kugf"",""title"":""口语前两问""},{""id"":""1775491579981-71cj"",""title"":""日语：N4单词全总结完""},{""id"":""1775491579981-pxs6"",""title"":""主题词汇""}],""taskCount"":3}"
"2026-04-07","2026/4/7 00:22:39","exec.micro_started","{""taskId"":""1775491579981-kugf"",""sessionId"":""s-1775492559036-f68d"",""taskTitle"":""口语前两问"",""microAction"":""打开口语题库页面""}"
"2026-04-07","2026/4/7 00:22:39","session.started","{""taskId"":""1775491579981-kugf"",""sessionId"":""s-1775492559036-f68d"",""taskTitle"":""口语前两问""}"
"2026-04-07","2026/4/7 00:22:39","plan.first_micro","{""source"":""ai_chip"",""taskId"":""1775491579981-kugf"",""taskTitle"":""口语前两问"",""microAction"":""打开口语题库页面""}"
"2026-04-07","2026/4/7 00:22:39","plan.focus_selected","{""taskId"":""1775491579981-kugf"",""taskTitle"":""口语前两问""}"
"2026-04-07","2026/4/7 00:22:40","exec.micro_completed","{""taskId"":""1775491579981-kugf"",""sessionId"":""s-1775492559036-f68d"",""taskTitle"":""口语前两问"",""microAction"":""打开口语题库页面"",""actualSeconds"":1}"
"2026-04-07","2026/4/7 00:23:43","session.macro_completed","{""taskId"":""1775491579981-kugf"",""taskTitle"":""口语前两问"",""completedVia"":""flow""}"
"2026-04-07","2026/4/7 00:23:43","session.ended","{""taskId"":""1775491579981-kugf"",""endReason"":""task_done"",""sessionId"":""s-1775492559036-f68d"",""taskTitle"":""口语前两问"",""completedMicroSteps"":1,""totalDurationSeconds"":64}"
"2026-04-07","2026/4/7 00:23:43","exec.flow_ended","{""taskId"":""1775491579981-kugf"",""endReason"":""task_done"",""sessionId"":""s-1775492559036-f68d"",""taskTitle"":""口语前两问"",""flowDurationSeconds"":62}"
"2026-04-07","2026/4/7 00:24:28","plan.brain_dump","{""tasks"":[{""id"":""1775491579981-71cj"",""title"":""日语：N4单词全总结完""},{""id"":""1775491579981-pxs6"",""title"":""主题词汇""}],""taskCount"":2}"
"2026-04-07","2026/4/7 00:24:28","plan.focus_selected","{""taskId"":""1775491579981-pxs6"",""taskTitle"":""主题词汇""}"
"2026-04-07","2026/4/7 00:24:28","plan.first_micro","{""source"":""self"",""taskId"":""1775491579981-pxs6"",""taskTitle"":""主题词汇"",""microAction"":""发给豆包帮我朗读""}"
"2026-04-07","2026/4/7 00:24:28","session.started","{""taskId"":""1775491579981-pxs6"",""sessionId"":""s-1775492668001-8u56"",""taskTitle"":""主题词汇""}"
"2026-04-07","2026/4/7 00:24:28","exec.micro_started","{""taskId"":""1775491579981-pxs6"",""sessionId"":""s-1775492668001-8u56"",""taskTitle"":""主题词汇"",""microAction"":""发给豆包帮我朗读""}"
"2026-04-07","2026/4/7 00:30:16","exec.micro_completed","{""taskId"":""1775491579981-pxs6"",""sessionId"":""s-1775492668001-8u56"",""taskTitle"":""主题词汇"",""microAction"":""发给豆包帮我朗读"",""actualSeconds"":348}"
"2026-04-07","2026/4/7 00:44:57","session.paused","{""taskId"":""1775491579981-pxs6"",""sessionId"":""s-1775492668001-8u56"",""taskTitle"":""主题词汇"",""microAction"":""主题词汇"",""elapsedSeconds"":1229,""completedMicroSteps"":1}"
"2026-04-07","2026/4/7 16:46:30","app.launched","{}"
"2026-04-07","2026/4/7 21:31:30","task.created","{""title"":""邮件"",""source"":""editor"",""taskId"":""t-1775568690886-hlxs""}"
"2026-04-07","2026/4/7 21:31:36","task.created","{""title"":""写作整理"",""source"":""editor"",""taskId"":""t-1775568696775-224j""}"
"2026-04-08","2026/4/8 12:03:56","app.launched","{}"
"2026-04-08","2026/4/8 12:05:11","task.carried_over","{""taskIds"":[""1775491579981-pxs6"",""t-1775568690886-hlxs"",""t-1775568696775-224j""],""fromDate"":""2026-04-07""}"
"2026-04-08","2026/4/8 12:05:11","task.carried_over","{""taskIds"":[""t-1775484822776-saj9""],""fromDate"":""2026-04-06""}"
"2026-04-08","2026/4/8 22:26:05","task.edited","{""field"":""title"",""taskId"":""1775621111266-c7ql""}"
"2026-04-08","2026/4/8 22:26:10","task.edited","{""field"":""title"",""taskId"":""1775621111266-dgfn""}"
"2026-04-08","2026/4/8 22:26:30","task.created","{""title"":""老托听力1"",""source"":""editor"",""taskId"":""t-1775658390347-j9ea""}"
"2026-04-08","2026/4/8 22:26:32","app.quit","{}"
"2026-04-08","2026/4/8 23:29:05","app.launched","{}"
"2026-04-08","2026/4/8 23:29:10","task.reordered","{""taskId"":""1775621111266-c7ql"",""toIndex"":0,""fromIndex"":1}"
"2026-04-08","2026/4/8 23:29:12","task.reordered","{""taskId"":""1775621111266-dgfn"",""toIndex"":0,""fromIndex"":2}"
"2026-04-09","2026/4/9 00:10:27","task.carried_over","{""taskIds"":[""1775621111266-dgfn"",""1775621111266-c7ql"",""1775621111266-vjea"",""1775621111272-56qv"",""t-1775658390347-j9ea""],""fromDate"":""2026-04-08""}"
"2026-04-09","2026/4/9 00:10:29","plan.brain_dump","{""tasks"":[{""id"":""1775664627732-qioj"",""title"":""写作整理""},{""id"":""1775664627732-3fao"",""title"":""邮件写作""},{""id"":""1775664627732-4fkm"",""title"":""主题词汇""},{""id"":""1775664627732-22i7"",""title"":""口语前两问""},{""id"":""1775664627732-zkc4"",""title"":""老托听力1""}],""taskCount"":5}"
"2026-04-09","2026/4/9 00:10:29","plan.focus_selected","{""taskId"":""1775664627732-qioj"",""taskTitle"":""写作整理""}"
"2026-04-09","2026/4/9 00:10:29","mode.widget_entered","{}"
"2026-04-09","2026/4/9 00:10:30","plan.brain_dump","{""tasks"":[{""id"":""1775664627732-qioj"",""title"":""写作整理""},{""id"":""1775664627732-3fao"",""title"":""邮件写作""},{""id"":""1775664627732-4fkm"",""title"":""主题词汇""},{""id"":""1775664627732-22i7"",""title"":""口语前两问""},{""id"":""1775664627732-zkc4"",""title"":""老托听力1""}],""taskCount"":5}"
"2026-04-09","2026/4/9 00:10:30","plan.focus_selected","{""taskId"":""1775664627732-qioj"",""taskTitle"":""写作整理""}"
"2026-04-09","2026/4/9 00:10:30","plan.first_micro","{""source"":""ai_chip"",""taskId"":""1775664627732-qioj"",""taskTitle"":""写作整理"",""microAction"":""点击新建空白文档""}"
"2026-04-09","2026/4/9 00:10:30","session.started","{""taskId"":""1775664627732-qioj"",""sessionId"":""s-1775664630690-us64"",""taskTitle"":""写作整理""}"
"2026-04-09","2026/4/9 00:10:30","exec.micro_started","{""taskId"":""1775664627732-qioj"",""sessionId"":""s-1775664630690-us64"",""taskTitle"":""写作整理"",""microAction"":""点击新建空白文档""}"
"2026-04-09","2026/4/9 00:10:32","exec.micro_completed","{""taskId"":""1775664627732-qioj"",""sessionId"":""s-1775664630690-us64"",""taskTitle"":""写作整理"",""microAction"":""点击新建空白文档"",""actualSeconds"":1}"
"2026-04-09","2026/4/9 01:27:55","exec.flow_ended","{""taskId"":""1775664627732-qioj"",""endReason"":""task_done"",""sessionId"":""s-1775664630690-us64"",""taskTitle"":""写作整理"",""flowDurationSeconds"":4643}"
"2026-04-09","2026/4/9 01:27:55","session.macro_completed","{""taskId"":""1775664627732-qioj"",""taskTitle"":""写作整理"",""completedVia"":""flow""}"
"2026-04-09","2026/4/9 01:27:55","session.ended","{""taskId"":""1775664627732-qioj"",""endReason"":""task_done"",""sessionId"":""s-1775664630690-us64"",""taskTitle"":""写作整理"",""completedMicroSteps"":1,""totalDurationSeconds"":4645}"
"2026-04-09","2026/4/9 01:28:43","plan.brain_dump","{""tasks"":[{""id"":""1775664627732-3fao"",""title"":""邮件写作""},{""id"":""1775664627732-4fkm"",""title"":""主题词汇""},{""id"":""1775664627732-22i7"",""title"":""口语前两问""},{""id"":""1775664627732-zkc4"",""title"":""老托听力1""}],""taskCount"":4}"
"2026-04-09","2026/4/9 01:28:43","plan.focus_selected","{""taskId"":""1775664627732-22i7"",""taskTitle"":""口语前两问""}"
"2026-04-09","2026/4/9 01:28:43","plan.first_micro","{""source"":""ai_chip"",""taskId"":""1775664627732-22i7"",""taskTitle"":""口语前两问"",""microAction"":""打开口语题库页面""}"
"2026-04-09","2026/4/9 01:28:43","session.started","{""taskId"":""1775664627732-22i7"",""sessionId"":""s-1775669323828-nqi4"",""taskTitle"":""口语前两问""}"
"2026-04-09","2026/4/9 01:28:43","exec.micro_started","{""taskId"":""1775664627732-22i7"",""sessionId"":""s-1775669323828-nqi4"",""taskTitle"":""口语前两问"",""microAction"":""打开口语题库页面""}"
"2026-04-09","2026/4/9 01:29:09","exec.micro_completed","{""taskId"":""1775664627732-22i7"",""sessionId"":""s-1775669323828-nqi4"",""taskTitle"":""口语前两问"",""microAction"":""打开口语题库页面"",""actualSeconds"":25}"
"2026-04-09","2026/4/9 01:33:51","exec.flow_ended","{""taskId"":""1775664627732-22i7"",""endReason"":""task_done"",""sessionId"":""s-1775669323828-nqi4"",""taskTitle"":""口语前两问"",""flowDurationSeconds"":281}"
"2026-04-09","2026/4/9 01:33:51","session.macro_completed","{""taskId"":""1775664627732-22i7"",""taskTitle"":""口语前两问"",""completedVia"":""flow""}"
"2026-04-09","2026/4/9 01:33:51","session.ended","{""taskId"":""1775664627732-22i7"",""endReason"":""task_done"",""sessionId"":""s-1775669323828-nqi4"",""taskTitle"":""口语前两问"",""completedMicroSteps"":1,""totalDurationSeconds"":307}"
"2026-04-09","2026/4/9 16:11:36","app.launched","{}"
"2026-04-09","2026/4/9 20:53:59","app.launched","{}"
"2026-04-09","2026/4/9 22:19:05","task.created","{""title"":""新听力1"",""source"":""editor"",""taskId"":""t-1775744345834-9mr4""}"
"2026-04-09","2026/4/9 22:19:08","task.created","{""title"":""新阅读1"",""source"":""editor"",""taskId"":""t-1775744348921-k2c7""}"
"2026-04-09","2026/4/9 22:19:12","task.created","{""title"":""日语单词"",""source"":""editor"",""taskId"":""t-1775744352597-oa3a""}"
"2026-04-09","2026/4/9 23:03:14","plan.focus_selected","{""taskId"":""1775664627732-3fao"",""taskTitle"":""邮件写作""}"
"2026-04-09","2026/4/9 23:03:14","mode.widget_entered","{}"
"2026-04-09","2026/4/9 23:03:14","plan.brain_dump","{""tasks"":[{""id"":""1775664627732-3fao"",""title"":""邮件写作""},{""id"":""1775664627732-4fkm"",""title"":""主题词汇""},{""id"":""t-1775744345834-9mr4"",""title"":""新听力1""},{""id"":""t-1775744348921-k2c7"",""title"":""新阅读1""},{""id"":""t-1775744352597-oa3a"",""title"":""日语单词""}],""taskCount"":5}"
"2026-04-09","2026/4/9 23:03:22","exec.micro_started","{""taskId"":""1775664627732-3fao"",""sessionId"":""s-1775747002997-1hap"",""taskTitle"":""邮件写作"",""microAction"":""打开匹克""}"
"2026-04-09","2026/4/9 23:03:22","plan.focus_selected","{""taskId"":""1775664627732-3fao"",""taskTitle"":""邮件写作""}"
"2026-04-09","2026/4/9 23:03:22","plan.first_micro","{""source"":""self"",""taskId"":""1775664627732-3fao"",""taskTitle"":""邮件写作"",""microAction"":""打开匹克""}"
"2026-04-09","2026/4/9 23:03:22","session.started","{""taskId"":""1775664627732-3fao"",""sessionId"":""s-1775747002997-1hap"",""taskTitle"":""邮件写作""}"
"2026-04-09","2026/4/9 23:03:22","plan.brain_dump","{""tasks"":[{""id"":""1775664627732-3fao"",""title"":""邮件写作""},{""id"":""1775664627732-4fkm"",""title"":""主题词汇""},{""id"":""t-1775744345834-9mr4"",""title"":""新听力1""},{""id"":""t-1775744348921-k2c7"",""title"":""新阅读1""},{""id"":""t-1775744352597-oa3a"",""title"":""日语单词""}],""taskCount"":5}"
"2026-04-09","2026/4/9 23:03:25","exec.micro_completed","{""taskId"":""1775664627732-3fao"",""sessionId"":""s-1775747002997-1hap"",""taskTitle"":""邮件写作"",""microAction"":""打开匹克"",""actualSeconds"":2}"
"2026-04-09","2026/4/9 23:05:42","session.paused","{""taskId"":""1775664627732-3fao"",""sessionId"":""s-1775747002997-1hap"",""taskTitle"":""邮件写作"",""microAction"":""邮件写作"",""elapsedSeconds"":139,""completedMicroSteps"":1}"
"2026-04-09","2026/4/9 23:24:41","session.resumed","{""taskId"":""1775664627732-3fao"",""sessionId"":""s-1775747002997-1hap"",""taskTitle"":""邮件写作"",""microAction"":""邮件写作"",""originalSessionId"":""s-1775747002997-1hap"",""elapsedBeforePause"":139,""completedMicroSteps"":1,""pausedDurationSeconds"":1138}"
"2026-04-09","2026/4/9 23:38:05","exec.flow_ended","{""taskId"":""1775664627732-3fao"",""endReason"":""task_done"",""sessionId"":""s-1775747002997-1hap"",""taskTitle"":""邮件写作"",""flowDurationSeconds"":804}"
"2026-04-09","2026/4/9 23:38:05","session.macro_completed","{""taskId"":""1775664627732-3fao"",""taskTitle"":""邮件写作"",""completedVia"":""flow""}"
"2026-04-09","2026/4/9 23:38:05","session.ended","{""taskId"":""1775664627732-3fao"",""endReason"":""task_done"",""sessionId"":""s-1775747002997-1hap"",""taskTitle"":""邮件写作"",""completedMicroSteps"":1,""totalDurationSeconds"":943}"
"2026-04-09","2026/4/9 23:39:13","plan.brain_dump","{""tasks"":[{""id"":""1775664627732-4fkm"",""title"":""主题词汇""},{""id"":""t-1775744345834-9mr4"",""title"":""新听力1""},{""id"":""t-1775744348921-k2c7"",""title"":""新阅读1""},{""id"":""t-1775744352597-oa3a"",""title"":""日语单词""},{""id"":""t-1775749133731-kfqh"",""title"":""学术讨论""}],""taskCount"":5}"
"2026-04-09","2026/4/9 23:39:13","plan.first_micro","{""source"":""self"",""taskId"":""t-1775749133731-kfqh"",""taskTitle"":""学术讨论"",""microAction"":""截屏学术讨论题目到word""}"
"2026-04-09","2026/4/9 23:39:13","session.started","{""taskId"":""t-1775749133731-kfqh"",""sessionId"":""s-1775749153947-k6ud"",""taskTitle"":""学术讨论""}"
"2026-04-09","2026/4/9 23:39:13","exec.micro_started","{""taskId"":""t-1775749133731-kfqh"",""sessionId"":""s-1775749153947-k6ud"",""taskTitle"":""学术讨论"",""microAction"":""截屏学术讨论题目到word""}"
"2026-04-09","2026/4/9 23:39:13","plan.focus_selected","{""taskId"":""t-1775749133731-kfqh"",""taskTitle"":""学术讨论""}"
"2026-04-09","2026/4/9 23:39:16","exec.micro_completed","{""taskId"":""t-1775749133731-kfqh"",""sessionId"":""s-1775749153947-k6ud"",""taskTitle"":""学术讨论"",""microAction"":""截屏学术讨论题目到word"",""actualSeconds"":2}"
"2026-04-09","2026/4/9 23:39:21","session.paused","{""taskId"":""t-1775749133731-kfqh"",""sessionId"":""s-1775749153947-k6ud"",""taskTitle"":""学术讨论"",""microAction"":""学术讨论"",""elapsedSeconds"":7,""completedMicroSteps"":1}"
"2026-04-10","2026/4/10 00:22:17","plan.first_micro","{""source"":""self"",""taskId"":""t-1775744345834-9mr4"",""taskTitle"":""新听力1"",""microAction"":""打开匹克""}"
"2026-04-10","2026/4/10 00:22:17","exec.micro_started","{""taskId"":""t-1775744345834-9mr4"",""sessionId"":""s-1775751737480-7gd1"",""taskTitle"":""新听力1"",""microAction"":""打开匹克""}"
"2026-04-10","2026/4/10 00:22:17","session.started","{""taskId"":""t-1775744345834-9mr4"",""sessionId"":""s-1775751737480-7gd1"",""taskTitle"":""新听力1""}"
"2026-04-10","2026/4/10 00:22:17","plan.brain_dump","{""tasks"":[{""id"":""1775664627732-4fkm"",""title"":""主题词汇""},{""id"":""t-1775744345834-9mr4"",""title"":""新听力1""},{""id"":""t-1775744348921-k2c7"",""title"":""新阅读1""},{""id"":""t-1775744352597-oa3a"",""title"":""日语单词""}],""taskCount"":4}"
"2026-04-10","2026/4/10 00:22:17","plan.focus_selected","{""taskId"":""t-1775744345834-9mr4"",""taskTitle"":""新听力1""}"
"2026-04-10","2026/4/10 00:22:19","exec.micro_completed","{""taskId"":""t-1775744345834-9mr4"",""sessionId"":""s-1775751737480-7gd1"",""taskTitle"":""新听力1"",""microAction"":""打开匹克"",""actualSeconds"":1}"
"2026-04-10","2026/4/10 00:32:04","session.macro_completed","{""taskId"":""t-1775744345834-9mr4"",""taskTitle"":""新听力1"",""completedVia"":""flow""}"
"2026-04-10","2026/4/10 00:32:04","exec.flow_ended","{""taskId"":""t-1775744345834-9mr4"",""endReason"":""task_done"",""sessionId"":""s-1775751737480-7gd1"",""taskTitle"":""新听力1"",""flowDurationSeconds"":585}"
"2026-04-10","2026/4/10 00:32:04","session.ended","{""taskId"":""t-1775744345834-9mr4"",""endReason"":""task_done"",""sessionId"":""s-1775751737480-7gd1"",""taskTitle"":""新听力1"",""completedMicroSteps"":1,""totalDurationSeconds"":587}"
"2026-04-10","2026/4/10 23:17:10","nav.date_changed","{""to"":""2026-04-10"",""from"":""2026-04-09"",""method"":""today""}"
"2026-04-10","2026/4/10 23:17:34","task.carried_over","{""taskIds"":[""1775664627732-4fkm"",""t-1775744348921-k2c7""],""fromDate"":""2026-04-09""}"
"2026-04-10","2026/4/10 23:17:41","mode.widget_entered","{}"
"2026-04-10","2026/4/10 23:17:46","mode.widget_expanded","{}"
"2026-04-10","2026/4/10 23:17:53","task.created","{""title"":""日语单词"",""source"":""editor"",""taskId"":""t-1775834273727-pi6n""}"
"2026-04-10","2026/4/10 23:18:13","task.created","{""title"":""口语1套"",""source"":""editor"",""taskId"":""t-1775834293197-6ldu""}"
"2026-04-10","2026/4/10 23:18:30","mode.widget_entered","{}"
"2026-04-10","2026/4/10 23:18:30","plan.focus_selected","{""taskId"":""1775834254807-hfiq"",""taskTitle"":""新阅读1""}"
"2026-04-10","2026/4/10 23:18:30","plan.brain_dump","{""tasks"":[{""id"":""1775834254807-dbsb"",""title"":""主题词汇""},{""id"":""1775834254807-hfiq"",""title"":""新阅读1""},{""id"":""t-1775834273727-pi6n"",""title"":""日语单词""},{""id"":""t-1775834293197-6ldu"",""title"":""口语1套""}],""taskCount"":4}"
"2026-04-10","2026/4/10 23:18:50","exec.micro_started","{""taskId"":""1775834254807-hfiq"",""sessionId"":""s-1775834330121-58yy"",""taskTitle"":""新阅读1"",""microAction"":""打开匹克""}"
"2026-04-10","2026/4/10 23:18:50","plan.brain_dump","{""tasks"":[{""id"":""1775834254807-dbsb"",""title"":""主题词汇""},{""id"":""1775834254807-hfiq"",""title"":""新阅读1""},{""id"":""t-1775834273727-pi6n"",""title"":""日语单词""},{""id"":""t-1775834293197-6ldu"",""title"":""口语1套""}],""taskCount"":4}"
"2026-04-10","2026/4/10 23:18:50","plan.focus_selected","{""taskId"":""1775834254807-hfiq"",""taskTitle"":""新阅读1""}"
"2026-04-10","2026/4/10 23:18:50","plan.first_micro","{""source"":""self"",""taskId"":""1775834254807-hfiq"",""taskTitle"":""新阅读1"",""microAction"":""打开匹克""}"
"2026-04-10","2026/4/10 23:18:50","session.started","{""taskId"":""1775834254807-hfiq"",""sessionId"":""s-1775834330121-58yy"",""taskTitle"":""新阅读1""}"
"2026-04-10","2026/4/10 23:22:10","exec.micro_completed","{""taskId"":""1775834254807-hfiq"",""sessionId"":""s-1775834330121-58yy"",""taskTitle"":""新阅读1"",""microAction"":""打开匹克"",""actualSeconds"":200}"
"2026-04-10","2026/4/10 23:43:03","session.macro_completed","{""taskId"":""1775834254807-hfiq"",""taskTitle"":""新阅读1"",""completedVia"":""flow""}"
"2026-04-10","2026/4/10 23:43:03","session.ended","{""taskId"":""1775834254807-hfiq"",""endReason"":""task_done"",""sessionId"":""s-1775834330121-58yy"",""taskTitle"":""新阅读1"",""completedMicroSteps"":1,""totalDurationSeconds"":1453}"
"2026-04-10","2026/4/10 23:43:03","exec.flow_ended","{""taskId"":""1775834254807-hfiq"",""endReason"":""task_done"",""sessionId"":""s-1775834330121-58yy"",""taskTitle"":""新阅读1"",""flowDurationSeconds"":1252}"
"2026-04-11","2026/4/11 00:02:08","plan.first_micro","{""source"":""ai_chip"",""taskId"":""t-1775834293197-6ldu"",""taskTitle"":""口语1套"",""microAction"":""打开口语模考页面""}"
"2026-04-11","2026/4/11 00:02:08","plan.focus_selected","{""taskId"":""t-1775834293197-6ldu"",""taskTitle"":""口语1套""}"
"2026-04-11","2026/4/11 00:02:08","exec.micro_started","{""taskId"":""t-1775834293197-6ldu"",""sessionId"":""s-1775836928801-z3qf"",""taskTitle"":""口语1套"",""microAction"":""打开口语模考页面""}"
"2026-04-11","2026/4/11 00:02:08","session.started","{""taskId"":""t-1775834293197-6ldu"",""sessionId"":""s-1775836928801-z3qf"",""taskTitle"":""口语1套""}"
"2026-04-11","2026/4/11 00:02:08","plan.brain_dump","{""tasks"":[{""id"":""1775834254807-dbsb"",""title"":""主题词汇""},{""id"":""t-1775834273727-pi6n"",""title"":""日语单词""},{""id"":""t-1775834293197-6ldu"",""title"":""口语1套""}],""taskCount"":3}"
"2026-04-11","2026/4/11 00:22:26","exec.micro_completed","{""taskId"":""t-1775834293197-6ldu"",""sessionId"":""s-1775836928801-z3qf"",""taskTitle"":""口语1套"",""microAction"":""打开口语模考页面"",""actualSeconds"":1218}"
"2026-04-11","2026/4/11 00:32:55","session.ended","{""taskId"":""t-1775834293197-6ldu"",""endReason"":""task_done"",""sessionId"":""s-1775836928801-z3qf"",""taskTitle"":""口语1套"",""completedMicroSteps"":1,""totalDurationSeconds"":1846}"
"2026-04-11","2026/4/11 00:32:55","session.macro_completed","{""taskId"":""t-1775834293197-6ldu"",""taskTitle"":""口语1套"",""completedVia"":""flow""}"
"2026-04-11","2026/4/11 00:32:55","exec.flow_ended","{""taskId"":""t-1775834293197-6ldu"",""endReason"":""task_done"",""sessionId"":""s-1775836928801-z3qf"",""taskTitle"":""口语1套"",""flowDurationSeconds"":628}"
"2026-04-11","2026/4/11 00:33:48","plan.focus_selected","{""taskId"":""t-1775838817672-ryms"",""taskTitle"":""修改邮件写作""}"
"2026-04-11","2026/4/11 00:33:48","exec.micro_started","{""taskId"":""t-1775838817672-ryms"",""sessionId"":""s-1775838828576-am7b"",""taskTitle"":""修改邮件写作"",""microAction"":""打开写作文档""}"
"2026-04-11","2026/4/11 00:33:48","session.started","{""taskId"":""t-1775838817672-ryms"",""sessionId"":""s-1775838828576-am7b"",""taskTitle"":""修改邮件写作""}"
"2026-04-11","2026/4/11 00:33:48","plan.brain_dump","{""tasks"":[{""id"":""1775834254807-dbsb"",""title"":""主题词汇""},{""id"":""t-1775834273727-pi6n"",""title"":""日语单词""},{""id"":""t-1775838817672-ryms"",""title"":""修改邮件写作""}],""taskCount"":3}"
"2026-04-11","2026/4/11 00:33:48","plan.first_micro","{""source"":""self"",""taskId"":""t-1775838817672-ryms"",""taskTitle"":""修改邮件写作"",""microAction"":""打开写作文档""}"
"2026-04-11","2026/4/11 00:34:00","exec.micro_completed","{""taskId"":""t-1775838817672-ryms"",""sessionId"":""s-1775838828576-am7b"",""taskTitle"":""修改邮件写作"",""microAction"":""打开写作文档"",""actualSeconds"":11}"
"2026-04-11","2026/4/11 00:45:44","session.ended","{""taskId"":""t-1775838817672-ryms"",""endReason"":""task_done"",""sessionId"":""s-1775838828576-am7b"",""taskTitle"":""修改邮件写作"",""completedMicroSteps"":1,""totalDurationSeconds"":715}"
"2026-04-11","2026/4/11 00:45:44","session.macro_completed","{""taskId"":""t-1775838817672-ryms"",""taskTitle"":""修改邮件写作"",""completedVia"":""flow""}"
"2026-04-11","2026/4/11 00:45:44","exec.flow_ended","{""taskId"":""t-1775838817672-ryms"",""endReason"":""task_done"",""sessionId"":""s-1775838828576-am7b"",""taskTitle"":""修改邮件写作"",""flowDurationSeconds"":704}"
"2026-04-11","2026/4/11 02:18:04","plan.first_micro","{""source"":""self"",""taskId"":""1775834254807-dbsb"",""taskTitle"":""主题词汇"",""microAction"":""发给豆包朗读""}"
"2026-04-11","2026/4/11 02:18:04","exec.micro_started","{""taskId"":""1775834254807-dbsb"",""sessionId"":""s-1775845084246-gq4t"",""taskTitle"":""主题词汇"",""microAction"":""发给豆包朗读""}"
"2026-04-11","2026/4/11 02:18:04","session.started","{""taskId"":""1775834254807-dbsb"",""sessionId"":""s-1775845084246-gq4t"",""taskTitle"":""主题词汇""}"
"2026-04-11","2026/4/11 02:18:04","plan.brain_dump","{""tasks"":[{""id"":""1775834254807-dbsb"",""title"":""主题词汇""},{""id"":""t-1775834273727-pi6n"",""title"":""日语单词""}],""taskCount"":2}"
"2026-04-11","2026/4/11 02:18:04","plan.focus_selected","{""taskId"":""1775834254807-dbsb"",""taskTitle"":""主题词汇""}"
"2026-04-11","2026/4/11 02:18:06","exec.micro_completed","{""taskId"":""1775834254807-dbsb"",""sessionId"":""s-1775845084246-gq4t"",""taskTitle"":""主题词汇"",""microAction"":""发给豆包朗读"",""actualSeconds"":2}"
"2026-04-11","2026/4/11 20:26:55","session.macro_completed","{""taskId"":""1775834254807-dbsb"",""taskTitle"":""主题词汇"",""completedVia"":""flow""}"
"2026-04-11","2026/4/11 20:26:55","exec.flow_ended","{""taskId"":""1775834254807-dbsb"",""endReason"":""task_done"",""sessionId"":""s-1775845084246-gq4t"",""taskTitle"":""主题词汇"",""flowDurationSeconds"":65328}"
"2026-04-11","2026/4/11 20:26:55","session.ended","{""taskId"":""1775834254807-dbsb"",""endReason"":""task_done"",""sessionId"":""s-1775845084246-gq4t"",""taskTitle"":""主题词汇"",""completedMicroSteps"":1,""totalDurationSeconds"":65330}"
"2026-04-11","2026/4/11 20:26:58","mode.widget_expanded","{}"
"2026-04-11","2026/4/11 20:27:00","nav.date_changed","{""to"":""2026-04-09"",""from"":""2026-04-10"",""method"":""arrow""}"
"2026-04-11","2026/4/11 20:27:03","nav.date_changed","{""to"":""2026-04-10"",""from"":""2026-04-09"",""method"":""arrow""}"
"2026-04-11","2026/4/11 20:27:08","memory.opened","{}"
"2026-04-11","2026/4/11 20:27:12","nav.date_changed","{""to"":""2026-04-09"",""from"":""2026-04-10"",""method"":""arrow""}"
"2026-04-11","2026/4/11 20:27:22","mode.widget_entered","{}"
"2026-04-11","2026/4/11 20:27:23","mode.widget_expanded","{}"
"2026-04-11","2026/4/11 20:28:27","nav.date_changed","{""to"":""2026-04-10"",""from"":""2026-04-11"",""method"":""arrow""}"
"2026-04-11","2026/4/11 20:28:30","reflect.opened","{""date"":""2026-04-11"",""mode"":""day""}"
"2026-04-11","2026/4/11 20:32:13","reflect.closed","{""date"":""2026-04-11"",""mode"":""day"",""hadChat"":false,""durationMs"":223639,""hadEndedProperly"":false}"
"2026-04-11","2026/4/11 20:32:30","task.carried_over","{""taskIds"":[""t-1775834273727-pi6n""],""fromDate"":""2026-04-10""}"
"2026-04-11","2026/4/11 20:32:30","task.carried_over","{""taskIds"":[""1775664627732-4fkm""],""fromDate"":""2026-04-09""}"
"2026-04-11","2026/4/11 20:32:34","task.edited","{""field"":""title"",""taskId"":""1775910750827-soqv""}"
"2026-04-11","2026/4/11 20:33:08","task.created","{""title"":""重做口语（一套"",""source"":""editor"",""taskId"":""t-1775910788206-g9t9""}"
"2026-04-11","2026/4/11 20:33:31","task.created","{""title"":""写作一套"",""source"":""editor"",""taskId"":""t-1775910811645-q4el""}"
"2026-04-11","2026/4/11 20:33:32","mode.widget_entered","{}"
"2026-04-11","2026/4/11 20:33:37","mode.widget_expanded","{}"
"2026-04-11","2026/4/11 20:33:40","task.reordered","{""taskId"":""t-1775910788206-g9t9"",""toIndex"":0,""fromIndex"":2}"
"2026-04-11","2026/4/11 20:33:43","task.reordered","{""taskId"":""1775910750827-soqv"",""toIndex"":2,""fromIndex"":1}"
"2026-04-11","2026/4/11 20:33:45","task.reordered","{""taskId"":""t-1775910811645-q4el"",""toIndex"":0,""fromIndex"":3}"
"2026-04-11","2026/4/11 20:34:07","task.created","{""title"":""老托听力"",""source"":""editor"",""taskId"":""t-1775910847485-eor0""}"
"2026-04-11","2026/4/11 20:34:10","task.reordered","{""taskId"":""t-1775910847485-eor0"",""toIndex"":0,""fromIndex"":4}"
"2026-04-11","2026/4/11 20:34:14","task.reordered","{""taskId"":""t-1775910847485-eor0"",""toIndex"":1,""fromIndex"":0}"
"2026-04-11","2026/4/11 20:34:17","mode.widget_entered","{}"
"2026-04-11","2026/4/11 21:13:30","plan.focus_selected","{""taskId"":""t-1775910811645-q4el"",""taskTitle"":""写作一套""}"
"2026-04-11","2026/4/11 21:13:30","exec.micro_started","{""taskId"":""t-1775910811645-q4el"",""sessionId"":""s-1775913210591-kesr"",""taskTitle"":""写作一套"",""microAction"":""打开匹克选一套""}"
"2026-04-11","2026/4/11 21:13:30","session.started","{""taskId"":""t-1775910811645-q4el"",""sessionId"":""s-1775913210591-kesr"",""taskTitle"":""写作一套""}"
"2026-04-11","2026/4/11 21:13:30","plan.brain_dump","{""tasks"":[{""id"":""t-1775910811645-q4el"",""title"":""写作一套""},{""id"":""t-1775910847485-eor0"",""title"":""老托听力""},{""id"":""t-1775910788206-g9t9"",""title"":""重做口语（一套""},{""id"":""1775910750835-rt1g"",""title"":""主题词汇""},{""id"":""1775910750827-soqv"",""title"":""日语N4单词""}],""taskCount"":5}"
"2026-04-11","2026/4/11 21:13:30","plan.first_micro","{""source"":""self"",""taskId"":""t-1775910811645-q4el"",""taskTitle"":""写作一套"",""microAction"":""打开匹克选一套""}"
"2026-04-11","2026/4/11 21:15:02","exec.micro_completed","{""taskId"":""t-1775910811645-q4el"",""sessionId"":""s-1775913210591-kesr"",""taskTitle"":""写作一套"",""microAction"":""打开匹克选一套"",""actualSeconds"":92}"
"2026-04-11","2026/4/11 21:45:00","session.started","{""source"":""manual"",""taskId"":""t-1775910788206-g9t9"",""sessionId"":""1775916241872-rep21o"",""taskTitle"":""重做口语（一套""}"
"2026-04-11","2026/4/11 21:45:00","exec.flow_ended","{""taskId"":""t-1775910811645-q4el"",""endReason"":""task_done"",""sessionId"":""s-1775913210591-kesr"",""taskTitle"":""写作一套"",""flowDurationSeconds"":1797}"
"2026-04-11","2026/4/11 21:45:00","session.macro_completed","{""taskId"":""t-1775910811645-q4el"",""taskTitle"":""写作一套"",""completedVia"":""flow""}"
"2026-04-11","2026/4/11 21:45:00","session.ended","{""taskId"":""t-1775910811645-q4el"",""endReason"":""task_done"",""sessionId"":""s-1775913210591-kesr"",""taskTitle"":""写作一套"",""completedMicroSteps"":1,""totalDurationSeconds"":1889}"
"2026-04-11","2026/4/11 22:00:00","session.ended","{""source"":""manual"",""taskId"":""t-1775910788206-g9t9"",""endReason"":""manual_entry"",""sessionId"":""1775916241872-rep21o"",""taskTitle"":""重做口语（一套"",""completedMicroSteps"":0,""totalDurationSeconds"":900}"
"2026-04-11","2026/4/11 22:03:08","mode.widget_expanded","{}"
"2026-04-11","2026/4/11 22:03:15","nav.date_changed","{""to"":""2026-04-10"",""from"":""2026-04-11"",""method"":""arrow""}"
"2026-04-11","2026/4/11 22:03:21","reflect.opened","{""date"":""2026-04-11"",""mode"":""day""}"
"2026-04-11","2026/4/11 22:04:01","manual.time_added","{""date"":""2026-04-11"",""entryCount"":2}"
"2026-04-11","2026/4/11 22:04:21","reflect.closed","{""date"":""2026-04-11"",""mode"":""day"",""hadChat"":false,""durationMs"":59841,""hadEndedProperly"":false}"
"2026-04-11","2026/4/11 22:04:24","app.quit","{}"
"2026-04-11","2026/4/11 22:12:26","app.launched","{}"
"2026-04-11","2026/4/11 22:12:31","mode.widget_entered","{}"
"2026-04-11","2026/4/11 22:12:31","plan.focus_selected","{""taskId"":""t-1775910847485-eor0"",""taskTitle"":""老托听力""}"
"2026-04-11","2026/4/11 22:12:31","plan.brain_dump","{""tasks"":[{""id"":""t-1775910847485-eor0"",""title"":""老托听力""},{""id"":""1775910750835-rt1g"",""title"":""主题词汇""},{""id"":""1775910750827-soqv"",""title"":""日语N4单词""}],""taskCount"":3}"
"2026-04-11","2026/4/11 22:12:43","plan.focus_selected","{""taskId"":""t-1775910847485-eor0"",""taskTitle"":""老托听力""}"
"2026-04-11","2026/4/11 22:12:43","exec.micro_started","{""taskId"":""t-1775910847485-eor0"",""sessionId"":""s-1775916763504-y4v6"",""taskTitle"":""老托听力"",""microAction"":""打开小站托福""}"
"2026-04-11","2026/4/11 22:12:43","session.started","{""taskId"":""t-1775910847485-eor0"",""sessionId"":""s-1775916763504-y4v6"",""taskTitle"":""老托听力""}"
"2026-04-11","2026/4/11 22:12:43","plan.brain_dump","{""tasks"":[{""id"":""t-1775910847485-eor0"",""title"":""老托听力""},{""id"":""1775910750835-rt1g"",""title"":""主题词汇""},{""id"":""1775910750827-soqv"",""title"":""日语N4单词""}],""taskCount"":3}"
"2026-04-11","2026/4/11 22:12:43","plan.first_micro","{""source"":""self"",""taskId"":""t-1775910847485-eor0"",""taskTitle"":""老托听力"",""microAction"":""打开小站托福""}"
"2026-04-11","2026/4/11 22:12:46","exec.micro_completed","{""taskId"":""t-1775910847485-eor0"",""sessionId"":""s-1775916763504-y4v6"",""taskTitle"":""老托听力"",""microAction"":""打开小站托福"",""actualSeconds"":2}"
"2026-04-12","2026/4/12 00:14:30","session.macro_completed","{""taskId"":""t-1775910847485-eor0"",""taskTitle"":""老托听力"",""completedVia"":""flow""}"
"2026-04-12","2026/4/12 00:14:30","session.ended","{""taskId"":""t-1775910847485-eor0"",""endReason"":""task_done"",""sessionId"":""s-1775916763504-y4v6"",""taskTitle"":""老托听力"",""completedMicroSteps"":1,""totalDurationSeconds"":7307}"
"2026-04-12","2026/4/12 00:14:30","exec.flow_ended","{""taskId"":""t-1775910847485-eor0"",""endReason"":""task_done"",""sessionId"":""s-1775916763504-y4v6"",""taskTitle"":""老托听力"",""flowDurationSeconds"":7304}"
"2026-04-12","2026/4/12 01:09:23","exec.micro_started","{""taskId"":""1775910750835-rt1g"",""sessionId"":""s-1775927363637-h0tp"",""taskTitle"":""主题词汇"",""microAction"":""发给豆包朗读""}"
"2026-04-12","2026/4/12 01:09:23","plan.focus_selected","{""taskId"":""1775910750835-rt1g"",""taskTitle"":""主题词汇""}"
"2026-04-12","2026/4/12 01:09:23","plan.first_micro","{""source"":""self"",""taskId"":""1775910750835-rt1g"",""taskTitle"":""主题词汇"",""microAction"":""发给豆包朗读""}"
"2026-04-12","2026/4/12 01:09:23","session.started","{""taskId"":""1775910750835-rt1g"",""sessionId"":""s-1775927363637-h0tp"",""taskTitle"":""主题词汇""}"
"2026-04-12","2026/4/12 01:09:23","plan.brain_dump","{""tasks"":[{""id"":""1775910750835-rt1g"",""title"":""主题词汇""},{""id"":""1775910750827-soqv"",""title"":""日语N4单词""}],""taskCount"":2}"
"2026-04-12","2026/4/12 01:09:26","exec.micro_completed","{""taskId"":""1775910750835-rt1g"",""sessionId"":""s-1775927363637-h0tp"",""taskTitle"":""主题词汇"",""microAction"":""发给豆包朗读"",""actualSeconds"":2}"
"2026-04-12","2026/4/12 16:28:27","auth.logout","{}"
"2026-04-12","2026/4/12 16:30:30","auth.login","{}"
"2026-04-12","2026/4/12 16:30:32","nav.date_changed","{""to"":""2026-04-11"",""from"":""2026-04-12"",""method"":""arrow""}"
"2026-04-12","2026/4/12 16:30:35","reflect.opened","{""date"":""2026-04-12"",""mode"":""day""}"
"2026-04-12","2026/4/12 16:30:35","reflect.closed","{""date"":""2026-04-12"",""mode"":""day"",""hadChat"":true,""durationMs"":4,""hadEndedProperly"":false}"
"2026-04-12","2026/4/12 16:30:35","reflect.opened","{""date"":""2026-04-12"",""mode"":""day""}"
"2026-04-12","2026/4/12 16:30:48","reflect.ended","{""date"":""2026-04-04"",""mode"":""daily"",""durationMs"":1739,""messageCount"":1}"
"2026-04-12","2026/4/12 16:30:48","daily.leftovers","{""totalCount"":0,""leftoverTasks"":[]}"
"2026-04-12","2026/4/12 16:30:48","reflect.closed","{""date"":""2026-04-12"",""mode"":""day"",""hadChat"":true,""durationMs"":13104,""hadEndedProperly"":true}"
"2026-04-12","2026/4/12 16:30:49","app.quit","{}"
"2026-04-12","2026/4/12 16:31:42","app.launched","{}"
"2026-04-12","2026/4/12 16:32:29","reflect.opened","{""date"":""2026-04-12"",""mode"":""day""}"
"2026-04-12","2026/4/12 16:32:29","reflect.closed","{""date"":""2026-04-12"",""mode"":""day"",""hadChat"":true,""durationMs"":4,""hadEndedProperly"":false}"
"2026-04-12","2026/4/12 16:32:29","reflect.opened","{""date"":""2026-04-12"",""mode"":""day""}"
"2026-04-12","2026/4/12 16:46:46","auth.login","{}"
"2026-04-12","2026/4/12 16:46:49","nav.date_changed","{""to"":""2026-04-11"",""from"":""2026-04-12"",""method"":""arrow""}"
"2026-04-12","2026/4/12 16:46:50","nav.date_changed","{""to"":""2026-04-10"",""from"":""2026-04-11"",""method"":""arrow""}"
"2026-04-12","2026/4/12 16:46:51","nav.date_changed","{""to"":""2026-04-09"",""from"":""2026-04-10"",""method"":""arrow""}"
"2026-04-12","2026/4/12 16:46:52","nav.date_changed","{""to"":""2026-04-08"",""from"":""2026-04-09"",""method"":""arrow""}"
"2026-04-12","2026/4/12 16:46:52","nav.date_changed","{""to"":""2026-04-07"",""from"":""2026-04-08"",""method"":""arrow""}"
"2026-04-12","2026/4/12 16:46:53","nav.date_changed","{""to"":""2026-04-06"",""from"":""2026-04-07"",""method"":""arrow""}"
"2026-04-12","2026/4/12 16:46:54","nav.date_changed","{""to"":""2026-04-05"",""from"":""2026-04-06"",""method"":""arrow""}"
"2026-04-12","2026/4/12 16:46:56","reflect.opened","{""date"":""2026-04-12"",""mode"":""day""}"
"2026-04-12","2026/4/12 23:10:26","exec.flow_ended","{""taskId"":""1775910750835-rt1g"",""endReason"":""task_done"",""sessionId"":""s-1775927363637-h0tp"",""taskTitle"":""主题词汇"",""flowDurationSeconds"":79260}"
"2026-04-12","2026/4/12 23:10:26","session.macro_completed","{""taskId"":""1775910750835-rt1g"",""taskTitle"":""主题词汇"",""completedVia"":""flow""}"
"2026-04-12","2026/4/12 23:10:26","session.ended","{""taskId"":""1775910750835-rt1g"",""endReason"":""task_done"",""sessionId"":""s-1775927363637-h0tp"",""taskTitle"":""主题词汇"",""completedMicroSteps"":1,""totalDurationSeconds"":79263}"
"2026-04-12","2026/4/12 23:10:31","mode.widget_expanded","{}"
"2026-04-12","2026/4/12 23:10:33","nav.date_changed","{""to"":""2026-04-12"",""from"":""2026-04-11"",""method"":""today""}"
"2026-04-12","2026/4/12 23:10:55","task.created","{""title"":""听力1套"",""source"":""editor"",""taskId"":""t-1776006655739-dy01""}"
"2026-04-12","2026/4/12 23:11:05","task.created","{""title"":""主题词汇2"",""source"":""editor"",""taskId"":""t-1776006665584-n9ve""}"
"2026-04-12","2026/4/12 23:11:16","task.created","{""title"":""N3听力读一套"",""source"":""editor"",""taskId"":""t-1776006676553-84hj""}"
"2026-04-12","2026/4/12 23:11:47","mode.widget_entered","{}"
"2026-04-12","2026/4/12 23:11:48","mode.widget_expanded","{}"
"2026-04-12","2026/4/12 23:11:49","nav.date_changed","{""to"":""2026-04-11"",""from"":""2026-04-12"",""method"":""arrow""}"
"2026-04-12","2026/4/12 23:11:50","nav.date_changed","{""to"":""2026-04-12"",""from"":""2026-04-11"",""method"":""arrow""}"
"2026-04-12","2026/4/12 23:11:51","nav.date_changed","{""to"":""2026-04-11"",""from"":""2026-04-12"",""method"":""arrow""}"
"2026-04-12","2026/4/12 23:11:52","nav.date_changed","{""to"":""2026-04-12"",""from"":""2026-04-11"",""method"":""arrow""}"
"2026-04-12","2026/4/12 23:12:00","task.created","{""title"":""日语N4单词"",""source"":""editor"",""taskId"":""t-1776006720482-q7dq""}"
"2026-04-12","2026/4/12 23:12:17","mode.widget_entered","{}"
"2026-04-13","2026/4/13 00:30:00","session.started","{""source"":""manual"",""taskId"":""1776016681768-rtr083"",""sessionId"":""1776016681768-z9pzo2"",""taskTitle"":""听力一套""}"
"2026-04-13","2026/4/13 00:47:24","mode.widget_expanded","{}"
"2026-04-13","2026/4/13 00:47:25","reflect.opened","{""date"":""2026-04-13"",""mode"":""day""}"
"2026-04-13","2026/4/13 01:00:00","session.ended","{""source"":""manual"",""taskId"":""1776016681768-rtr083"",""endReason"":""manual_entry"",""sessionId"":""1776016681768-z9pzo2"",""taskTitle"":""听力一套"",""completedMicroSteps"":0,""totalDurationSeconds"":1800}"
"2026-04-13","2026/4/13 01:58:01","manual.time_added","{""date"":""2026-04-13"",""entryCount"":2}"
"2026-04-13","2026/4/13 01:58:07","reflect.closed","{""date"":""2026-04-13"",""mode"":""day"",""hadChat"":false,""durationMs"":4241607,""hadEndedProperly"":false}"
"2026-04-13","2026/4/13 01:58:08","nav.date_changed","{""to"":""2026-04-12"",""from"":""2026-04-13"",""method"":""arrow""}"
"2026-04-13","2026/4/13 01:58:13","task.deleted","{""taskId"":""t-1776006655739-dy01""}"
"2026-04-13","2026/4/13 01:58:26","nav.date_changed","{""to"":""2026-04-12"",""from"":""2026-04-13"",""method"":""arrow""}"
"2026-04-13","2026/4/13 01:58:27","reflect.opened","{""date"":""2026-04-13"",""mode"":""day""}"
"2026-04-13","2026/4/13 01:58:32","reflect.chat_opened","{""date"":""2026-04-13"",""mode"":""day""}"
"2026-04-13","2026/4/13 01:58:53","reflect.message_sent","{""date"":""2026-04-13"",""mode"":""daily"",""charCount"":5,""messageIndex"":0}"
"2026-04-13","2026/4/13 02:00:36","daily.leftovers","{""totalCount"":0,""leftoverTasks"":[]}"
"2026-04-13","2026/4/13 02:00:36","reflect.ended","{""date"":""2026-04-13"",""mode"":""daily"",""durationMs"":128351,""messageCount"":3}"
"2026-04-13","2026/4/13 02:00:37","reflect.closed","{""date"":""2026-04-13"",""mode"":""day"",""hadChat"":true,""durationMs"":130083,""hadEndedProperly"":true}"
"2026-04-13","2026/4/13 02:00:43","app.quit","{}"
"2026-04-13","2026/4/13 02:01:21","app.launched","{}"
"2026-04-13","2026/4/13 02:01:23","nav.date_changed","{""to"":""2026-04-12"",""from"":""2026-04-13"",""method"":""arrow""}"
"2026-04-13","2026/4/13 02:01:28","nav.date_changed","{""to"":""2026-04-13"",""from"":""2026-04-12"",""method"":""arrow""}"
"2026-04-13","2026/4/13 02:01:32","task.carried_over","{""taskIds"":[""t-1776006665584-n9ve"",""t-1776006676553-84hj"",""t-1776006720482-q7dq""],""fromDate"":""2026-04-12""}"
"2026-04-13","2026/4/13 02:01:33","plan.brain_dump","{""tasks"":[{""id"":""1776016892003-i9bq"",""title"":""主题词汇2""},{""id"":""1776016892003-02e9"",""title"":""N3听力读一套""},{""id"":""1776016892003-8x7k"",""title"":""日语N4单词""}],""taskCount"":3}"
"2026-04-13","2026/4/13 02:01:33","plan.focus_selected","{""taskId"":""1776016892003-i9bq"",""taskTitle"":""主题词汇2""}"
"2026-04-13","2026/4/13 02:01:33","mode.widget_entered","{}"
"2026-04-13","2026/4/13 02:01:43","exec.micro_started","{""taskId"":""1776016892003-i9bq"",""sessionId"":""s-1776016903901-7p2y"",""taskTitle"":""主题词汇2"",""microAction"":""发给豆包朗读""}"
"2026-04-13","2026/4/13 02:01:43","plan.brain_dump","{""tasks"":[{""id"":""1776016892003-i9bq"",""title"":""主题词汇2""},{""id"":""1776016892003-02e9"",""title"":""N3听力读一套""},{""id"":""1776016892003-8x7k"",""title"":""日语N4单词""}],""taskCount"":3}"
"2026-04-13","2026/4/13 02:01:43","plan.focus_selected","{""taskId"":""1776016892003-i9bq"",""taskTitle"":""主题词汇2""}"
"2026-04-13","2026/4/13 02:01:43","plan.first_micro","{""source"":""self"",""taskId"":""1776016892003-i9bq"",""taskTitle"":""主题词汇2"",""microAction"":""发给豆包朗读""}"
"2026-04-13","2026/4/13 02:01:43","session.started","{""taskId"":""1776016892003-i9bq"",""sessionId"":""s-1776016903901-7p2y"",""taskTitle"":""主题词汇2""}"
"2026-04-13","2026/4/13 02:01:45","exec.micro_completed","{""taskId"":""1776016892003-i9bq"",""sessionId"":""s-1776016903901-7p2y"",""taskTitle"":""主题词汇2"",""microAction"":""发给豆包朗读"",""actualSeconds"":1}"
"2026-04-13","2026/4/13 02:24:03","exec.flow_ended","{""taskId"":""1776016892003-i9bq"",""endReason"":""task_done"",""sessionId"":""s-1776016903901-7p2y"",""taskTitle"":""主题词汇2"",""flowDurationSeconds"":1337}"
"2026-04-13","2026/4/13 02:24:03","session.macro_completed","{""taskId"":""1776016892003-i9bq"",""taskTitle"":""主题词汇2"",""completedVia"":""flow""}"
"2026-04-13","2026/4/13 02:24:03","session.ended","{""taskId"":""1776016892003-i9bq"",""endReason"":""task_done"",""sessionId"":""s-1776016903901-7p2y"",""taskTitle"":""主题词汇2"",""completedMicroSteps"":1,""totalDurationSeconds"":1339}"
"2026-04-13","2026/4/13 21:15:14","auth.login","{}"
"2026-04-13","2026/4/13 21:15:17","nav.date_changed","{""to"":""2026-04-12"",""from"":""2026-04-13"",""method"":""arrow""}"
"2026-04-13","2026/4/13 21:15:19","nav.date_changed","{""to"":""2026-04-13"",""from"":""2026-04-12"",""method"":""arrow""}"
"2026-04-13","2026/4/13 21:15:52","nav.date_changed","{""to"":""2026-04-12"",""from"":""2026-04-13"",""method"":""arrow""}"
"2026-04-13","2026/4/13 21:15:54","nav.date_changed","{""to"":""2026-04-13"",""from"":""2026-04-12"",""method"":""arrow""}"
"2026-04-13","2026/4/13 21:15:55","nav.date_changed","{""to"":""2026-04-12"",""from"":""2026-04-13"",""method"":""arrow""}"
"2026-04-13","2026/4/13 21:15:57","nav.date_changed","{""to"":""2026-04-13"",""from"":""2026-04-12"",""method"":""arrow""}"
"2026-04-13","2026/4/13 21:16:03","task.created","{""title"":""主题词汇2"",""source"":""editor"",""taskId"":""t-1776086163788-bxve""}"
"2026-04-13","2026/4/13 21:16:07","mode.widget_entered","{}"
"2026-04-13","2026/4/13 21:16:20","mode.widget_expanded","{}"
"2026-04-13","2026/4/13 21:16:22","task.reordered","{""taskId"":""t-1776086163788-bxve"",""toIndex"":0,""fromIndex"":2}"
"2026-04-13","2026/4/13 21:17:02","task.created","{""title"":""口语"",""source"":""editor"",""taskId"":""t-1776086222290-4xmf""}"
"2026-04-13","2026/4/13 21:17:36","task.reordered","{""taskId"":""t-1776086222290-4xmf"",""toIndex"":0,""fromIndex"":3}"
"2026-04-13","2026/4/13 21:17:54","task.created","{""title"":""老托听力"",""source"":""editor"",""taskId"":""t-1776086274393-kmq0""}"
"2026-04-13","2026/4/13 21:18:00","task.edited","{""field"":""title"",""taskId"":""t-1776086274393-kmq0""}"
"2026-04-13","2026/4/13 21:18:40","task.reordered","{""taskId"":""t-1776086274393-kmq0"",""toIndex"":1,""fromIndex"":4}"
"2026-04-13","2026/4/13 21:18:46","task.reordered","{""taskId"":""t-1776086163788-bxve"",""toIndex"":3,""fromIndex"":2}"
"2026-04-13","2026/4/13 21:18:52","mode.widget_entered","{}"
"2026-04-13","2026/4/13 21:23:36","mode.widget_expanded","{}"
"2026-04-13","2026/4/13 21:23:48","task.created","{""title"":""学术讨论修改"",""source"":""editor"",""taskId"":""t-1776086628044-7pxp""}"
"2026-04-13","2026/4/13 21:23:53","task.reordered","{""taskId"":""t-1776086628044-7pxp"",""toIndex"":2,""fromIndex"":5}"
"2026-04-13","2026/4/13 21:23:59","task.edited","{""field"":""title"",""taskId"":""t-1776086222290-4xmf""}"
"2026-04-13","2026/4/13 21:24:22","mode.widget_entered","{}"
"2026-04-13","2026/4/13 21:43:54","mode.widget_expanded","{}"
"2026-04-13","2026/4/13 21:43:56","task.reordered","{""taskId"":""t-1776086628044-7pxp"",""toIndex"":0,""fromIndex"":2}"
"2026-04-13","2026/4/13 21:45:06","plan.brain_dump","{""tasks"":[{""id"":""t-1776086628044-7pxp"",""title"":""学术讨论修改""},{""id"":""t-1776086222290-4xmf"",""title"":""口语第三遍""},{""id"":""t-1776086274393-kmq0"",""title"":""老托阅读""},{""id"":""1776016892003-02e9"",""title"":""N3听力读一套""},{""id"":""t-1776086163788-bxve"",""title"":""主题词汇2""},{""id"":""1776016892003-8x7k"",""title"":""日语N4单词""}],""taskCount"":6}"
"2026-04-13","2026/4/13 21:45:06","plan.focus_selected","{""taskId"":""t-1776086628044-7pxp"",""taskTitle"":""学术讨论修改""}"
"2026-04-13","2026/4/13 21:45:06","mode.widget_entered","{}"
"2026-04-13","2026/4/13 21:45:08","plan.first_micro","{""source"":""ai_chip"",""taskId"":""t-1776086628044-7pxp"",""taskTitle"":""学术讨论修改"",""microAction"":""点开学术讨论文档""}"
"2026-04-13","2026/4/13 21:45:08","exec.micro_started","{""taskId"":""t-1776086628044-7pxp"",""sessionId"":""s-1776087908057-taxp"",""taskTitle"":""学术讨论修改"",""microAction"":""点开学术讨论文档""}"
"2026-04-13","2026/4/13 21:45:08","session.started","{""taskId"":""t-1776086628044-7pxp"",""sessionId"":""s-1776087908057-taxp"",""taskTitle"":""学术讨论修改""}"
"2026-04-13","2026/4/13 21:45:08","plan.brain_dump","{""tasks"":[{""id"":""t-1776086628044-7pxp"",""title"":""学术讨论修改""},{""id"":""t-1776086222290-4xmf"",""title"":""口语第三遍""},{""id"":""t-1776086274393-kmq0"",""title"":""老托阅读""},{""id"":""1776016892003-02e9"",""title"":""N3听力读一套""},{""id"":""t-1776086163788-bxve"",""title"":""主题词汇2""},{""id"":""1776016892003-8x7k"",""title"":""日语N4单词""}],""taskCount"":6}"
"2026-04-13","2026/4/13 21:45:08","plan.focus_selected","{""taskId"":""t-1776086628044-7pxp"",""taskTitle"":""学术讨论修改""}"
"2026-04-13","2026/4/13 21:45:11","exec.micro_completed","{""taskId"":""t-1776086628044-7pxp"",""sessionId"":""s-1776087908057-taxp"",""taskTitle"":""学术讨论修改"",""microAction"":""点开学术讨论文档"",""actualSeconds"":2}"
"2026-04-13","2026/4/13 22:10:22","stuck.triggered","{""taskId"":""t-1776086628044-7pxp"",""sessionId"":""s-1776087908057-taxp"",""microAction"":""学术讨论修改"",""elapsedSeconds"":1514}"
"2026-04-13","2026/4/13 22:10:32","stuck.reason","{""reason"":""不确定去哪找需要的信息"",""taskId"":""t-1776086628044-7pxp"",""sessionId"":""s-1776087908057-taxp"",""microAction"":""学术讨论修改"",""reasonSource"":""common_chip""}"
"2026-04-13","2026/4/13 22:10:34","stuck.pivot_offered","{""taskId"":""t-1776086628044-7pxp"",""empathy"":""你可能是因为不知道该从哪些渠道找讨论修改的信息，才会陷入迷茫。"",""sessionId"":""s-1776087908057-taxp"",""pivotSuggestions"":[""先明确修改需要补充的核心方向？"",""问问导师或同学的参考资料渠道？""]}"
"2026-04-13","2026/4/13 22:10:34","stuck.reflection_shown","{""taskId"":""t-1776086628044-7pxp"",""sessionId"":""s-1776087908057-taxp"",""difficulty"":""不确定去哪找需要的信息"",""reflection"":""{\""interpret\"":\""你可能是因为不知道该从哪些渠道找讨论修改的信息，才会陷入迷茫。\"",\""hints\"":[\""先明确修改需要补充的核心方向？\"",\""问问导师或同学的参考资料渠道？\""],\""cheer\"":\""先迈出一小步就好啦\""}""}"
"2026-04-13","2026/4/13 22:10:38","stuck.hint_feedback_summary","{""taskId"":""t-1776086628044-7pxp"",""ratings"":[],""skipped"":true,""upCount"":0,""downCount"":0,""hintCount"":2,""sessionId"":""s-1776087908057-taxp"",""ratedCount"":0}"
"2026-04-13","2026/4/13 22:10:38","exec.micro_started","{""taskId"":""t-1776086628044-7pxp"",""sessionId"":""s-1776087908057-taxp"",""taskTitle"":""学术讨论修改"",""microAction"":""学术讨论修改""}"
"2026-04-13","2026/4/13 22:10:39","stuck.triggered","{""taskId"":""t-1776086628044-7pxp"",""sessionId"":""s-1776087908057-taxp"",""microAction"":""学术讨论修改"",""elapsedSeconds"":1531}"
"2026-04-13","2026/4/13 22:11:03","stuck.reason","{""reason"":""不知道这类主题的写作是否是一定需要科学依据"",""taskId"":""t-1776086628044-7pxp"",""sessionId"":""s-1776087908057-taxp"",""microAction"":""学术讨论修改"",""reasonSource"":""self""}"
"2026-04-13","2026/4/13 22:11:04","stuck.reflection_shown","{""taskId"":""t-1776086628044-7pxp"",""sessionId"":""s-1776087908057-taxp"",""difficulty"":""不知道这类主题的写作是否是一定需要科学依据"",""reflection"":""{\""interpret\"":\""你可能是不确定这类讨论的写作边界，纠结是否要严格遵循学术科学依据的要求。\"",\""hints\"":[\""先明确讨论的受众和要求来判断依据标准\"",\""可以先参考同主题的优秀学术讨论例文\""],\""cheer\"":\""先理清边界就会顺畅很多啦\""}""}"
"2026-04-13","2026/4/13 22:11:04","stuck.pivot_offered","{""taskId"":""t-1776086628044-7pxp"",""empathy"":""你可能是不确定这类讨论的写作边界，纠结是否要严格遵循学术科学依据的要求。"",""sessionId"":""s-1776087908057-taxp"",""pivotSuggestions"":[""先明确讨论的受众和要求来判断依据标准"",""可以先参考同主题的优秀学术讨论例文""]}"
"2026-04-13","2026/4/13 22:11:08","exec.micro_started","{""taskId"":""t-1776086628044-7pxp"",""sessionId"":""s-1776087908057-taxp"",""taskTitle"":""学术讨论修改"",""microAction"":""学术讨论修改""}"
"2026-04-13","2026/4/13 22:11:08","stuck.hint_feedback_summary","{""taskId"":""t-1776086628044-7pxp"",""ratings"":[],""skipped"":true,""upCount"":0,""downCount"":0,""hintCount"":2,""sessionId"":""s-1776087908057-taxp"",""ratedCount"":0}"
"2026-04-13","2026/4/13 22:13:41","stuck.triggered","{""taskId"":""t-1776086628044-7pxp"",""sessionId"":""s-1776087908057-taxp"",""microAction"":""学术讨论修改"",""elapsedSeconds"":1713}"
"2026-04-13","2026/4/13 22:13:43","stuck.reason","{""reason"":""总是被其他事情分心"",""taskId"":""t-1776086628044-7pxp"",""sessionId"":""s-1776087908057-taxp"",""microAction"":""学术讨论修改"",""reasonSource"":""common_chip""}"
"2026-04-13","2026/4/13 22:13:45","stuck.reflection_shown","{""taskId"":""t-1776086628044-7pxp"",""sessionId"":""s-1776087908057-taxp"",""difficulty"":""总是被其他事情分心"",""reflection"":""{\""interpret\"":\""可能是学术修改的目标不够明确，让你找不到切入点所以容易分心。\"",\""hints\"":[\""先明确这一段要修改的核心方向？\"",\""先关掉无关的网页专注一会儿？\""],\""cheer\"":\""慢慢来，先专注一小步就好\""}""}"
"2026-04-13","2026/4/13 22:13:45","stuck.pivot_offered","{""taskId"":""t-1776086628044-7pxp"",""empathy"":""可能是学术修改的目标不够明确，让你找不到切入点所以容易分心。"",""sessionId"":""s-1776087908057-taxp"",""pivotSuggestions"":[""先明确这一段要修改的核心方向？"",""先关掉无关的网页专注一会儿？""]}"
"2026-04-13","2026/4/13 22:13:50","stuck.hint_feedback_summary","{""taskId"":""t-1776086628044-7pxp"",""ratings"":[],""skipped"":true,""upCount"":0,""downCount"":0,""hintCount"":2,""sessionId"":""s-1776087908057-taxp"",""ratedCount"":0}"
"2026-04-13","2026/4/13 22:13:50","exec.micro_started","{""taskId"":""t-1776086628044-7pxp"",""sessionId"":""s-1776087908057-taxp"",""taskTitle"":""学术讨论修改"",""microAction"":""学术讨论修改""}"
"2026-04-13","2026/4/13 22:13:52","stuck.triggered","{""taskId"":""t-1776086628044-7pxp"",""sessionId"":""s-1776087908057-taxp"",""microAction"":""学术讨论修改"",""elapsedSeconds"":1724}"
"2026-04-13","2026/4/13 22:14:03","stuck.reason","{""reason"":""厌学  不想做"",""taskId"":""t-1776086628044-7pxp"",""sessionId"":""s-1776087908057-taxp"",""microAction"":""学术讨论修改"",""reasonSource"":""self""}"
"2026-04-13","2026/4/13 22:14:05","stuck.reflection_shown","{""taskId"":""t-1776086628044-7pxp"",""sessionId"":""s-1776087908057-taxp"",""difficulty"":""厌学  不想做"",""reflection"":""{\""interpret\"":\""可能是反复修改学术讨论的任务太磨人，让你产生了倦怠感。\"",\""hints\"":[\""先只改一处逻辑不通的地方？\"",\""先休息十分钟再回来做？\""],\""cheer\"":\""再坚持一小下就好啦\""}""}"
"2026-04-13","2026/4/13 22:14:05","stuck.pivot_offered","{""taskId"":""t-1776086628044-7pxp"",""empathy"":""可能是反复修改学术讨论的任务太磨人，让你产生了倦怠感。"",""sessionId"":""s-1776087908057-taxp"",""pivotSuggestions"":[""先只改一处逻辑不通的地方？"",""先休息十分钟再回来做？""]}"
"2026-04-13","2026/4/13 22:14:12","stuck.hint_feedback_summary","{""taskId"":""t-1776086628044-7pxp"",""ratings"":[],""skipped"":true,""upCount"":0,""downCount"":0,""hintCount"":2,""sessionId"":""s-1776087908057-taxp"",""ratedCount"":0}"
"2026-04-13","2026/4/13 22:14:12","exec.micro_started","{""taskId"":""t-1776086628044-7pxp"",""sessionId"":""s-1776087908057-taxp"",""taskTitle"":""学术讨论修改"",""microAction"":""学术讨论修改""}"
"2026-04-13","2026/4/13 22:46:52","session.ended","{""taskId"":""t-1776086628044-7pxp"",""endReason"":""task_done"",""sessionId"":""s-1776087908057-taxp"",""taskTitle"":""学术讨论修改"",""completedMicroSteps"":1,""totalDurationSeconds"":3704}"
"2026-04-13","2026/4/13 22:46:52","exec.flow_ended","{""taskId"":""t-1776086628044-7pxp"",""endReason"":""task_done"",""sessionId"":""s-1776087908057-taxp"",""taskTitle"":""学术讨论修改"",""flowDurationSeconds"":1960}"
"2026-04-13","2026/4/13 22:46:52","session.macro_completed","{""taskId"":""t-1776086628044-7pxp"",""taskTitle"":""学术讨论修改"",""completedVia"":""flow""}"
"2026-04-13","2026/4/13 23:07:55","mode.widget_expanded","{}"
"2026-04-13","2026/4/13 23:07:57","nav.date_changed","{""to"":""2026-04-12"",""from"":""2026-04-13"",""method"":""arrow""}"
"2026-04-13","2026/4/13 23:08:00","nav.date_changed","{""to"":""2026-04-11"",""from"":""2026-04-12"",""method"":""arrow""}"
"2026-04-13","2026/4/13 23:08:00","nav.date_changed","{""to"":""2026-04-10"",""from"":""2026-04-11"",""method"":""arrow""}"
"2026-04-13","2026/4/13 23:08:01","nav.date_changed","{""to"":""2026-04-09"",""from"":""2026-04-10"",""method"":""arrow""}"
"2026-04-13","2026/4/13 23:08:07","reflect.opened","{""date"":""2026-04-13"",""mode"":""day""}"
"2026-04-13","2026/4/13 23:08:21","reflect.closed","{""date"":""2026-04-13"",""mode"":""day"",""hadChat"":false,""durationMs"":14191,""hadEndedProperly"":false}"
"2026-04-13","2026/4/13 23:22:25","task.edited","{""field"":""title"",""taskId"":""t-1776086274393-kmq0""}"
"2026-04-13","2026/4/13 23:22:28","mode.widget_entered","{}"
"2026-04-13","2026/4/13 23:22:28","plan.focus_selected","{""taskId"":""t-1776086274393-kmq0"",""taskTitle"":""新托阅读""}"
"2026-04-13","2026/4/13 23:22:28","plan.brain_dump","{""tasks"":[{""id"":""t-1776086222290-4xmf"",""title"":""口语第三遍""},{""id"":""t-1776086274393-kmq0"",""title"":""新托阅读""},{""id"":""1776016892003-02e9"",""title"":""N3听力读一套""},{""id"":""t-1776086163788-bxve"",""title"":""主题词汇2""},{""id"":""1776016892003-8x7k"",""title"":""日语N4单词""}],""taskCount"":5}"
"2026-04-13","2026/4/13 23:22:36","plan.brain_dump","{""tasks"":[{""id"":""t-1776086222290-4xmf"",""title"":""口语第三遍""},{""id"":""t-1776086274393-kmq0"",""title"":""新托阅读""},{""id"":""1776016892003-02e9"",""title"":""N3听力读一套""},{""id"":""t-1776086163788-bxve"",""title"":""主题词汇2""},{""id"":""1776016892003-8x7k"",""title"":""日语N4单词""}],""taskCount"":5}"
"2026-04-13","2026/4/13 23:22:36","plan.focus_selected","{""taskId"":""t-1776086274393-kmq0"",""taskTitle"":""新托阅读""}"
"2026-04-13","2026/4/13 23:22:36","plan.first_micro","{""source"":""self"",""taskId"":""t-1776086274393-kmq0"",""taskTitle"":""新托阅读"",""microAction"":""打开匹克模考2""}"
"2026-04-13","2026/4/13 23:22:36","session.started","{""taskId"":""t-1776086274393-kmq0"",""sessionId"":""s-1776093756219-xrvc"",""taskTitle"":""新托阅读""}"
"2026-04-13","2026/4/13 23:22:36","exec.micro_started","{""taskId"":""t-1776086274393-kmq0"",""sessionId"":""s-1776093756219-xrvc"",""taskTitle"":""新托阅读"",""microAction"":""打开匹克模考2""}"
"2026-04-13","2026/4/13 23:22:38","exec.micro_completed","{""taskId"":""t-1776086274393-kmq0"",""sessionId"":""s-1776093756219-xrvc"",""taskTitle"":""新托阅读"",""microAction"":""打开匹克模考2"",""actualSeconds"":2}"
"2026-04-13","2026/4/13 23:24:45","session.macro_completed","{""taskId"":""t-1776086274393-kmq0"",""taskTitle"":""新托阅读"",""completedVia"":""flow""}"
"2026-04-13","2026/4/13 23:24:45","exec.flow_ended","{""taskId"":""t-1776086274393-kmq0"",""endReason"":""task_done"",""sessionId"":""s-1776093756219-xrvc"",""taskTitle"":""新托阅读"",""flowDurationSeconds"":126}"
"2026-04-13","2026/4/13 23:24:45","session.ended","{""taskId"":""t-1776086274393-kmq0"",""endReason"":""task_done"",""sessionId"":""s-1776093756219-xrvc"",""taskTitle"":""新托阅读"",""completedMicroSteps"":1,""totalDurationSeconds"":129}"
"2026-04-13","2026/4/13 23:33:40","plan.first_micro","{""source"":""ai_chip"",""taskId"":""t-1776086222290-4xmf"",""taskTitle"":""口语第三遍"",""microAction"":""打开口语模考页面""}"
"2026-04-13","2026/4/13 23:33:40","session.started","{""taskId"":""t-1776086222290-4xmf"",""sessionId"":""s-1776094420743-mrx2"",""taskTitle"":""口语第三遍""}"
"2026-04-13","2026/4/13 23:33:40","exec.micro_started","{""taskId"":""t-1776086222290-4xmf"",""sessionId"":""s-1776094420743-mrx2"",""taskTitle"":""口语第三遍"",""microAction"":""打开口语模考页面""}"
"2026-04-13","2026/4/13 23:33:40","plan.brain_dump","{""tasks"":[{""id"":""t-1776086222290-4xmf"",""title"":""口语第三遍""},{""id"":""1776016892003-02e9"",""title"":""N3听力读一套""},{""id"":""t-1776086163788-bxve"",""title"":""主题词汇2""},{""id"":""1776016892003-8x7k"",""title"":""日语N4单词""}],""taskCount"":4}"
"2026-04-13","2026/4/13 23:33:40","plan.focus_selected","{""taskId"":""t-1776086222290-4xmf"",""taskTitle"":""口语第三遍""}"
"2026-04-13","2026/4/13 23:34:29","exec.micro_completed","{""taskId"":""t-1776086222290-4xmf"",""sessionId"":""s-1776094420743-mrx2"",""taskTitle"":""口语第三遍"",""microAction"":""打开口语模考页面"",""actualSeconds"":48}"
"2026-04-13","2026/4/13 23:59:17","stuck.triggered","{""taskId"":""t-1776086222290-4xmf"",""sessionId"":""s-1776094420743-mrx2"",""microAction"":""口语第三遍"",""elapsedSeconds"":1537}"
"2026-04-13","2026/4/13 23:59:22","exec.micro_started","{""taskId"":""t-1776086222290-4xmf"",""sessionId"":""s-1776094420743-mrx2"",""taskTitle"":""口语第三遍"",""microAction"":""口语第三遍""}"
"2026-04-13","2026/4/13 23:59:22","session.paused","{""taskId"":""t-1776086222290-4xmf"",""sessionId"":""s-1776094420743-mrx2"",""taskTitle"":""口语第三遍"",""microAction"":""口语第三遍"",""elapsedSeconds"":1542,""completedMicroSteps"":1}"
"2026-04-14","2026/4/14 17:03:55","auth.login","{}"
"2026-04-14","2026/4/14 17:03:57","reflect.opened","{""date"":""2026-04-14"",""mode"":""day""}"
"2026-04-14","2026/4/14 17:04:03","reflect.chat_opened","{""date"":""2026-04-14"",""mode"":""day""}"
"2026-04-14","2026/4/14 17:04:07","reflect.chat_opened","{""date"":""2026-04-14"",""mode"":""day""}"
"2026-04-14","2026/4/14 17:04:10","reflect.chat_opened","{""date"":""2026-04-14"",""mode"":""day""}"
"2026-04-14","2026/4/14 17:04:13","reflect.chat_opened","{""date"":""2026-04-14"",""mode"":""day""}"
"2026-04-14","2026/4/14 17:04:17","reflect.mode_switched","{""to"":""week"",""from"":""day""}"
"2026-04-14","2026/4/14 17:04:18","reflect.chat_opened","{""date"":""2026-04-14"",""mode"":""day""}"
"2026-04-14","2026/4/14 17:04:32","reflect.mode_switched","{""to"":""day"",""from"":""week""}"
"2026-04-14","2026/4/14 17:04:38","reflect.ended","{""date"":""2026-04-07"",""mode"":""daily"",""durationMs"":1920,""messageCount"":1}"
"2026-04-14","2026/4/14 17:04:38","reflect.closed","{""date"":""2026-04-14"",""mode"":""day"",""hadChat"":true,""durationMs"":40781,""hadEndedProperly"":true}"
"2026-04-14","2026/4/14 21:33:53","mode.widget_expanded","{}"
"2026-04-14","2026/4/14 21:34:19","task.created","{""title"":""N2问题1-6＋背单词"",""source"":""editor"",""taskId"":""t-1776173659341-psmd""}"
"2026-04-14","2026/4/14 21:34:28","nav.date_changed","{""to"":""2026-04-14"",""from"":""2026-04-13"",""method"":""today""}"
"2026-04-14","2026/4/14 21:34:36","task.carried_over","{""taskIds"":[""t-1776086222290-4xmf"",""1776016892003-02e9"",""t-1776086163788-bxve"",""1776016892003-8x7k"",""t-1776173659341-psmd""],""fromDate"":""2026-04-13""}"
"2026-04-14","2026/4/14 21:35:20","reflect.opened","{""date"":""2026-04-14"",""mode"":""day""}"
"2026-04-14","2026/4/14 21:37:23","reflect.closed","{""date"":""2026-04-14"",""mode"":""day"",""hadChat"":false,""durationMs"":123434,""hadEndedProperly"":false}"
"2026-04-14","2026/4/14 21:46:12","task.created","{""title"":""学术讨论修改"",""source"":""editor"",""taskId"":""t-1776174372983-3nw4""}"
"2026-04-14","2026/4/14 21:46:18","task.created","{""title"":""写作一套"",""source"":""editor"",""taskId"":""t-1776174378198-6xo4""}"
"2026-04-14","2026/4/14 21:46:21","task.edited","{""field"":""title"",""taskId"":""t-1776174378198-6xo4""}"
"2026-04-14","2026/4/14 21:46:29","task.reordered","{""taskId"":""t-1776174378198-6xo4"",""toIndex"":1,""fromIndex"":6}"
"2026-04-14","2026/4/14 21:46:35","task.reordered","{""taskId"":""t-1776174372983-3nw4"",""toIndex"":0,""fromIndex"":6}"
"2026-04-14","2026/4/14 21:46:42","reflect.opened","{""date"":""2026-04-14"",""mode"":""day""}"
"2026-04-14","2026/4/14 21:47:10","reflect.closed","{""date"":""2026-04-14"",""mode"":""day"",""hadChat"":false,""durationMs"":27276,""hadEndedProperly"":false}"
"2026-04-14","2026/4/14 21:47:28","nav.date_changed","{""to"":""2026-04-15"",""from"":""2026-04-14"",""method"":""arrow""}"
"2026-04-14","2026/4/14 21:47:33","task.created","{""title"":""口语一套"",""source"":""editor"",""taskId"":""t-1776174453805-u0cv""}"
"2026-04-14","2026/4/14 21:47:35","nav.date_changed","{""to"":""2026-04-14"",""from"":""2026-04-15"",""method"":""arrow""}"
"2026-04-14","2026/4/14 21:47:41","task.reordered","{""taskId"":""1776173676282-1ncl"",""toIndex"":3,""fromIndex"":4}"
"2026-04-14","2026/4/14 21:56:51","plan.focus_selected","{""taskId"":""t-1776174372983-3nw4"",""taskTitle"":""学术讨论修改""}"
"2026-04-14","2026/4/14 21:56:51","mode.widget_entered","{}"
"2026-04-14","2026/4/14 21:56:51","plan.brain_dump","{""tasks"":[{""id"":""t-1776174372983-3nw4"",""title"":""学术讨论修改""},{""id"":""1776173676281-xa8g"",""title"":""口语第三遍""},{""id"":""t-1776174378198-6xo4"",""title"":""写作一套（模考5""},{""id"":""1776173676282-1ncl"",""title"":""主题词汇2""},{""id"":""1776173676282-vsk3"",""title"":""N3听力读一套""},{""id"":""1776173676282-y7b6"",""title"":""日语N4单词""},{""id"":""1776173676282-z46q"",""title"":""N2问题1-6＋背单词""}],""taskCount"":7}"
"2026-04-14","2026/4/14 21:56:53","exec.micro_started","{""taskId"":""t-1776174372983-3nw4"",""sessionId"":""s-1776175013065-7aky"",""taskTitle"":""学术讨论修改"",""microAction"":""点开学术讨论文档""}"
"2026-04-14","2026/4/14 21:56:53","session.started","{""taskId"":""t-1776174372983-3nw4"",""sessionId"":""s-1776175013065-7aky"",""taskTitle"":""学术讨论修改""}"
"2026-04-14","2026/4/14 21:56:53","plan.first_micro","{""source"":""ai_chip"",""taskId"":""t-1776174372983-3nw4"",""taskTitle"":""学术讨论修改"",""microAction"":""点开学术讨论文档""}"
"2026-04-14","2026/4/14 21:56:53","plan.focus_selected","{""taskId"":""t-1776174372983-3nw4"",""taskTitle"":""学术讨论修改""}"
"2026-04-14","2026/4/14 21:56:53","plan.brain_dump","{""tasks"":[{""id"":""t-1776174372983-3nw4"",""title"":""学术讨论修改""},{""id"":""1776173676281-xa8g"",""title"":""口语第三遍""},{""id"":""t-1776174378198-6xo4"",""title"":""写作一套（模考5""},{""id"":""1776173676282-1ncl"",""title"":""主题词汇2""},{""id"":""1776173676282-vsk3"",""title"":""N3听力读一套""},{""id"":""1776173676282-y7b6"",""title"":""日语N4单词""},{""id"":""1776173676282-z46q"",""title"":""N2问题1-6＋背单词""}],""taskCount"":7}"
"2026-04-14","2026/4/14 21:56:54","exec.micro_completed","{""taskId"":""t-1776174372983-3nw4"",""sessionId"":""s-1776175013065-7aky"",""taskTitle"":""学术讨论修改"",""microAction"":""点开学术讨论文档"",""actualSeconds"":1}"
"2026-04-14","2026/4/14 22:08:50","session.ended","{""taskId"":""t-1776174372983-3nw4"",""endReason"":""task_done"",""sessionId"":""s-1776175013065-7aky"",""taskTitle"":""学术讨论修改"",""completedMicroSteps"":1,""totalDurationSeconds"":717}"
"2026-04-14","2026/4/14 22:08:50","exec.flow_ended","{""taskId"":""t-1776174372983-3nw4"",""endReason"":""task_done"",""sessionId"":""s-1776175013065-7aky"",""taskTitle"":""学术讨论修改"",""flowDurationSeconds"":716}"
"2026-04-14","2026/4/14 22:08:50","session.macro_completed","{""taskId"":""t-1776174372983-3nw4"",""taskTitle"":""学术讨论修改"",""completedVia"":""flow""}"
"2026-04-14","2026/4/14 22:36:23","plan.first_micro","{""source"":""self"",""taskId"":""1776173676281-xa8g"",""taskTitle"":""口语第三遍"",""microAction"":""用微信说完发给ai""}"
"2026-04-14","2026/4/14 22:36:23","plan.brain_dump","{""tasks"":[{""id"":""1776173676281-xa8g"",""title"":""口语第三遍""},{""id"":""t-1776174378198-6xo4"",""title"":""写作一套（模考5""},{""id"":""1776173676282-1ncl"",""title"":""主题词汇2""},{""id"":""1776173676282-vsk3"",""title"":""N3听力读一套""},{""id"":""1776173676282-y7b6"",""title"":""日语N4单词""},{""id"":""1776173676282-z46q"",""title"":""N2问题1-6＋背单词""}],""taskCount"":6}"
"2026-04-14","2026/4/14 22:36:23","exec.micro_started","{""taskId"":""1776173676281-xa8g"",""sessionId"":""s-1776177383851-17dl"",""taskTitle"":""口语第三遍"",""microAction"":""用微信说完发给ai""}"
"2026-04-14","2026/4/14 22:36:23","session.started","{""taskId"":""1776173676281-xa8g"",""sessionId"":""s-1776177383851-17dl"",""taskTitle"":""口语第三遍""}"
"2026-04-14","2026/4/14 22:36:23","plan.focus_selected","{""taskId"":""1776173676281-xa8g"",""taskTitle"":""口语第三遍""}"
"2026-04-14","2026/4/14 23:10:57","exec.micro_completed","{""taskId"":""1776173676281-xa8g"",""sessionId"":""s-1776177383851-17dl"",""taskTitle"":""口语第三遍"",""microAction"":""用微信说完发给ai"",""actualSeconds"":2073}"
"2026-04-14","2026/4/14 23:10:58","session.paused","{""taskId"":""1776173676281-xa8g"",""sessionId"":""s-1776177383851-17dl"",""taskTitle"":""口语第三遍"",""microAction"":""口语第三遍"",""elapsedSeconds"":2074,""completedMicroSteps"":1}"
"2026-04-15","2026/4/15 00:44:46","session.resumed","{""taskId"":""1776173676281-xa8g"",""sessionId"":""s-1776177383851-17dl"",""taskTitle"":""口语第三遍"",""microAction"":""口语第三遍"",""originalSessionId"":""s-1776177383851-17dl"",""elapsedBeforePause"":2074,""completedMicroSteps"":1,""pausedDurationSeconds"":5628}"
"2026-04-15","2026/4/15 01:31:01","stuck.triggered","{""taskId"":""1776173676281-xa8g"",""sessionId"":""s-1776177383851-17dl"",""microAction"":""口语第三遍"",""elapsedSeconds"":2775}"
"2026-04-15","2026/4/15 01:31:09","stuck.reason","{""reason"":""不想学了"",""taskId"":""1776173676281-xa8g"",""sessionId"":""s-1776177383851-17dl"",""microAction"":""口语第三遍"",""reasonSource"":""self""}"
"2026-04-15","2026/4/15 01:31:11","stuck.pivot_offered","{""taskId"":""1776173676281-xa8g"",""empathy"":""可能是重复练习第三遍口语，让你觉得枯燥疲惫，提不起劲。"",""sessionId"":""s-1776177383851-17dl"",""pivotSuggestions"":[""试试换个轻松的方式跟读？"",""先录1分钟片段再继续？""]}"
"2026-04-15","2026/4/15 01:31:11","stuck.reflection_shown","{""taskId"":""1776173676281-xa8g"",""sessionId"":""s-1776177383851-17dl"",""difficulty"":""不想学了"",""reflection"":""{\""interpret\"":\""可能是重复练习第三遍口语，让你觉得枯燥疲惫，提不起劲。\"",\""hints\"":[\""试试换个轻松的方式跟读？\"",\""先录1分钟片段再继续？\""],\""cheer\"":\""再坚持一小下就有收获啦\""}""}"
"2026-04-15","2026/4/15 01:31:18","stuck.hint_feedback_summary","{""taskId"":""1776173676281-xa8g"",""ratings"":[],""skipped"":true,""upCount"":0,""downCount"":0,""hintCount"":2,""sessionId"":""s-1776177383851-17dl"",""ratedCount"":0}"
"2026-04-15","2026/4/15 01:31:18","exec.micro_started","{""taskId"":""1776173676281-xa8g"",""sessionId"":""s-1776177383851-17dl"",""taskTitle"":""口语第三遍"",""microAction"":""口语第三遍""}"
"2026-04-15","2026/4/15 01:32:03","session.paused","{""taskId"":""1776173676281-xa8g"",""sessionId"":""s-1776177383851-17dl"",""taskTitle"":""口语第三遍"",""microAction"":""口语第三遍"",""elapsedSeconds"":4911,""completedMicroSteps"":1}"
"2026-04-15","2026/4/15 01:32:04","mode.widget_expanded","{}"
"2026-04-15","2026/4/15 01:32:06","nav.date_changed","{""to"":""2026-04-15"",""from"":""2026-04-14"",""method"":""today""}"
"2026-04-15","2026/4/15 01:32:12","task.carried_over","{""taskIds"":[""t-1776174378198-6xo4"",""1776173676282-1ncl"",""1776173676282-vsk3"",""1776173676282-y7b6"",""1776173676282-z46q""],""fromDate"":""2026-04-14""}"
"2026-04-15","2026/4/15 21:22:15","task.reordered","{""taskId"":""1776187932486-da6v"",""toIndex"":0,""fromIndex"":1}"
"2026-04-15","2026/4/15 21:22:26","reflect.opened","{""date"":""2026-04-15"",""mode"":""day""}"
"2026-04-15","2026/4/15 21:22:29","reflect.chat_opened","{""date"":""2026-04-15"",""mode"":""day""}"
"2026-04-15","2026/4/15 21:22:45","reflect.ended","{""date"":""2026-04-13"",""mode"":""daily"",""durationMs"":2482,""messageCount"":3}"
"2026-04-15","2026/4/15 21:22:45","daily.leftovers","{""totalCount"":5,""leftoverTasks"":[{""id"":""t-1776086222290-4xmf"",""title"":""口语第三遍"",""priority"":""medium""},{""id"":""1776016892003-02e9"",""title"":""N3听力读一套"",""priority"":""medium""},{""id"":""t-1776086163788-bxve"",""title"":""主题词汇2"",""priority"":""medium""},{""id"":""1776016892003-8x7k"",""title"":""日语N4单词"",""priority"":""medium""},{""id"":""t-1776173659341-psmd"",""title"":""N2问题1-6＋背单词"",""priority"":""medium""}]}"
"2026-04-15","2026/4/15 21:22:46","reflect.closed","{""date"":""2026-04-15"",""mode"":""day"",""hadChat"":true,""durationMs"":20317,""hadEndedProperly"":true}"
"2026-04-15","2026/4/15 21:22:47","nav.date_changed","{""to"":""2026-04-16"",""from"":""2026-04-15"",""method"":""arrow""}"
"2026-04-15","2026/4/15 21:22:48","nav.date_changed","{""to"":""2026-04-15"",""from"":""2026-04-16"",""method"":""arrow""}"
"2026-04-15","2026/4/15 21:22:57","reflect.opened","{""date"":""2026-04-15"",""mode"":""day""}"
"2026-04-15","2026/4/15 21:23:11","reflect.closed","{""date"":""2026-04-15"",""mode"":""day"",""hadChat"":false,""durationMs"":14691,""hadEndedProperly"":false}"
"2026-04-15","2026/4/15 21:23:14","nav.date_changed","{""to"":""2026-04-14"",""from"":""2026-04-15"",""method"":""arrow""}"
"2026-04-15","2026/4/15 21:23:14","nav.date_changed","{""to"":""2026-04-15"",""from"":""2026-04-14"",""method"":""arrow""}"
"2026-04-15","2026/4/15 21:23:18","app.quit","{}"
"2026-04-15","2026/4/15 21:23:31","app.launched","{}"
"2026-04-15","2026/4/15 21:23:32","nav.date_changed","{""to"":""2026-04-16"",""from"":""2026-04-15"",""method"":""arrow""}"
"2026-04-15","2026/4/15 21:23:33","nav.date_changed","{""to"":""2026-04-15"",""from"":""2026-04-16"",""method"":""arrow""}"
"2026-04-15","2026/4/15 21:23:40","nav.date_changed","{""to"":""2026-04-14"",""from"":""2026-04-15"",""method"":""arrow""}"
"2026-04-15","2026/4/15 21:23:43","nav.date_changed","{""to"":""2026-04-15"",""from"":""2026-04-14"",""method"":""arrow""}"
"2026-04-15","2026/4/15 21:23:44","nav.date_changed","{""to"":""2026-04-14"",""from"":""2026-04-15"",""method"":""arrow""}"
"2026-04-15","2026/4/15 21:23:45","nav.date_changed","{""to"":""2026-04-15"",""from"":""2026-04-14"",""method"":""today""}"
"2026-04-15","2026/4/15 21:23:46","nav.date_changed","{""to"":""2026-04-14"",""from"":""2026-04-15"",""method"":""arrow""}"
"2026-04-15","2026/4/15 21:23:47","nav.date_changed","{""to"":""2026-04-15"",""from"":""2026-04-14"",""method"":""arrow""}"
"2026-04-15","2026/4/15 21:23:52","app.quit","{}"
"2026-04-15","2026/4/15 21:24:37","auth.login","{}"
"2026-04-15","2026/4/15 21:24:39","nav.date_changed","{""to"":""2026-04-14"",""from"":""2026-04-15"",""method"":""arrow""}"
"2026-04-15","2026/4/15 21:24:42","nav.date_changed","{""to"":""2026-04-15"",""from"":""2026-04-14"",""method"":""arrow""}"
"2026-04-15","2026/4/15 21:24:44","nav.date_changed","{""to"":""2026-04-14"",""from"":""2026-04-15"",""method"":""arrow""}"
"2026-04-15","2026/4/15 21:24:45","nav.date_changed","{""to"":""2026-04-15"",""from"":""2026-04-14"",""method"":""today""}"
"2026-04-15","2026/4/15 21:24:46","nav.date_changed","{""to"":""2026-04-14"",""from"":""2026-04-15"",""method"":""arrow""}"
"2026-04-15","2026/4/15 21:24:47","nav.date_changed","{""to"":""2026-04-15"",""from"":""2026-04-14"",""method"":""today""}"
"2026-04-15","2026/4/15 21:25:29","reflect.opened","{""date"":""2026-04-15"",""mode"":""day""}"
"2026-04-15","2026/4/15 21:25:46","reflect.closed","{""date"":""2026-04-15"",""mode"":""day"",""hadChat"":false,""durationMs"":16173,""hadEndedProperly"":false}"
"2026-04-15","2026/4/15 21:26:08","mode.widget_entered","{}"
"2026-04-15","2026/4/15 21:26:08","plan.focus_selected","{""taskId"":""1776187932486-da6v"",""taskTitle"":""写作一套（模考5""}"
"2026-04-15","2026/4/15 21:26:08","plan.brain_dump","{""tasks"":[{""id"":""1776187932486-da6v"",""title"":""写作一套（模考5""},{""id"":""t-1776174453805-u0cv"",""title"":""口语一套""},{""id"":""1776187932486-k91c"",""title"":""主题词汇2""},{""id"":""1776187932486-ev2d"",""title"":""N3听力读一套""},{""id"":""1776187932486-1d04"",""title"":""日语N4单词""},{""id"":""1776187932486-xrtx"",""title"":""N2问题1-6＋背单词""}],""taskCount"":6}"
"2026-04-15","2026/4/15 21:26:21","plan.focus_selected","{""taskId"":""1776187932486-da6v"",""taskTitle"":""写作一套（模考5""}"
"2026-04-15","2026/4/15 21:26:21","exec.micro_started","{""taskId"":""1776187932486-da6v"",""sessionId"":""s-1776259581143-mxe7"",""taskTitle"":""写作一套（模考5"",""microAction"":""打开匹克的模考5""}"
"2026-04-15","2026/4/15 21:26:21","session.started","{""taskId"":""1776187932486-da6v"",""sessionId"":""s-1776259581143-mxe7"",""taskTitle"":""写作一套（模考5""}"
"2026-04-15","2026/4/15 21:26:21","plan.first_micro","{""source"":""self"",""taskId"":""1776187932486-da6v"",""taskTitle"":""写作一套（模考5"",""microAction"":""打开匹克的模考5""}"
"2026-04-15","2026/4/15 21:26:21","plan.brain_dump","{""tasks"":[{""id"":""1776187932486-da6v"",""title"":""写作一套（模考5""},{""id"":""t-1776174453805-u0cv"",""title"":""口语一套""},{""id"":""1776187932486-k91c"",""title"":""主题词汇2""},{""id"":""1776187932486-ev2d"",""title"":""N3听力读一套""},{""id"":""1776187932486-1d04"",""title"":""日语N4单词""},{""id"":""1776187932486-xrtx"",""title"":""N2问题1-6＋背单词""}],""taskCount"":6}"
"2026-04-15","2026/4/15 21:26:26","exec.micro_completed","{""taskId"":""1776187932486-da6v"",""sessionId"":""s-1776259581143-mxe7"",""taskTitle"":""写作一套（模考5"",""microAction"":""打开匹克的模考5"",""actualSeconds"":5}"
"2026-04-15","2026/4/15 22:17:01","session.macro_completed","{""taskId"":""1776187932486-da6v"",""taskTitle"":""写作一套（模考5"",""completedVia"":""flow""}"
"2026-04-15","2026/4/15 22:17:01","exec.flow_ended","{""taskId"":""1776187932486-da6v"",""endReason"":""task_done"",""sessionId"":""s-1776259581143-mxe7"",""taskTitle"":""写作一套（模考5"",""flowDurationSeconds"":3035}"
"2026-04-15","2026/4/15 22:17:01","session.ended","{""taskId"":""1776187932486-da6v"",""endReason"":""task_done"",""sessionId"":""s-1776259581143-mxe7"",""taskTitle"":""写作一套（模考5"",""completedMicroSteps"":1,""totalDurationSeconds"":3040}"
"2026-04-15","2026/4/15 22:50:13","mode.widget_expanded","{}"
"2026-04-15","2026/4/15 22:50:19","task.edited","{""field"":""title"",""taskId"":""t-1776174453805-u0cv""}"
"2026-04-15","2026/4/15 22:50:20","task.deleted","{""taskId"":""t-1776174453805-u0cv""}"
"2026-04-15","2026/4/15 22:50:21","nav.date_changed","{""to"":""2026-04-16"",""from"":""2026-04-15"",""method"":""arrow""}"
"2026-04-15","2026/4/15 22:50:23","task.created","{""title"":""口语一套"",""source"":""editor"",""taskId"":""t-1776264623166-82ej""}"
"2026-04-15","2026/4/15 22:50:23","nav.date_changed","{""to"":""2026-04-15"",""from"":""2026-04-16"",""method"":""arrow""}"
"2026-04-15","2026/4/15 22:50:28","task.reordered","{""taskId"":""1776187932486-xrtx"",""toIndex"":0,""fromIndex"":3}"
"2026-04-15","2026/4/15 22:50:33","task.reordered","{""taskId"":""1776187932486-xrtx"",""toIndex"":1,""fromIndex"":0}"
"2026-04-15","2026/4/15 22:50:35","task.reordered","{""taskId"":""1776187932486-xrtx"",""toIndex"":0,""fromIndex"":1}"
"2026-04-15","2026/4/15 23:35:28","plan.brain_dump","{""tasks"":[{""id"":""1776187932486-xrtx"",""title"":""N2问题1-6＋背单词""},{""id"":""1776187932486-k91c"",""title"":""主题词汇2""},{""id"":""1776187932486-ev2d"",""title"":""N3听力读一套""},{""id"":""1776187932486-1d04"",""title"":""日语N4单词""}],""taskCount"":4}"
"2026-04-15","2026/4/15 23:35:28","plan.focus_selected","{""taskId"":""1776187932486-xrtx"",""taskTitle"":""N2问题1-6＋背单词""}"
"2026-04-15","2026/4/15 23:35:28","mode.widget_entered","{}"
"2026-04-16","2026/4/16 00:56:11","plan.focus_selected","{""taskId"":""1776187932486-xrtx"",""taskTitle"":""N2问题1-6＋背单词""}"
"2026-04-16","2026/4/16 00:56:11","session.started","{""taskId"":""1776187932486-xrtx"",""sessionId"":""s-1776272171708-9djq"",""taskTitle"":""N2问题1-6＋背单词""}"
"2026-04-16","2026/4/16 00:56:11","exec.micro_started","{""taskId"":""1776187932486-xrtx"",""sessionId"":""s-1776272171708-9djq"",""taskTitle"":""N2问题1-6＋背单词"",""microAction"":""拿出 2024年12月真题""}"
"2026-04-16","2026/4/16 00:56:11","plan.first_micro","{""source"":""self"",""taskId"":""1776187932486-xrtx"",""taskTitle"":""N2问题1-6＋背单词"",""microAction"":""拿出 2024年12月真题""}"
"2026-04-16","2026/4/16 00:56:11","plan.brain_dump","{""tasks"":[{""id"":""1776187932486-xrtx"",""title"":""N2问题1-6＋背单词""},{""id"":""1776187932486-k91c"",""title"":""主题词汇2""},{""id"":""1776187932486-ev2d"",""title"":""N3听力读一套""},{""id"":""1776187932486-1d04"",""title"":""日语N4单词""}],""taskCount"":4}"
"2026-04-16","2026/4/16 00:56:13","exec.micro_completed","{""taskId"":""1776187932486-xrtx"",""sessionId"":""s-1776272171708-9djq"",""taskTitle"":""N2问题1-6＋背单词"",""microAction"":""拿出 2024年12月真题"",""actualSeconds"":1}"
"2026-04-16","2026/4/16 02:21:40","exec.flow_ended","{""taskId"":""1776187932486-xrtx"",""endReason"":""task_done"",""sessionId"":""s-1776272171708-9djq"",""taskTitle"":""N2问题1-6＋背单词"",""flowDurationSeconds"":5126}"
"2026-04-16","2026/4/16 02:21:40","session.ended","{""taskId"":""1776187932486-xrtx"",""endReason"":""task_done"",""sessionId"":""s-1776272171708-9djq"",""taskTitle"":""N2问题1-6＋背单词"",""completedMicroSteps"":1,""totalDurationSeconds"":5128}"
"2026-04-16","2026/4/16 02:21:40","session.macro_completed","{""taskId"":""1776187932486-xrtx"",""taskTitle"":""N2问题1-6＋背单词"",""completedVia"":""flow""}"
"2026-04-16","2026/4/16 02:21:42","mode.widget_expanded","{}"
"2026-04-16","2026/4/16 12:07:13","app.launched","{}"
"2026-04-16","2026/4/16 20:08:10","task.carried_over","{""taskIds"":[""1776187932486-k91c"",""1776187932486-ev2d"",""1776187932486-1d04""],""fromDate"":""2026-04-15""}"
"2026-04-16","2026/4/16 20:12:48","task.edited","{""field"":""title"",""taskId"":""1776341290282-eny0""}"
"2026-04-16","2026/4/16 20:12:56","task.created","{""title"":""写作修改"",""source"":""editor"",""taskId"":""t-1776341576060-9v3x""}"
"2026-04-16","2026/4/16 20:13:15","reflect.opened","{""date"":""2026-04-16"",""mode"":""day""}"
"2026-04-16","2026/4/16 20:13:34","reflect.closed","{""date"":""2026-04-16"",""mode"":""day"",""hadChat"":false,""durationMs"":19058,""hadEndedProperly"":false}"
"2026-04-16","2026/4/16 20:17:05","nav.date_changed","{""to"":""2026-04-17"",""from"":""2026-04-16"",""method"":""arrow""}"
"2026-04-16","2026/4/16 20:17:05","nav.date_changed","{""to"":""2026-04-18"",""from"":""2026-04-17"",""method"":""arrow""}"
"2026-04-16","2026/4/16 20:17:06","nav.date_changed","{""to"":""2026-04-17"",""from"":""2026-04-18"",""method"":""arrow""}"
"2026-04-16","2026/4/16 20:17:06","nav.date_changed","{""to"":""2026-04-16"",""from"":""2026-04-17"",""method"":""arrow""}"
"2026-04-16","2026/4/16 20:17:07","nav.date_changed","{""to"":""2026-04-15"",""from"":""2026-04-16"",""method"":""arrow""}"
"2026-04-16","2026/4/16 20:17:08","nav.date_changed","{""to"":""2026-04-16"",""from"":""2026-04-15"",""method"":""arrow""}"
"2026-04-16","2026/4/16 20:17:09","reflect.opened","{""date"":""2026-04-16"",""mode"":""day""}"
"2026-04-16","2026/4/16 20:17:37","reflect.closed","{""date"":""2026-04-16"",""mode"":""day"",""hadChat"":false,""durationMs"":28040,""hadEndedProperly"":false}"
"2026-04-16","2026/4/16 20:17:46","task.created","{""title"":""老托听力一篇"",""source"":""editor"",""taskId"":""t-1776341866901-oagp""}"
"2026-04-16","2026/4/16 20:17:57","task.created","{""title"":""阅读一套"",""source"":""editor"",""taskId"":""t-1776341877225-wgpi""}"
"2026-04-16","2026/4/16 21:55:31","task.reordered","{""taskId"":""t-1776341576060-9v3x"",""toIndex"":0,""fromIndex"":4}"
"2026-04-16","2026/4/16 21:55:34","task.reordered","{""taskId"":""t-1776341866901-oagp"",""toIndex"":1,""fromIndex"":5}"
"2026-04-16","2026/4/16 21:55:37","task.reordered","{""taskId"":""t-1776341877225-wgpi"",""toIndex"":2,""fromIndex"":6}"
"2026-04-16","2026/4/16 21:55:40","plan.focus_selected","{""taskId"":""t-1776341576060-9v3x"",""taskTitle"":""写作修改""}"
"2026-04-16","2026/4/16 21:55:40","plan.brain_dump","{""tasks"":[{""id"":""t-1776341576060-9v3x"",""title"":""写作修改""},{""id"":""t-1776341866901-oagp"",""title"":""老托听力一篇""},{""id"":""t-1776341877225-wgpi"",""title"":""阅读一套""},{""id"":""t-1776264623166-82ej"",""title"":""口语一套""},{""id"":""1776341290282-wlo6"",""title"":""主题词汇2""},{""id"":""1776341290282-jl87"",""title"":""N3听力读一套""},{""id"":""1776341290282-eny0"",""title"":""日语N4单词""}],""taskCount"":7}"
"2026-04-16","2026/4/16 21:55:40","mode.widget_entered","{}"
"2026-04-16","2026/4/16 21:55:46","plan.focus_selected","{""taskId"":""t-1776341576060-9v3x"",""taskTitle"":""写作修改""}"
"2026-04-16","2026/4/16 21:55:46","exec.micro_started","{""taskId"":""t-1776341576060-9v3x"",""sessionId"":""s-1776347746401-jwea"",""taskTitle"":""写作修改"",""microAction"":""打开文档""}"
"2026-04-16","2026/4/16 21:55:46","session.started","{""taskId"":""t-1776341576060-9v3x"",""sessionId"":""s-1776347746401-jwea"",""taskTitle"":""写作修改""}"
"2026-04-16","2026/4/16 21:55:46","plan.first_micro","{""source"":""self"",""taskId"":""t-1776341576060-9v3x"",""taskTitle"":""写作修改"",""microAction"":""打开文档""}"
"2026-04-16","2026/4/16 21:55:46","plan.brain_dump","{""tasks"":[{""id"":""t-1776341576060-9v3x"",""title"":""写作修改""},{""id"":""t-1776341866901-oagp"",""title"":""老托听力一篇""},{""id"":""t-1776341877225-wgpi"",""title"":""阅读一套""},{""id"":""t-1776264623166-82ej"",""title"":""口语一套""},{""id"":""1776341290282-wlo6"",""title"":""主题词汇2""},{""id"":""1776341290282-jl87"",""title"":""N3听力读一套""},{""id"":""1776341290282-eny0"",""title"":""日语N4单词""}],""taskCount"":7}"
"2026-04-16","2026/4/16 21:55:49","exec.micro_completed","{""taskId"":""t-1776341576060-9v3x"",""sessionId"":""s-1776347746401-jwea"",""taskTitle"":""写作修改"",""microAction"":""打开文档"",""actualSeconds"":3}"
"2026-04-16","2026/4/16 21:55:51","session.paused","{""taskId"":""t-1776341576060-9v3x"",""sessionId"":""s-1776347746401-jwea"",""taskTitle"":""写作修改"",""microAction"":""写作修改"",""elapsedSeconds"":5,""completedMicroSteps"":1}"
"2026-04-16","2026/4/16 22:47:40","session.resumed","{""taskId"":""t-1776341576060-9v3x"",""sessionId"":""s-1776347746401-jwea"",""taskTitle"":""写作修改"",""microAction"":""写作修改"",""originalSessionId"":""s-1776347746401-jwea"",""elapsedBeforePause"":5,""completedMicroSteps"":1,""pausedDurationSeconds"":3108}"
"2026-04-16","2026/4/16 23:19:59","exec.flow_ended","{""taskId"":""t-1776341576060-9v3x"",""endReason"":""task_done"",""sessionId"":""s-1776347746401-jwea"",""taskTitle"":""写作修改"",""flowDurationSeconds"":1939}"
"2026-04-16","2026/4/16 23:19:59","session.macro_completed","{""taskId"":""t-1776341576060-9v3x"",""taskTitle"":""写作修改"",""completedVia"":""flow""}"
"2026-04-16","2026/4/16 23:19:59","session.ended","{""taskId"":""t-1776341576060-9v3x"",""endReason"":""task_done"",""sessionId"":""s-1776347746401-jwea"",""taskTitle"":""写作修改"",""completedMicroSteps"":1,""totalDurationSeconds"":1944}"
"2026-04-17","2026/4/17 01:07:19","exec.micro_started","{""taskId"":""t-1776341866901-oagp"",""sessionId"":""s-1776359239161-dfg9"",""taskTitle"":""老托听力一篇"",""microAction"":""打开小站托福网站""}"
"2026-04-17","2026/4/17 01:07:19","plan.brain_dump","{""tasks"":[{""id"":""t-1776341866901-oagp"",""title"":""老托听力一篇""},{""id"":""t-1776341877225-wgpi"",""title"":""阅读一套""},{""id"":""t-1776264623166-82ej"",""title"":""口语一套""},{""id"":""1776341290282-wlo6"",""title"":""主题词汇2""},{""id"":""1776341290282-jl87"",""title"":""N3听力读一套""},{""id"":""1776341290282-eny0"",""title"":""日语N4单词""}],""taskCount"":6}"
"2026-04-17","2026/4/17 01:07:19","plan.focus_selected","{""taskId"":""t-1776341866901-oagp"",""taskTitle"":""老托听力一篇""}"
"2026-04-17","2026/4/17 01:07:19","plan.first_micro","{""source"":""ai_chip"",""taskId"":""t-1776341866901-oagp"",""taskTitle"":""老托听力一篇"",""microAction"":""打开小站托福网站""}"
"2026-04-17","2026/4/17 01:07:19","session.started","{""taskId"":""t-1776341866901-oagp"",""sessionId"":""s-1776359239161-dfg9"",""taskTitle"":""老托听力一篇""}"
"2026-04-17","2026/4/17 01:07:36","exec.micro_completed","{""taskId"":""t-1776341866901-oagp"",""sessionId"":""s-1776359239161-dfg9"",""taskTitle"":""老托听力一篇"",""microAction"":""打开小站托福网站"",""actualSeconds"":17}"
"2026-04-17","2026/4/17 02:00:40","session.ended","{""taskId"":""t-1776341866901-oagp"",""endReason"":""task_done"",""sessionId"":""s-1776359239161-dfg9"",""taskTitle"":""老托听力一篇"",""completedMicroSteps"":1,""totalDurationSeconds"":3201}"
"2026-04-17","2026/4/17 02:00:40","session.macro_completed","{""taskId"":""t-1776341866901-oagp"",""taskTitle"":""老托听力一篇"",""completedVia"":""flow""}"
"2026-04-17","2026/4/17 02:00:40","exec.flow_ended","{""taskId"":""t-1776341866901-oagp"",""endReason"":""task_done"",""sessionId"":""s-1776359239161-dfg9"",""taskTitle"":""老托听力一篇"",""flowDurationSeconds"":3183}"
"2026-04-17","2026/4/17 09:56:58","app.launched","{}"
"2026-04-17","2026/4/17 19:42:34","task.carried_over","{""taskIds"":[""t-1776341877225-wgpi"",""t-1776264623166-82ej"",""1776341290282-wlo6"",""1776341290282-jl87"",""1776341290282-eny0""],""fromDate"":""2026-04-16""}"
"2026-04-17","2026/4/17 21:34:43","task.reordered","{""taskId"":""1776426154175-crsl"",""toIndex"":0,""fromIndex"":1}"
"2026-04-17","2026/4/17 21:34:52","mode.widget_entered","{}"
"2026-04-17","2026/4/17 21:34:52","plan.focus_selected","{""taskId"":""1776426154175-crsl"",""taskTitle"":""口语一套""}"
"2026-04-17","2026/4/17 21:34:52","plan.brain_dump","{""tasks"":[{""id"":""1776426154175-crsl"",""title"":""口语一套""},{""id"":""1776426154175-x85e"",""title"":""阅读一套""},{""id"":""1776426154175-fflj"",""title"":""主题词汇2""},{""id"":""1776426154175-rmll"",""title"":""N3听力读一套""},{""id"":""1776426154175-48wx"",""title"":""日语N4单词""}],""taskCount"":5}"
"2026-04-17","2026/4/17 21:35:04","plan.brain_dump","{""tasks"":[{""id"":""1776426154175-crsl"",""title"":""口语一套""},{""id"":""1776426154175-x85e"",""title"":""阅读一套""},{""id"":""1776426154175-fflj"",""title"":""主题词汇2""},{""id"":""1776426154175-rmll"",""title"":""N3听力读一套""},{""id"":""1776426154175-48wx"",""title"":""日语N4单词""}],""taskCount"":5}"
"2026-04-17","2026/4/17 21:35:04","exec.micro_started","{""taskId"":""1776426154175-crsl"",""sessionId"":""s-1776432904594-gm6a"",""taskTitle"":""口语一套"",""microAction"":""打开匹克""}"
"2026-04-17","2026/4/17 21:35:04","session.started","{""taskId"":""1776426154175-crsl"",""sessionId"":""s-1776432904594-gm6a"",""taskTitle"":""口语一套""}"
"2026-04-17","2026/4/17 21:35:04","plan.first_micro","{""source"":""self"",""taskId"":""1776426154175-crsl"",""taskTitle"":""口语一套"",""microAction"":""打开匹克""}"
"2026-04-17","2026/4/17 21:35:04","plan.focus_selected","{""taskId"":""1776426154175-crsl"",""taskTitle"":""口语一套""}"
"2026-04-17","2026/4/17 21:49:35","exec.micro_completed","{""taskId"":""1776426154175-crsl"",""sessionId"":""s-1776432904594-gm6a"",""taskTitle"":""口语一套"",""microAction"":""打开匹克"",""actualSeconds"":870}"
"2026-04-17","2026/4/17 22:08:45","session.macro_completed","{""taskId"":""1776426154175-crsl"",""taskTitle"":""口语一套"",""completedVia"":""flow""}"
"2026-04-17","2026/4/17 22:08:45","exec.flow_ended","{""taskId"":""1776426154175-crsl"",""endReason"":""task_done"",""sessionId"":""s-1776432904594-gm6a"",""taskTitle"":""口语一套"",""flowDurationSeconds"":1150}"
"2026-04-17","2026/4/17 22:08:45","session.ended","{""taskId"":""1776426154175-crsl"",""endReason"":""task_done"",""sessionId"":""s-1776432904594-gm6a"",""taskTitle"":""口语一套"",""completedMicroSteps"":1,""totalDurationSeconds"":2021}"
"2026-04-17","2026/4/17 22:32:42","plan.brain_dump","{""tasks"":[{""id"":""1776426154175-x85e"",""title"":""阅读一套""},{""id"":""1776426154175-fflj"",""title"":""主题词汇2""},{""id"":""1776426154175-rmll"",""title"":""N3听力读一套""},{""id"":""1776426154175-48wx"",""title"":""日语N4单词""}],""taskCount"":4}"
"2026-04-17","2026/4/17 22:32:42","plan.first_micro","{""source"":""self"",""taskId"":""1776426154175-x85e"",""taskTitle"":""阅读一套"",""microAction"":""打开匹克""}"
"2026-04-17","2026/4/17 22:32:42","exec.micro_started","{""taskId"":""1776426154175-x85e"",""sessionId"":""s-1776436362932-5ic4"",""taskTitle"":""阅读一套"",""microAction"":""打开匹克""}"
"2026-04-17","2026/4/17 22:32:42","plan.focus_selected","{""taskId"":""1776426154175-x85e"",""taskTitle"":""阅读一套""}"
"2026-04-17","2026/4/17 22:32:42","session.started","{""taskId"":""1776426154175-x85e"",""sessionId"":""s-1776436362932-5ic4"",""taskTitle"":""阅读一套""}"
"2026-04-17","2026/4/17 22:33:07","exec.micro_completed","{""taskId"":""1776426154175-x85e"",""sessionId"":""s-1776436362932-5ic4"",""taskTitle"":""阅读一套"",""microAction"":""打开匹克"",""actualSeconds"":24}"
"2026-04-17","2026/4/17 22:37:10","session.paused","{""taskId"":""1776426154175-x85e"",""sessionId"":""s-1776436362932-5ic4"",""taskTitle"":""阅读一套"",""microAction"":""阅读一套"",""elapsedSeconds"":267,""completedMicroSteps"":1}"
"2026-04-17","2026/4/17 22:37:12","mode.widget_expanded","{}"
"2026-04-17","2026/4/17 22:45:00","session.started","{""source"":""manual"",""taskId"":""1776438880900-f98wkn"",""sessionId"":""1776438880900-12ewiz"",""taskTitle"":""阅读一套""}"
"2026-04-17","2026/4/17 23:13:05","session.resumed","{""taskId"":""1776426154175-x85e"",""sessionId"":""s-1776436362932-5ic4"",""taskTitle"":""阅读一套"",""microAction"":""阅读一套"",""originalSessionId"":""s-1776436362932-5ic4"",""elapsedBeforePause"":267,""completedMicroSteps"":1,""pausedDurationSeconds"":2154}"
"2026-04-17","2026/4/17 23:13:09","session.ended","{""taskId"":""1776426154175-x85e"",""endReason"":""task_done"",""sessionId"":""s-1776436362932-5ic4"",""taskTitle"":""阅读一套"",""completedMicroSteps"":1,""totalDurationSeconds"":271}"
"2026-04-17","2026/4/17 23:13:09","exec.flow_ended","{""taskId"":""1776426154175-x85e"",""endReason"":""task_done"",""sessionId"":""s-1776436362932-5ic4"",""taskTitle"":""阅读一套"",""flowDurationSeconds"":4}"
"2026-04-17","2026/4/17 23:13:09","session.macro_completed","{""taskId"":""1776426154175-x85e"",""taskTitle"":""阅读一套"",""completedVia"":""flow""}"
"2026-04-17","2026/4/17 23:13:13","mode.widget_expanded","{}"
"2026-04-17","2026/4/17 23:13:15","reflect.opened","{""date"":""2026-04-17"",""mode"":""day""}"
"2026-04-17","2026/4/17 23:13:55","reflect.closed","{""date"":""2026-04-17"",""mode"":""day"",""hadChat"":false,""durationMs"":40332,""hadEndedProperly"":false}"
"2026-04-17","2026/4/17 23:14:19","task.deleted","{""taskId"":""1776426154175-x85e""}"
"2026-04-17","2026/4/17 23:14:20","reflect.opened","{""date"":""2026-04-17"",""mode"":""day""}"
"2026-04-17","2026/4/17 23:14:40","manual.time_added","{""date"":""2026-04-17"",""entryCount"":2}"
"2026-04-17","2026/4/17 23:14:47","reflect.closed","{""date"":""2026-04-17"",""mode"":""day"",""hadChat"":false,""durationMs"":27554,""hadEndedProperly"":false}"
"2026-04-17","2026/4/17 23:15:00","session.ended","{""source"":""manual"",""taskId"":""1776438880900-f98wkn"",""endReason"":""manual_entry"",""sessionId"":""1776438880900-12ewiz"",""taskTitle"":""阅读一套"",""completedMicroSteps"":0,""totalDurationSeconds"":1800}"
"2026-04-18","2026/4/18 23:22:50","task.carried_over","{""taskIds"":[""1776426154175-fflj"",""1776426154175-rmll"",""1776426154175-48wx""],""fromDate"":""2026-04-17""}"
"2026-04-18","2026/4/18 23:39:23","nav.date_changed","{""to"":""2026-04-19"",""from"":""2026-04-18"",""method"":""arrow""}"
"2026-04-18","2026/4/18 23:41:52","task.created","{""title"":""听力一套"",""source"":""editor"",""taskId"":""t-1776526912967-kv3z""}"
"2026-04-18","2026/4/18 23:43:04","task.created","{""title"":""写作一套"",""source"":""editor"",""taskId"":""t-1776526984395-hbxf""}"
"2026-04-18","2026/4/18 23:43:40","reflect.opened","{""date"":""2026-04-18"",""mode"":""day""}"
"2026-04-18","2026/4/18 23:43:46","reflect.chat_opened","{""date"":""2026-04-18"",""mode"":""day""}"
"2026-04-18","2026/4/18 23:44:07","reflect.chart_referenced","{""chartId"":""chart-rhythm""}"
"2026-04-18","2026/4/18 23:44:09","reflect.chart_referenced","{""chartId"":""chart-key-metrics""}"
"2026-04-18","2026/4/18 23:44:12","reflect.message_sent","{""date"":""2026-04-17"",""mode"":""daily"",""charCount"":11,""messageIndex"":0}"
"2026-04-18","2026/4/18 23:44:21","reflect.message_sent","{""date"":""2026-04-17"",""mode"":""daily"",""charCount"":11,""messageIndex"":1}"
"2026-04-18","2026/4/18 23:44:30","reflect.ended","{""date"":""2026-04-17"",""mode"":""daily"",""durationMs"":48740,""messageCount"":5}"
"2026-04-18","2026/4/18 23:44:30","daily.leftovers","{""totalCount"":3,""leftoverTasks"":[{""id"":""1776426154175-fflj"",""title"":""主题词汇2"",""priority"":""medium""},{""id"":""1776426154175-rmll"",""title"":""N3听力读一套"",""priority"":""medium""},{""id"":""1776426154175-48wx"",""title"":""日语N4单词"",""priority"":""medium""}]}"
"2026-04-18","2026/4/18 23:44:31","reflect.closed","{""date"":""2026-04-18"",""mode"":""day"",""hadChat"":true,""durationMs"":51005,""hadEndedProperly"":true}"
"2026-04-19","2026/4/19 00:10:29","task.carried_over","{""taskIds"":[""1776525770650-4amw"",""1776525770650-j7mo"",""1776525770650-lzkv"",""t-1776526912967-kv3z"",""t-1776526984395-hbxf""],""fromDate"":""2026-04-18""}"
"2026-04-19","2026/4/19 21:47:12","task.created","{""title"":""外科学实验报告"",""source"":""editor"",""taskId"":""t-1776606432433-9jku""}"
"2026-04-19","2026/4/19 21:47:15","task.reordered","{""taskId"":""t-1776606432433-9jku"",""toIndex"":0,""fromIndex"":5}"
"2026-04-19","2026/4/19 21:47:16","plan.brain_dump","{""tasks"":[{""id"":""t-1776606432433-9jku"",""title"":""外科学实验报告""},{""id"":""1776528629303-5apr"",""title"":""主题词汇2""},{""id"":""1776528629303-7nl0"",""title"":""N3听力读一套""},{""id"":""1776528629303-vwfr"",""title"":""日语N4单词""},{""id"":""1776528629303-q7j0"",""title"":""听力一套""},{""id"":""1776528629303-ak2i"",""title"":""写作一套""}],""taskCount"":6}"
"2026-04-19","2026/4/19 21:47:16","plan.focus_selected","{""taskId"":""t-1776606432433-9jku"",""taskTitle"":""外科学实验报告""}"
"2026-04-19","2026/4/19 21:47:16","mode.widget_entered","{}"
"2026-04-19","2026/4/19 21:47:18","plan.first_micro","{""source"":""skip"",""taskId"":""t-1776606432433-9jku"",""taskTitle"":""外科学实验报告"",""microAction"":""开始做""}"
"2026-04-19","2026/4/19 21:47:18","exec.micro_started","{""taskId"":""t-1776606432433-9jku"",""sessionId"":""s-1776606438549-o3pn"",""taskTitle"":""外科学实验报告"",""microAction"":""开始做""}"
"2026-04-19","2026/4/19 21:47:18","plan.brain_dump","{""tasks"":[{""id"":""t-1776606432433-9jku"",""title"":""外科学实验报告""},{""id"":""1776528629303-5apr"",""title"":""主题词汇2""},{""id"":""1776528629303-7nl0"",""title"":""N3听力读一套""},{""id"":""1776528629303-vwfr"",""title"":""日语N4单词""},{""id"":""1776528629303-q7j0"",""title"":""听力一套""},{""id"":""1776528629303-ak2i"",""title"":""写作一套""}],""taskCount"":6}"
"2026-04-19","2026/4/19 21:47:18","plan.focus_selected","{""taskId"":""t-1776606432433-9jku"",""taskTitle"":""外科学实验报告""}"
"2026-04-19","2026/4/19 21:47:18","session.started","{""taskId"":""t-1776606432433-9jku"",""sessionId"":""s-1776606438549-o3pn"",""taskTitle"":""外科学实验报告""}"
"2026-04-19","2026/4/19 22:48:45","exec.micro_completed","{""taskId"":""t-1776606432433-9jku"",""sessionId"":""s-1776606438549-o3pn"",""taskTitle"":""外科学实验报告"",""microAction"":""开始做"",""actualSeconds"":3686}"
"2026-04-19","2026/4/19 22:48:48","exec.flow_ended","{""taskId"":""t-1776606432433-9jku"",""endReason"":""task_done"",""sessionId"":""s-1776606438549-o3pn"",""taskTitle"":""外科学实验报告"",""flowDurationSeconds"":3}"
"2026-04-19","2026/4/19 22:48:48","session.ended","{""taskId"":""t-1776606432433-9jku"",""endReason"":""task_done"",""sessionId"":""s-1776606438549-o3pn"",""taskTitle"":""外科学实验报告"",""completedMicroSteps"":1,""totalDurationSeconds"":3689}"
"2026-04-19","2026/4/19 22:48:48","session.macro_completed","{""taskId"":""t-1776606432433-9jku"",""taskTitle"":""外科学实验报告"",""completedVia"":""flow""}"
"2026-04-19","2026/4/19 22:48:55","mode.widget_expanded","{}"
"2026-04-19","2026/4/19 22:48:56","task.reordered","{""taskId"":""1776528629303-q7j0"",""toIndex"":0,""fromIndex"":3}"
"2026-04-19","2026/4/19 22:48:58","task.reordered","{""taskId"":""1776528629303-ak2i"",""toIndex"":0,""fromIndex"":4}"
"2026-04-19","2026/4/19 22:49:01","app.quit","{}"
"2026-04-19","2026/4/19 23:41:50","app.launched","{}"
"2026-04-19","2026/4/19 23:41:52","plan.focus_selected","{""taskId"":""1776528629303-q7j0"",""taskTitle"":""听力一套""}"
"2026-04-19","2026/4/19 23:41:52","mode.widget_entered","{}"
"2026-04-19","2026/4/19 23:41:52","plan.brain_dump","{""tasks"":[{""id"":""1776528629303-ak2i"",""title"":""写作一套""},{""id"":""1776528629303-q7j0"",""title"":""听力一套""},{""id"":""1776528629303-5apr"",""title"":""主题词汇2""},{""id"":""1776528629303-7nl0"",""title"":""N3听力读一套""},{""id"":""1776528629303-vwfr"",""title"":""日语N4单词""}],""taskCount"":5}"
"2026-04-19","2026/4/19 23:41:58","plan.focus_selected","{""taskId"":""1776528629303-q7j0"",""taskTitle"":""听力一套""}"
"2026-04-19","2026/4/19 23:41:58","exec.micro_started","{""taskId"":""1776528629303-q7j0"",""sessionId"":""s-1776613318594-82z1"",""taskTitle"":""听力一套"",""microAction"":""打开匹克""}"
"2026-04-19","2026/4/19 23:41:58","session.started","{""taskId"":""1776528629303-q7j0"",""sessionId"":""s-1776613318594-82z1"",""taskTitle"":""听力一套""}"
"2026-04-19","2026/4/19 23:41:58","plan.first_micro","{""source"":""self"",""taskId"":""1776528629303-q7j0"",""taskTitle"":""听力一套"",""microAction"":""打开匹克""}"
"2026-04-19","2026/4/19 23:41:58","plan.brain_dump","{""tasks"":[{""id"":""1776528629303-ak2i"",""title"":""写作一套""},{""id"":""1776528629303-q7j0"",""title"":""听力一套""},{""id"":""1776528629303-5apr"",""title"":""主题词汇2""},{""id"":""1776528629303-7nl0"",""title"":""N3听力读一套""},{""id"":""1776528629303-vwfr"",""title"":""日语N4单词""}],""taskCount"":5}"
"2026-04-19","2026/4/19 23:42:04","exec.micro_completed","{""taskId"":""1776528629303-q7j0"",""sessionId"":""s-1776613318594-82z1"",""taskTitle"":""听力一套"",""microAction"":""打开匹克"",""actualSeconds"":6}"
"2026-04-20","2026/4/20 00:30:00","session.started","{""source"":""manual"",""taskId"":""1776617797735-ogq5dl"",""sessionId"":""1776617797735-ts8gf4"",""taskTitle"":""repeat一套""}"
"2026-04-20","2026/4/20 00:45:00","session.ended","{""source"":""manual"",""taskId"":""1776617797735-ogq5dl"",""endReason"":""manual_entry"",""sessionId"":""1776617797735-ts8gf4"",""taskTitle"":""repeat一套"",""completedMicroSteps"":0,""totalDurationSeconds"":900}"
"2026-04-20","2026/4/20 00:45:29","session.macro_completed","{""taskId"":""1776528629303-q7j0"",""taskTitle"":""听力一套"",""completedVia"":""flow""}"
"2026-04-20","2026/4/20 00:45:29","session.ended","{""taskId"":""1776528629303-q7j0"",""endReason"":""task_done"",""sessionId"":""s-1776613318594-82z1"",""taskTitle"":""听力一套"",""completedMicroSteps"":1,""totalDurationSeconds"":3810}"
"2026-04-20","2026/4/20 00:45:29","exec.flow_ended","{""taskId"":""1776528629303-q7j0"",""endReason"":""task_done"",""sessionId"":""s-1776613318594-82z1"",""taskTitle"":""听力一套"",""flowDurationSeconds"":3804}"
"2026-04-20","2026/4/20 00:45:31","mode.widget_expanded","{}"
"2026-04-20","2026/4/20 00:45:34","task.deleted","{""taskId"":""1776528629303-ak2i""}"
"2026-04-20","2026/4/20 00:45:34","nav.date_changed","{""to"":""2026-04-20"",""from"":""2026-04-19"",""method"":""arrow""}"
"2026-04-20","2026/4/20 00:45:43","task.created","{""title"":""写作一套"",""source"":""editor"",""taskId"":""t-1776617143297-ipdp""}"
"2026-04-20","2026/4/20 00:45:43","nav.date_changed","{""to"":""2026-04-19"",""from"":""2026-04-20"",""method"":""arrow""}"
"2026-04-20","2026/4/20 00:45:51","task.created","{""title"":""repeat一套"",""source"":""editor"",""taskId"":""t-1776617151443-hxxd""}"
"2026-04-20","2026/4/20 00:45:53","task.reordered","{""taskId"":""t-1776617151443-hxxd"",""toIndex"":0,""fromIndex"":3}"
"2026-04-20","2026/4/20 00:55:19","nav.date_changed","{""to"":""2026-04-19"",""from"":""2026-04-20"",""method"":""arrow""}"
"2026-04-20","2026/4/20 00:55:22","task.deleted","{""taskId"":""t-1776617151443-hxxd""}"
"2026-04-20","2026/4/20 00:55:23","reflect.opened","{""date"":""2026-04-20"",""mode"":""day""}"
"2026-04-20","2026/4/20 00:56:37","manual.time_added","{""date"":""2026-04-20"",""entryCount"":2}"
"2026-04-20","2026/4/20 00:56:41","reflect.closed","{""date"":""2026-04-20"",""mode"":""day"",""hadChat"":false,""durationMs"":77788,""hadEndedProperly"":false}"
"2026-04-20","2026/4/20 00:56:42","nav.date_changed","{""to"":""2026-04-19"",""from"":""2026-04-20"",""method"":""arrow""}"
"2026-04-20","2026/4/20 00:56:44","nav.date_changed","{""to"":""2026-04-20"",""from"":""2026-04-19"",""method"":""arrow""}"
"2026-04-20","2026/4/20 00:56:47","task.carried_over","{""taskIds"":[""1776528629303-5apr"",""1776528629303-7nl0"",""1776528629303-vwfr""],""fromDate"":""2026-04-19""}"
"2026-04-20","2026/4/20 00:56:47","nav.date_changed","{""to"":""2026-04-19"",""from"":""2026-04-20"",""method"":""arrow""}"
"2026-04-20","2026/4/20 00:56:54","app.quit","{}"
"2026-04-20","2026/4/20 00:56:59","app.launched","{}"
"2026-04-20","2026/4/20 00:57:01","nav.date_changed","{""to"":""2026-04-19"",""from"":""2026-04-20"",""method"":""arrow""}"
"2026-04-20","2026/4/20 00:57:03","nav.date_changed","{""to"":""2026-04-20"",""from"":""2026-04-19"",""method"":""arrow""}"
"2026-04-20","2026/4/20 00:57:04","nav.date_changed","{""to"":""2026-04-19"",""from"":""2026-04-20"",""method"":""arrow""}"
"2026-04-20","2026/4/20 00:57:05","nav.date_changed","{""to"":""2026-04-20"",""from"":""2026-04-19"",""method"":""arrow""}"
"2026-04-20","2026/4/20 00:57:16","plan.focus_selected","{""taskId"":""1776617807355-pgl9"",""taskTitle"":""主题词汇2""}"
"2026-04-20","2026/4/20 00:57:16","mode.widget_entered","{}"
"2026-04-20","2026/4/20 00:57:16","plan.brain_dump","{""tasks"":[{""id"":""t-1776617143297-ipdp"",""title"":""写作一套""},{""id"":""1776617807355-pgl9"",""title"":""主题词汇2""},{""id"":""1776617807355-jmfy"",""title"":""N3听力读一套""},{""id"":""1776617807355-o9rt"",""title"":""日语N4单词""}],""taskCount"":4}"
"2026-04-20","2026/4/20 00:57:22","exec.micro_started","{""taskId"":""1776617807355-pgl9"",""sessionId"":""s-1776617842007-8mtg"",""taskTitle"":""主题词汇2"",""microAction"":""发给豆包""}"
"2026-04-20","2026/4/20 00:57:22","plan.brain_dump","{""tasks"":[{""id"":""t-1776617143297-ipdp"",""title"":""写作一套""},{""id"":""1776617807355-pgl9"",""title"":""主题词汇2""},{""id"":""1776617807355-jmfy"",""title"":""N3听力读一套""},{""id"":""1776617807355-o9rt"",""title"":""日语N4单词""}],""taskCount"":4}"
"2026-04-20","2026/4/20 00:57:22","plan.focus_selected","{""taskId"":""1776617807355-pgl9"",""taskTitle"":""主题词汇2""}"
"2026-04-20","2026/4/20 00:57:22","plan.first_micro","{""source"":""self"",""taskId"":""1776617807355-pgl9"",""taskTitle"":""主题词汇2"",""microAction"":""发给豆包""}"
"2026-04-20","2026/4/20 00:57:22","session.started","{""taskId"":""1776617807355-pgl9"",""sessionId"":""s-1776617842007-8mtg"",""taskTitle"":""主题词汇2""}"
"2026-04-20","2026/4/20 00:59:22","exec.micro_completed","{""taskId"":""1776617807355-pgl9"",""sessionId"":""s-1776617842007-8mtg"",""taskTitle"":""主题词汇2"",""microAction"":""发给豆包"",""actualSeconds"":120}"
"2026-04-20","2026/4/20 02:05:28","session.macro_completed","{""taskId"":""1776617807355-pgl9"",""taskTitle"":""主题词汇2"",""completedVia"":""flow""}"
"2026-04-20","2026/4/20 02:05:28","exec.flow_ended","{""taskId"":""1776617807355-pgl9"",""endReason"":""task_done"",""sessionId"":""s-1776617842007-8mtg"",""taskTitle"":""主题词汇2"",""flowDurationSeconds"":3965}"
"2026-04-20","2026/4/20 02:05:28","session.ended","{""taskId"":""1776617807355-pgl9"",""endReason"":""task_done"",""sessionId"":""s-1776617842007-8mtg"",""taskTitle"":""主题词汇2"",""completedMicroSteps"":1,""totalDurationSeconds"":4086}"
"2026-04-20","2026/4/20 21:33:16","app.launched","{}"
"2026-04-20","2026/4/20 21:34:43","task.created","{""title"":""2024年7月n2问题1-6单词"",""source"":""editor"",""taskId"":""t-1776692083986-w8zj""}"
"2026-04-20","2026/4/20 21:34:50","task.created","{""title"":""语法书课后练习"",""source"":""editor"",""taskId"":""t-1776692090463-3o30""}"
"2026-04-20","2026/4/20 21:34:54","task.reordered","{""taskId"":""t-1776692083986-w8zj"",""toIndex"":1,""fromIndex"":3}"
"2026-04-20","2026/4/20 21:34:56","task.reordered","{""taskId"":""t-1776692090463-3o30"",""toIndex"":2,""fromIndex"":4}"
"2026-04-20","2026/4/20 21:35:08","task.created","{""title"":""repeat一套"",""source"":""editor"",""taskId"":""t-1776692108903-dds6""}"
"2026-04-20","2026/4/20 21:35:12","task.reordered","{""taskId"":""t-1776692108903-dds6"",""toIndex"":1,""fromIndex"":5}"
"2026-04-20","2026/4/20 21:35:53","task.created","{""title"":""老托听力"",""source"":""editor"",""taskId"":""t-1776692153468-9h5r""}"
"2026-04-20","2026/4/20 21:35:55","task.carried_over","{""taskIds"":[""1776528629303-5apr""],""fromDate"":""2026-04-19""}"
"2026-04-20","2026/4/20 21:36:08","task.created","{""title"":""主题词汇"",""source"":""editor"",""taskId"":""t-1776692168983-jhkb""}"
"2026-04-20","2026/4/20 21:36:12","task.edited","{""field"":""title"",""taskId"":""t-1776692153468-9h5r""}"
"2026-04-20","2026/4/20 21:36:16","task.reordered","{""taskId"":""t-1776692168983-jhkb"",""toIndex"":4,""fromIndex"":7}"
"2026-04-20","2026/4/20 21:36:18","task.reordered","{""taskId"":""t-1776692153468-9h5r"",""toIndex"":5,""fromIndex"":7}"
"2026-04-20","2026/4/20 21:51:22","plan.focus_selected","{""taskId"":""t-1776617143297-ipdp"",""taskTitle"":""写作一套""}"
"2026-04-20","2026/4/20 21:51:22","mode.widget_entered","{}"
"2026-04-20","2026/4/20 21:51:22","plan.brain_dump","{""tasks"":[{""id"":""t-1776617143297-ipdp"",""title"":""写作一套""},{""id"":""t-1776692108903-dds6"",""title"":""repeat一套""},{""id"":""t-1776692083986-w8zj"",""title"":""2024年7月n2问题1-6单词""},{""id"":""t-1776692090463-3o30"",""title"":""语法书课后练习""},{""id"":""t-1776692168983-jhkb"",""title"":""主题词汇""},{""id"":""t-1776692153468-9h5r"",""title"":""老托听力1""},{""id"":""1776617807355-jmfy"",""title"":""N3听力读一套""},{""id"":""1776617807355-o9rt"",""title"":""日语N4单词""}],""taskCount"":8}"
"2026-04-20","2026/4/20 21:51:29","plan.brain_dump","{""tasks"":[{""id"":""t-1776617143297-ipdp"",""title"":""写作一套""},{""id"":""t-1776692108903-dds6"",""title"":""repeat一套""},{""id"":""t-1776692083986-w8zj"",""title"":""2024年7月n2问题1-6单词""},{""id"":""t-1776692090463-3o30"",""title"":""语法书课后练习""},{""id"":""t-1776692168983-jhkb"",""title"":""主题词汇""},{""id"":""t-1776692153468-9h5r"",""title"":""老托听力1""},{""id"":""1776617807355-jmfy"",""title"":""N3听力读一套""},{""id"":""1776617807355-o9rt"",""title"":""日语N4单词""}],""taskCount"":8}"
"2026-04-20","2026/4/20 21:51:29","plan.focus_selected","{""taskId"":""t-1776617143297-ipdp"",""taskTitle"":""写作一套""}"
"2026-04-20","2026/4/20 21:51:29","plan.first_micro","{""source"":""self"",""taskId"":""t-1776617143297-ipdp"",""taskTitle"":""写作一套"",""microAction"":""打开匹克""}"
"2026-04-20","2026/4/20 21:51:29","session.started","{""taskId"":""t-1776617143297-ipdp"",""sessionId"":""s-1776693089168-ksfi"",""taskTitle"":""写作一套""}"
"2026-04-20","2026/4/20 21:51:29","exec.micro_started","{""taskId"":""t-1776617143297-ipdp"",""sessionId"":""s-1776693089168-ksfi"",""taskTitle"":""写作一套"",""microAction"":""打开匹克""}"
"2026-04-20","2026/4/20 22:00:31","exec.micro_completed","{""taskId"":""t-1776617143297-ipdp"",""sessionId"":""s-1776693089168-ksfi"",""taskTitle"":""写作一套"",""microAction"":""打开匹克"",""actualSeconds"":542}"
"2026-04-20","2026/4/20 22:45:00","session.started","{""source"":""manual"",""taskId"":""1776697465559-xef774"",""sessionId"":""1776697465559-iqlm45"",""taskTitle"":""repeat一套""}"
"2026-04-20","2026/4/20 22:50:15","session.macro_completed","{""taskId"":""t-1776617143297-ipdp"",""taskTitle"":""写作一套"",""completedVia"":""flow""}"
"2026-04-20","2026/4/20 22:50:15","session.ended","{""taskId"":""t-1776617143297-ipdp"",""endReason"":""task_done"",""sessionId"":""s-1776693089168-ksfi"",""taskTitle"":""写作一套"",""completedMicroSteps"":1,""totalDurationSeconds"":3526}"
"2026-04-20","2026/4/20 22:50:15","exec.flow_ended","{""taskId"":""t-1776617143297-ipdp"",""endReason"":""task_done"",""sessionId"":""s-1776693089168-ksfi"",""taskTitle"":""写作一套"",""flowDurationSeconds"":2983}"
"2026-04-20","2026/4/20 23:00:00","session.ended","{""source"":""manual"",""taskId"":""1776697465559-xef774"",""endReason"":""manual_entry"",""sessionId"":""1776697465559-iqlm45"",""taskTitle"":""repeat一套"",""completedMicroSteps"":0,""totalDurationSeconds"":900}"
"2026-04-20","2026/4/20 23:03:55","mode.widget_expanded","{}"
"2026-04-20","2026/4/20 23:04:01","task.deleted","{""taskId"":""t-1776692108903-dds6""}"
"2026-04-20","2026/4/20 23:04:02","reflect.opened","{""date"":""2026-04-20"",""mode"":""day""}"
"2026-04-20","2026/4/20 23:04:25","manual.time_added","{""date"":""2026-04-20"",""entryCount"":2}"
"2026-04-20","2026/4/20 23:04:45","reflect.closed","{""date"":""2026-04-20"",""mode"":""day"",""hadChat"":false,""durationMs"":43551,""hadEndedProperly"":false}"
"2026-04-21","2026/4/21 00:28:04","nav.date_changed","{""to"":""2026-04-20"",""from"":""2026-04-21"",""method"":""arrow""}"
"2026-04-21","2026/4/21 00:28:06","nav.date_changed","{""to"":""2026-04-21"",""from"":""2026-04-20"",""method"":""arrow""}"
"2026-04-21","2026/4/21 00:28:10","task.carried_over","{""taskIds"":[""t-1776692083986-w8zj"",""t-1776692090463-3o30"",""t-1776692168983-jhkb"",""t-1776692153468-9h5r"",""1776617807355-jmfy"",""1776617807355-o9rt""],""fromDate"":""2026-04-20""}"
"2026-04-21","2026/4/21 00:28:11","mode.widget_entered","{}"
"2026-04-21","2026/4/21 00:28:11","plan.focus_selected","{""taskId"":""1776702490281-nopm"",""taskTitle"":""老托听力1""}"
"2026-04-21","2026/4/21 00:28:11","plan.brain_dump","{""tasks"":[{""id"":""1776702490281-o8q2"",""title"":""2024年7月n2问题1-6单词""},{""id"":""1776702490281-c7la"",""title"":""语法书课后练习""},{""id"":""1776702490281-l27z"",""title"":""主题词汇""},{""id"":""1776702490281-nopm"",""title"":""老托听力1""},{""id"":""1776702490281-012c"",""title"":""N3听力读一套""},{""id"":""1776702490281-nrtd"",""title"":""日语N4单词""}],""taskCount"":6}"
"2026-04-21","2026/4/21 00:28:14","mode.widget_expanded","{}"
"2026-04-21","2026/4/21 00:28:16","task.deleted","{""taskId"":""1776702490281-nopm""}"
"2026-04-21","2026/4/21 00:28:18","plan.focus_selected","{""taskId"":""1776702490281-o8q2"",""taskTitle"":""2024年7月n2问题1-6单词""}"
"2026-04-21","2026/4/21 00:28:18","plan.brain_dump","{""tasks"":[{""id"":""1776702490281-o8q2"",""title"":""2024年7月n2问题1-6单词""},{""id"":""1776702490281-c7la"",""title"":""语法书课后练习""},{""id"":""1776702490281-l27z"",""title"":""主题词汇""},{""id"":""1776702490281-012c"",""title"":""N3听力读一套""},{""id"":""1776702490281-nrtd"",""title"":""日语N4单词""}],""taskCount"":5}"
"2026-04-21","2026/4/21 00:28:18","mode.widget_entered","{}"
"2026-04-21","2026/4/21 00:28:21","exec.micro_started","{""taskId"":""1776702490281-o8q2"",""sessionId"":""s-1776702501203-xwog"",""taskTitle"":""2024年7月n2问题1-6单词"",""microAction"":""开始做""}"
"2026-04-21","2026/4/21 00:28:21","session.started","{""taskId"":""1776702490281-o8q2"",""sessionId"":""s-1776702501203-xwog"",""taskTitle"":""2024年7月n2问题1-6单词""}"
"2026-04-21","2026/4/21 00:28:21","plan.first_micro","{""source"":""skip"",""taskId"":""1776702490281-o8q2"",""taskTitle"":""2024年7月n2问题1-6单词"",""microAction"":""开始做""}"
"2026-04-21","2026/4/21 00:28:21","plan.focus_selected","{""taskId"":""1776702490281-o8q2"",""taskTitle"":""2024年7月n2问题1-6单词""}"
"2026-04-21","2026/4/21 00:28:21","plan.brain_dump","{""tasks"":[{""id"":""1776702490281-o8q2"",""title"":""2024年7月n2问题1-6单词""},{""id"":""1776702490281-c7la"",""title"":""语法书课后练习""},{""id"":""1776702490281-l27z"",""title"":""主题词汇""},{""id"":""1776702490281-012c"",""title"":""N3听力读一套""},{""id"":""1776702490281-nrtd"",""title"":""日语N4单词""}],""taskCount"":5}"
"2026-04-21","2026/4/21 00:28:22","exec.micro_completed","{""taskId"":""1776702490281-o8q2"",""sessionId"":""s-1776702501203-xwog"",""taskTitle"":""2024年7月n2问题1-6单词"",""microAction"":""开始做"",""actualSeconds"":1}"
"2026-04-21","2026/4/21 02:15:00","session.started","{""source"":""manual"",""taskId"":""1776702490281-c7la"",""sessionId"":""1776775848407-0bbzv6"",""taskTitle"":""语法书课后练习""}"
"2026-04-21","2026/4/21 02:30:00","session.ended","{""source"":""manual"",""taskId"":""1776702490281-c7la"",""endReason"":""manual_entry"",""sessionId"":""1776775848407-0bbzv6"",""taskTitle"":""语法书课后练习"",""completedMicroSteps"":0,""totalDurationSeconds"":900}"
"2026-04-21","2026/4/21 20:50:26","session.macro_completed","{""taskId"":""1776702490281-o8q2"",""taskTitle"":""2024年7月n2问题1-6单词"",""completedVia"":""flow""}"
"2026-04-21","2026/4/21 20:50:26","session.ended","{""taskId"":""1776702490281-o8q2"",""endReason"":""task_done"",""sessionId"":""s-1776702501203-xwog"",""taskTitle"":""2024年7月n2问题1-6单词"",""completedMicroSteps"":1,""totalDurationSeconds"":73324}"
"2026-04-21","2026/4/21 20:50:26","exec.flow_ended","{""taskId"":""1776702490281-o8q2"",""endReason"":""task_done"",""sessionId"":""s-1776702501203-xwog"",""taskTitle"":""2024年7月n2问题1-6单词"",""flowDurationSeconds"":73323}"
"2026-04-21","2026/4/21 20:50:30","mode.widget_expanded","{}"
"2026-04-21","2026/4/21 20:50:32","reflect.opened","{""date"":""2026-04-21"",""mode"":""day""}"
"2026-04-21","2026/4/21 20:50:48","manual.time_added","{""date"":""2026-04-21"",""entryCount"":2}"
"2026-04-21","2026/4/21 20:50:51","reflect.closed","{""date"":""2026-04-21"",""mode"":""day"",""hadChat"":false,""durationMs"":18671,""hadEndedProperly"":false}"
"2026-04-21","2026/4/21 20:50:55","app.quit","{}"
"2026-04-21","2026/4/21 20:51:02","app.launched","{}"
"2026-04-21","2026/4/21 20:51:10","task.carried_over","{""taskIds"":[""t-1776692153468-9h5r""],""fromDate"":""2026-04-20""}"
"2026-04-21","2026/4/21 20:51:13","task.reordered","{""taskId"":""1776775870748-tkmd"",""toIndex"":0,""fromIndex"":3}"
"2026-04-21","2026/4/21 20:51:25","task.created","{""title"":""修改写作"",""source"":""editor"",""taskId"":""t-1776775885719-c0z6""}"
"2026-04-21","2026/4/21 20:51:38","reflect.opened","{""date"":""2026-04-21"",""mode"":""day""}"
"2026-04-21","2026/4/21 20:51:52","reflect.closed","{""date"":""2026-04-21"",""mode"":""day"",""hadChat"":false,""durationMs"":14859,""hadEndedProperly"":false}"
"2026-04-21","2026/4/21 20:51:57","task.created","{""title"":""口语一套"",""source"":""editor"",""taskId"":""t-1776775917448-rtba""}"
"2026-04-21","2026/4/21 20:52:04","task.reordered","{""taskId"":""t-1776775917448-rtba"",""toIndex"":0,""fromIndex"":5}"
"2026-04-21","2026/4/21 20:54:38","task.reordered","{""taskId"":""t-1776775885719-c0z6"",""toIndex"":2,""fromIndex"":5}"
"2026-04-21","2026/4/21 20:54:41","task.reordered","{""taskId"":""t-1776775885719-c0z6"",""toIndex"":0,""fromIndex"":2}"
"2026-04-21","2026/4/21 23:09:25","plan.brain_dump","{""tasks"":[{""id"":""t-1776775885719-c0z6"",""title"":""修改写作""},{""id"":""t-1776775917448-rtba"",""title"":""口语一套""},{""id"":""1776775870748-tkmd"",""title"":""老托听力1""},{""id"":""1776702490281-l27z"",""title"":""主题词汇""},{""id"":""1776702490281-012c"",""title"":""N3听力读一套""},{""id"":""1776702490281-nrtd"",""title"":""日语N4单词""}],""taskCount"":6}"
"2026-04-21","2026/4/21 23:09:25","plan.focus_selected","{""taskId"":""t-1776775885719-c0z6"",""taskTitle"":""修改写作""}"
"2026-04-21","2026/4/21 23:09:25","mode.widget_entered","{}"
"2026-04-21","2026/4/21 23:09:26","plan.brain_dump","{""tasks"":[{""id"":""t-1776775885719-c0z6"",""title"":""修改写作""},{""id"":""t-1776775917448-rtba"",""title"":""口语一套""},{""id"":""1776775870748-tkmd"",""title"":""老托听力1""},{""id"":""1776702490281-l27z"",""title"":""主题词汇""},{""id"":""1776702490281-012c"",""title"":""N3听力读一套""},{""id"":""1776702490281-nrtd"",""title"":""日语N4单词""}],""taskCount"":6}"
"2026-04-21","2026/4/21 23:09:26","plan.focus_selected","{""taskId"":""t-1776775885719-c0z6"",""taskTitle"":""修改写作""}"
"2026-04-21","2026/4/21 23:09:26","plan.first_micro","{""source"":""ai_chip"",""taskId"":""t-1776775885719-c0z6"",""taskTitle"":""修改写作"",""microAction"":""点开写作修改文档""}"
"2026-04-21","2026/4/21 23:09:26","session.started","{""taskId"":""t-1776775885719-c0z6"",""sessionId"":""s-1776784166437-zwcj"",""taskTitle"":""修改写作""}"
"2026-04-21","2026/4/21 23:09:26","exec.micro_started","{""taskId"":""t-1776775885719-c0z6"",""sessionId"":""s-1776784166437-zwcj"",""taskTitle"":""修改写作"",""microAction"":""点开写作修改文档""}"
"2026-04-21","2026/4/21 23:09:51","exec.micro_completed","{""taskId"":""t-1776775885719-c0z6"",""sessionId"":""s-1776784166437-zwcj"",""taskTitle"":""修改写作"",""microAction"":""点开写作修改文档"",""actualSeconds"":24}"
"2026-04-21","2026/4/21 23:39:29","session.paused","{""taskId"":""t-1776775885719-c0z6"",""sessionId"":""s-1776784166437-zwcj"",""taskTitle"":""修改写作"",""microAction"":""修改写作"",""elapsedSeconds"":1803,""completedMicroSteps"":1}"
"2026-04-22","2026/4/22 21:57:04","session.resumed","{""taskId"":""t-1776775885719-c0z6"",""sessionId"":""s-1776784166437-zwcj"",""taskTitle"":""修改写作"",""microAction"":""修改写作"",""originalSessionId"":""s-1776784166437-zwcj"",""elapsedBeforePause"":1803,""completedMicroSteps"":1,""pausedDurationSeconds"":80254}"
"2026-04-22","2026/4/22 23:31:11","exec.flow_ended","{""taskId"":""t-1776775885719-c0z6"",""endReason"":""task_done"",""sessionId"":""s-1776784166437-zwcj"",""taskTitle"":""修改写作"",""flowDurationSeconds"":5646}"
"2026-04-22","2026/4/22 23:31:11","session.macro_completed","{""taskId"":""t-1776775885719-c0z6"",""taskTitle"":""修改写作"",""completedVia"":""flow""}"
"2026-04-22","2026/4/22 23:31:11","session.ended","{""taskId"":""t-1776775885719-c0z6"",""endReason"":""task_done"",""sessionId"":""s-1776784166437-zwcj"",""taskTitle"":""修改写作"",""completedMicroSteps"":1,""totalDurationSeconds"":7449}"
"2026-04-23","2026/4/23 00:33:52","plan.focus_selected","{""taskId"":""t-1776775917448-rtba"",""taskTitle"":""口语一套""}"
"2026-04-23","2026/4/23 00:33:52","exec.micro_started","{""taskId"":""t-1776775917448-rtba"",""sessionId"":""s-1776875632443-bq9g"",""taskTitle"":""口语一套"",""microAction"":""开始做""}"
"2026-04-23","2026/4/23 00:33:52","session.started","{""taskId"":""t-1776775917448-rtba"",""sessionId"":""s-1776875632443-bq9g"",""taskTitle"":""口语一套""}"
"2026-04-23","2026/4/23 00:33:52","plan.first_micro","{""source"":""skip"",""taskId"":""t-1776775917448-rtba"",""taskTitle"":""口语一套"",""microAction"":""开始做""}"
"2026-04-23","2026/4/23 00:33:52","plan.brain_dump","{""tasks"":[{""id"":""t-1776775917448-rtba"",""title"":""口语一套""},{""id"":""1776775870748-tkmd"",""title"":""老托听力1""},{""id"":""1776702490281-l27z"",""title"":""主题词汇""},{""id"":""1776702490281-012c"",""title"":""N3听力读一套""},{""id"":""1776702490281-nrtd"",""title"":""日语N4单词""}],""taskCount"":5}"
"2026-04-23","2026/4/23 00:33:54","exec.micro_completed","{""taskId"":""t-1776775917448-rtba"",""sessionId"":""s-1776875632443-bq9g"",""taskTitle"":""口语一套"",""microAction"":""开始做"",""actualSeconds"":1}"
"2026-04-23","2026/4/23 00:44:39","session.macro_completed","{""taskId"":""t-1776775917448-rtba"",""taskTitle"":""口语一套"",""completedVia"":""flow""}"
"2026-04-23","2026/4/23 00:44:39","session.ended","{""taskId"":""t-1776775917448-rtba"",""endReason"":""task_done"",""sessionId"":""s-1776875632443-bq9g"",""taskTitle"":""口语一套"",""completedMicroSteps"":1,""totalDurationSeconds"":647}"
"2026-04-23","2026/4/23 00:44:39","exec.flow_ended","{""taskId"":""t-1776775917448-rtba"",""endReason"":""task_done"",""sessionId"":""s-1776875632443-bq9g"",""taskTitle"":""口语一套"",""flowDurationSeconds"":645}"
"2026-04-23","2026/4/23 01:12:12","plan.first_micro","{""source"":""ai_chip"",""taskId"":""1776775870748-tkmd"",""taskTitle"":""老托听力1"",""microAction"":""打开老托听力题库页面""}"
"2026-04-23","2026/4/23 01:12:12","plan.focus_selected","{""taskId"":""1776775870748-tkmd"",""taskTitle"":""老托听力1""}"
"2026-04-23","2026/4/23 01:12:12","exec.micro_started","{""taskId"":""1776775870748-tkmd"",""sessionId"":""s-1776877932574-dl5x"",""taskTitle"":""老托听力1"",""microAction"":""打开老托听力题库页面""}"
"2026-04-23","2026/4/23 01:12:12","session.started","{""taskId"":""1776775870748-tkmd"",""sessionId"":""s-1776877932574-dl5x"",""taskTitle"":""老托听力1""}"
"2026-04-23","2026/4/23 01:12:12","plan.brain_dump","{""tasks"":[{""id"":""1776775870748-tkmd"",""title"":""老托听力1""},{""id"":""1776702490281-l27z"",""title"":""主题词汇""},{""id"":""1776702490281-012c"",""title"":""N3听力读一套""},{""id"":""1776702490281-nrtd"",""title"":""日语N4单词""}],""taskCount"":4}"
"2026-04-23","2026/4/23 01:12:13","exec.micro_completed","{""taskId"":""1776775870748-tkmd"",""sessionId"":""s-1776877932574-dl5x"",""taskTitle"":""老托听力1"",""microAction"":""打开老托听力题库页面"",""actualSeconds"":1}"
"2026-04-23","2026/4/23 01:28:23","session.macro_completed","{""taskId"":""1776775870748-tkmd"",""taskTitle"":""老托听力1"",""completedVia"":""flow""}"
"2026-04-23","2026/4/23 01:28:23","session.ended","{""taskId"":""1776775870748-tkmd"",""endReason"":""task_done"",""sessionId"":""s-1776877932574-dl5x"",""taskTitle"":""老托听力1"",""completedMicroSteps"":1,""totalDurationSeconds"":970}"
"2026-04-23","2026/4/23 01:28:23","exec.flow_ended","{""taskId"":""1776775870748-tkmd"",""endReason"":""task_done"",""sessionId"":""s-1776877932574-dl5x"",""taskTitle"":""老托听力1"",""flowDurationSeconds"":969}"
"2026-04-23","2026/4/23 13:57:51","app.launched","{}"
"2026-04-23","2026/4/23 22:51:57","task.carried_over","{""taskIds"":[""1776702490281-l27z"",""1776702490281-012c"",""1776702490281-nrtd""],""fromDate"":""2026-04-21""}"
"2026-04-23","2026/4/23 22:52:09","nav.date_changed","{""to"":""2026-04-22"",""from"":""2026-04-23"",""method"":""arrow""}"
"2026-04-23","2026/4/23 22:52:10","nav.date_changed","{""to"":""2026-04-23"",""from"":""2026-04-22"",""method"":""arrow""}"
"2026-04-23","2026/4/23 22:52:12","reflect.opened","{""date"":""2026-04-23"",""mode"":""day""}"
"2026-04-23","2026/4/23 22:52:17","reflect.chat_opened","{""date"":""2026-04-23"",""mode"":""day""}"
"2026-04-23","2026/4/23 22:52:22","reflect.chart_referenced","{""chartId"":""chart-rhythm""}"
"2026-04-23","2026/4/23 22:52:35","reflect.chat_opened","{""date"":""2026-04-23"",""mode"":""day""}"
"2026-04-23","2026/4/23 22:52:51","reflect.chat_opened","{""date"":""2026-04-23"",""mode"":""day""}"
"2026-04-23","2026/4/23 22:53:08","reflect.ended","{""date"":""2026-04-23"",""mode"":""daily"",""durationMs"":19920,""messageCount"":1}"
"2026-04-23","2026/4/23 22:53:08","daily.leftovers","{""totalCount"":3,""leftoverTasks"":[{""id"":""1776955917605-feo8"",""title"":""主题词汇"",""priority"":""medium""},{""id"":""1776955917605-f0hf"",""title"":""N3听力读一套"",""priority"":""medium""},{""id"":""1776955917605-mgmq"",""title"":""日语N4单词"",""priority"":""medium""}]}"
"2026-04-23","2026/4/23 22:53:08","reflect.closed","{""date"":""2026-04-23"",""mode"":""day"",""hadChat"":true,""durationMs"":56603,""hadEndedProperly"":true}"
"2026-04-23","2026/4/23 22:53:30","task.created","{""title"":""repeat一套"",""source"":""editor"",""taskId"":""t-1776956010368-gckb""}"
"2026-04-23","2026/4/23 22:53:40","task.created","{""title"":""口语"",""source"":""editor"",""taskId"":""t-1776956020214-pj50""}"
"2026-04-23","2026/4/23 22:53:42","task.edited","{""field"":""title"",""taskId"":""t-1776956020214-pj50""}"
"2026-04-23","2026/4/23 22:53:53","reflect.opened","{""date"":""2026-04-23"",""mode"":""day""}"
"2026-04-23","2026/4/23 22:53:56","reflect.closed","{""date"":""2026-04-23"",""mode"":""day"",""hadChat"":false,""durationMs"":3272,""hadEndedProperly"":false}"
"2026-04-23","2026/4/23 22:54:04","task.reordered","{""taskId"":""t-1776956010368-gckb"",""toIndex"":0,""fromIndex"":3}"
"2026-04-23","2026/4/23 22:54:06","task.reordered","{""taskId"":""t-1776956020214-pj50"",""toIndex"":1,""fromIndex"":4}"
"2026-04-23","2026/4/23 22:54:29","task.created","{""title"":""写作完成句子一套"",""source"":""editor"",""taskId"":""t-1776956069566-yjpf""}"
"2026-04-23","2026/4/23 22:54:33","task.reordered","{""taskId"":""t-1776956069566-yjpf"",""toIndex"":0,""fromIndex"":5}"
"2026-04-23","2026/4/23 22:54:41","app.quit","{}"
"2026-04-23","2026/4/23 23:21:01","app.launched","{}"
"2026-04-23","2026/4/23 23:21:03","plan.focus_selected","{""taskId"":""t-1776956069566-yjpf"",""taskTitle"":""写作完成句子一套""}"
"2026-04-23","2026/4/23 23:21:03","mode.widget_entered","{}"
"2026-04-23","2026/4/23 23:21:03","plan.brain_dump","{""tasks"":[{""id"":""t-1776956069566-yjpf"",""title"":""写作完成句子一套""},{""id"":""t-1776956010368-gckb"",""title"":""repeat一套""},{""id"":""t-1776956020214-pj50"",""title"":""口语修改""},{""id"":""1776955917605-feo8"",""title"":""主题词汇""},{""id"":""1776955917605-f0hf"",""title"":""N3听力读一套""},{""id"":""1776955917605-mgmq"",""title"":""日语N4单词""}],""taskCount"":6}"
"2026-04-23","2026/4/23 23:21:08","plan.first_micro","{""source"":""self"",""taskId"":""t-1776956069566-yjpf"",""taskTitle"":""写作完成句子一套"",""microAction"":""打开匹克""}"
"2026-04-23","2026/4/23 23:21:08","plan.brain_dump","{""tasks"":[{""id"":""t-1776956069566-yjpf"",""title"":""写作完成句子一套""},{""id"":""t-1776956010368-gckb"",""title"":""repeat一套""},{""id"":""t-1776956020214-pj50"",""title"":""口语修改""},{""id"":""1776955917605-feo8"",""title"":""主题词汇""},{""id"":""1776955917605-f0hf"",""title"":""N3听力读一套""},{""id"":""1776955917605-mgmq"",""title"":""日语N4单词""}],""taskCount"":6}"
"2026-04-23","2026/4/23 23:21:08","plan.focus_selected","{""taskId"":""t-1776956069566-yjpf"",""taskTitle"":""写作完成句子一套""}"
"2026-04-23","2026/4/23 23:21:08","exec.micro_started","{""taskId"":""t-1776956069566-yjpf"",""sessionId"":""s-1776957668849-jfhv"",""taskTitle"":""写作完成句子一套"",""microAction"":""打开匹克""}"
"2026-04-23","2026/4/23 23:21:08","session.started","{""taskId"":""t-1776956069566-yjpf"",""sessionId"":""s-1776957668849-jfhv"",""taskTitle"":""写作完成句子一套""}"
"2026-04-23","2026/4/23 23:21:27","exec.micro_completed","{""taskId"":""t-1776956069566-yjpf"",""sessionId"":""s-1776957668849-jfhv"",""taskTitle"":""写作完成句子一套"",""microAction"":""打开匹克"",""actualSeconds"":18}"
"2026-04-23","2026/4/23 23:30:00","session.started","{""source"":""manual"",""taskId"":""t-1776956010368-gckb"",""sessionId"":""1777031354002-5ikrqz"",""taskTitle"":""repeat一套""}"
"2026-04-23","2026/4/23 23:45:00","session.ended","{""source"":""manual"",""taskId"":""t-1776956010368-gckb"",""endReason"":""manual_entry"",""sessionId"":""1777031354002-5ikrqz"",""taskTitle"":""repeat一套"",""completedMicroSteps"":0,""totalDurationSeconds"":900}"
"2026-04-23","2026/4/23 23:45:18","exec.flow_ended","{""taskId"":""t-1776956069566-yjpf"",""endReason"":""task_done"",""sessionId"":""s-1776957668849-jfhv"",""taskTitle"":""写作完成句子一套"",""flowDurationSeconds"":1431}"
"2026-04-23","2026/4/23 23:45:18","session.macro_completed","{""taskId"":""t-1776956069566-yjpf"",""taskTitle"":""写作完成句子一套"",""completedVia"":""flow""}"
"2026-04-23","2026/4/23 23:45:18","session.ended","{""taskId"":""t-1776956069566-yjpf"",""endReason"":""task_done"",""sessionId"":""s-1776957668849-jfhv"",""taskTitle"":""写作完成句子一套"",""completedMicroSteps"":1,""totalDurationSeconds"":1449}"
"2026-04-24","2026/4/24 19:48:43","mode.widget_expanded","{}"
"2026-04-24","2026/4/24 19:48:45","reflect.opened","{""date"":""2026-04-24"",""mode"":""day""}"
"2026-04-24","2026/4/24 19:49:14","manual.time_added","{""date"":""2026-04-23"",""entryCount"":2}"
"2026-04-24","2026/4/24 19:54:42","reflect.closed","{""date"":""2026-04-24"",""mode"":""day"",""hadChat"":false,""durationMs"":356542,""hadEndedProperly"":false}"
"2026-04-24","2026/4/24 19:54:46","task.carried_over","{""taskIds"":[""t-1776956020214-pj50"",""1776955917605-feo8"",""1776955917605-f0hf"",""1776955917605-mgmq""],""fromDate"":""2026-04-23""}"
"2026-04-24","2026/4/24 22:23:07","task.created","{""title"":""repeat一套"",""source"":""editor"",""taskId"":""t-1777040587297-w3bz""}"
"2026-04-24","2026/4/24 22:23:10","task.created","{""title"":""阅读一套"",""source"":""editor"",""taskId"":""t-1777040590993-92l7""}"
"2026-04-24","2026/4/24 22:23:23","reflect.opened","{""date"":""2026-04-24"",""mode"":""day""}"
"2026-04-24","2026/4/24 22:23:40","reflect.closed","{""date"":""2026-04-24"",""mode"":""day"",""hadChat"":false,""durationMs"":17405,""hadEndedProperly"":false}"
"2026-04-24","2026/4/24 22:25:45","nav.date_changed","{""to"":""2026-04-23"",""from"":""2026-04-24"",""method"":""arrow""}"
"2026-04-24","2026/4/24 22:25:46","reflect.opened","{""date"":""2026-04-24"",""mode"":""day""}"
"2026-04-24","2026/4/24 22:25:59","reflect.closed","{""date"":""2026-04-24"",""mode"":""day"",""hadChat"":false,""durationMs"":13001,""hadEndedProperly"":false}"
"2026-04-24","2026/4/24 22:26:02","nav.date_changed","{""to"":""2026-04-24"",""from"":""2026-04-23"",""method"":""arrow""}"
"2026-04-24","2026/4/24 22:26:06","task.reordered","{""taskId"":""t-1777040587297-w3bz"",""toIndex"":1,""fromIndex"":4}"
"2026-04-24","2026/4/24 22:26:08","task.reordered","{""taskId"":""t-1777040590993-92l7"",""toIndex"":0,""fromIndex"":5}"
"2026-04-24","2026/4/24 22:29:45","task.deleted","{""taskId"":""t-1777040590993-92l7""}"
"2026-04-24","2026/4/24 22:30:21","task.created","{""title"":""听力一套"",""source"":""editor"",""taskId"":""t-1777041021471-byhk""}"
"2026-04-24","2026/4/24 22:30:24","task.reordered","{""taskId"":""t-1777041021471-byhk"",""toIndex"":1,""fromIndex"":5}"
"2026-04-24","2026/4/24 22:30:26","task.reordered","{""taskId"":""t-1777041021471-byhk"",""toIndex"":0,""fromIndex"":1}"
"2026-04-24","2026/4/24 22:30:28","plan.brain_dump","{""tasks"":[{""id"":""t-1777041021471-byhk"",""title"":""听力一套""},{""id"":""1777031686467-svk0"",""title"":""口语修改""},{""id"":""t-1777040587297-w3bz"",""title"":""repeat一套""},{""id"":""1777031686467-bapi"",""title"":""主题词汇""},{""id"":""1777031686467-1kbj"",""title"":""N3听力读一套""},{""id"":""1777031686467-4rod"",""title"":""日语N4单词""}],""taskCount"":6}"
"2026-04-24","2026/4/24 22:30:28","plan.focus_selected","{""taskId"":""t-1777041021471-byhk"",""taskTitle"":""听力一套""}"
"2026-04-24","2026/4/24 22:30:28","mode.widget_entered","{}"
"2026-04-24","2026/4/24 22:30:39","plan.first_micro","{""source"":""self"",""taskId"":""t-1777041021471-byhk"",""taskTitle"":""听力一套"",""microAction"":""打开匹克一套听力""}"
"2026-04-24","2026/4/24 22:30:39","exec.micro_started","{""taskId"":""t-1777041021471-byhk"",""sessionId"":""s-1777041039818-sd9i"",""taskTitle"":""听力一套"",""microAction"":""打开匹克一套听力""}"
"2026-04-24","2026/4/24 22:30:39","plan.brain_dump","{""tasks"":[{""id"":""t-1777041021471-byhk"",""title"":""听力一套""},{""id"":""1777031686467-svk0"",""title"":""口语修改""},{""id"":""t-1777040587297-w3bz"",""title"":""repeat一套""},{""id"":""1777031686467-bapi"",""title"":""主题词汇""},{""id"":""1777031686467-1kbj"",""title"":""N3听力读一套""},{""id"":""1777031686467-4rod"",""title"":""日语N4单词""}],""taskCount"":6}"
"2026-04-24","2026/4/24 22:30:39","plan.focus_selected","{""taskId"":""t-1777041021471-byhk"",""taskTitle"":""听力一套""}"
"2026-04-24","2026/4/24 22:30:39","session.started","{""taskId"":""t-1777041021471-byhk"",""sessionId"":""s-1777041039818-sd9i"",""taskTitle"":""听力一套""}"
"2026-04-24","2026/4/24 23:01:17","exec.micro_completed","{""taskId"":""t-1777041021471-byhk"",""sessionId"":""s-1777041039818-sd9i"",""taskTitle"":""听力一套"",""microAction"":""打开匹克一套听力"",""actualSeconds"":1838}"
"2026-04-24","2026/4/24 23:04:52","exec.flow_ended","{""taskId"":""t-1777041021471-byhk"",""endReason"":""task_done"",""sessionId"":""s-1777041039818-sd9i"",""taskTitle"":""听力一套"",""flowDurationSeconds"":214}"
"2026-04-24","2026/4/24 23:04:52","session.ended","{""taskId"":""t-1777041021471-byhk"",""endReason"":""task_done"",""sessionId"":""s-1777041039818-sd9i"",""taskTitle"":""听力一套"",""completedMicroSteps"":1,""totalDurationSeconds"":2052}"
"2026-04-24","2026/4/24 23:04:52","session.macro_completed","{""taskId"":""t-1777041021471-byhk"",""taskTitle"":""听力一套"",""completedVia"":""flow""}"
"2026-04-25","2026/4/25 00:22:27","plan.focus_selected","{""taskId"":""t-1777040587297-w3bz"",""taskTitle"":""repeat一套""}"
"2026-04-25","2026/4/25 00:22:27","plan.brain_dump","{""tasks"":[{""id"":""1777031686467-svk0"",""title"":""口语修改""},{""id"":""t-1777040587297-w3bz"",""title"":""repeat一套""},{""id"":""1777031686467-bapi"",""title"":""主题词汇""},{""id"":""1777031686467-1kbj"",""title"":""N3听力读一套""},{""id"":""1777031686467-4rod"",""title"":""日语N4单词""}],""taskCount"":5}"
"2026-04-25","2026/4/25 00:22:27","exec.micro_started","{""taskId"":""t-1777040587297-w3bz"",""sessionId"":""s-1777047747353-373x"",""taskTitle"":""repeat一套"",""microAction"":""打开匹克软件""}"
"2026-04-25","2026/4/25 00:22:27","session.started","{""taskId"":""t-1777040587297-w3bz"",""sessionId"":""s-1777047747353-373x"",""taskTitle"":""repeat一套""}"
"2026-04-25","2026/4/25 00:22:27","plan.first_micro","{""source"":""ai_chip"",""taskId"":""t-1777040587297-w3bz"",""taskTitle"":""repeat一套"",""microAction"":""打开匹克软件""}"
"2026-04-25","2026/4/25 00:24:47","exec.micro_completed","{""taskId"":""t-1777040587297-w3bz"",""sessionId"":""s-1777047747353-373x"",""taskTitle"":""repeat一套"",""microAction"":""打开匹克软件"",""actualSeconds"":139}"
"2026-04-25","2026/4/25 00:27:43","exec.flow_ended","{""taskId"":""t-1777040587297-w3bz"",""endReason"":""task_done"",""sessionId"":""s-1777047747353-373x"",""taskTitle"":""repeat一套"",""flowDurationSeconds"":176}"
"2026-04-25","2026/4/25 00:27:43","session.macro_completed","{""taskId"":""t-1777040587297-w3bz"",""taskTitle"":""repeat一套"",""completedVia"":""flow""}"
"2026-04-25","2026/4/25 00:27:43","session.ended","{""taskId"":""t-1777040587297-w3bz"",""endReason"":""task_done"",""sessionId"":""s-1777047747353-373x"",""taskTitle"":""repeat一套"",""completedMicroSteps"":1,""totalDurationSeconds"":316}"
"2026-04-25","2026/4/25 08:36:19","app.launched","{}"
"2026-04-26","2026/4/26 14:09:42","memory.opened","{}"
"2026-04-26","2026/4/26 14:09:44","reflect.opened","{""date"":""2026-04-26"",""mode"":""day""}"
"2026-04-26","2026/4/26 14:09:47","reflect.chat_opened","{""date"":""2026-04-26"",""mode"":""day""}"
"2026-04-26","2026/4/26 14:09:52","daily.leftovers","{""totalCount"":0,""leftoverTasks"":[]}"
"2026-04-26","2026/4/26 14:09:52","reflect.ended","{""date"":""2026-04-26"",""mode"":""daily"",""durationMs"":7586,""messageCount"":1}"
"2026-04-26","2026/4/26 14:09:55","reflect.chat_opened","{""date"":""2026-04-26"",""mode"":""day""}"
"2026-04-26","2026/4/26 14:10:09","daily.leftovers","{""totalCount"":0,""leftoverTasks"":[]}"
"2026-04-26","2026/4/26 14:10:09","reflect.ended","{""date"":""2026-04-25"",""mode"":""daily"",""durationMs"":14182,""messageCount"":1}"
"2026-04-26","2026/4/26 14:10:09","reflect.closed","{""date"":""2026-04-26"",""mode"":""day"",""hadChat"":true,""durationMs"":24194,""hadEndedProperly"":true}"
"2026-04-26","2026/4/26 14:10:13","nav.date_changed","{""to"":""2026-04-25"",""from"":""2026-04-26"",""method"":""arrow""}"
"2026-04-26","2026/4/26 14:10:13","nav.date_changed","{""to"":""2026-04-24"",""from"":""2026-04-25"",""method"":""arrow""}"
"2026-04-26","2026/4/26 14:10:14","nav.date_changed","{""to"":""2026-04-23"",""from"":""2026-04-24"",""method"":""arrow""}"
"2026-04-26","2026/4/26 14:10:15","nav.date_changed","{""to"":""2026-04-22"",""from"":""2026-04-23"",""method"":""arrow""}"
"2026-04-26","2026/4/26 14:10:16","nav.date_changed","{""to"":""2026-04-21"",""from"":""2026-04-22"",""method"":""arrow""}"
"2026-04-26","2026/4/26 14:10:16","nav.date_changed","{""to"":""2026-04-20"",""from"":""2026-04-21"",""method"":""arrow""}"
"2026-04-26","2026/4/26 14:10:18","nav.date_changed","{""to"":""2026-04-21"",""from"":""2026-04-20"",""method"":""arrow""}"
"2026-04-26","2026/4/26 14:10:18","nav.date_changed","{""to"":""2026-04-22"",""from"":""2026-04-21"",""method"":""arrow""}"
"2026-04-26","2026/4/26 14:10:18","nav.date_changed","{""to"":""2026-04-23"",""from"":""2026-04-22"",""method"":""arrow""}"
"2026-04-26","2026/4/26 14:10:18","nav.date_changed","{""to"":""2026-04-24"",""from"":""2026-04-23"",""method"":""arrow""}"
"2026-04-26","2026/4/26 14:10:19","nav.date_changed","{""to"":""2026-04-25"",""from"":""2026-04-24"",""method"":""arrow""}"
"2026-04-26","2026/4/26 14:10:20","nav.date_changed","{""to"":""2026-04-26"",""from"":""2026-04-25"",""method"":""arrow""}"
"2026-04-26","2026/4/26 14:16:45","reflect.opened","{""date"":""2026-04-26"",""mode"":""day""}"
"2026-04-26","2026/4/26 14:16:51","reflect.chat_opened","{""date"":""2026-04-26"",""mode"":""day""}"
"2026-04-26","2026/4/26 14:17:03","reflect.mode_switched","{""to"":""week"",""from"":""day""}"
"2026-04-26","2026/4/26 14:17:34","reflect.ended","{""date"":""2026-04-09"",""mode"":""weekly"",""durationMs"":1622,""messageCount"":1}"
"2026-04-26","2026/4/26 14:17:34","daily.leftovers","{""totalCount"":4,""leftoverTasks"":[{""id"":""t-1776956020214-pj50"",""title"":""口语修改"",""priority"":""medium""},{""id"":""1776955917605-feo8"",""title"":""主题词汇"",""priority"":""medium""},{""id"":""1776955917605-f0hf"",""title"":""N3听力读一套"",""priority"":""medium""},{""id"":""1776955917605-mgmq"",""title"":""日语N4单词"",""priority"":""medium""}]}"
"2026-04-26","2026/4/26 14:17:34","reflect.closed","{""date"":""2026-04-26"",""mode"":""day"",""hadChat"":true,""durationMs"":48700,""hadEndedProperly"":true}"
"2026-04-26","2026/4/26 14:17:53","reflect.opened","{""date"":""2026-04-26"",""mode"":""day""}"
"2026-04-26","2026/4/26 14:17:54","reflect.chat_opened","{""date"":""2026-04-26"",""mode"":""day""}"
"2026-04-26","2026/4/26 14:18:25","daily.leftovers","{""totalCount"":0,""leftoverTasks"":[]}"
"2026-04-26","2026/4/26 14:18:25","reflect.ended","{""date"":""2026-04-26"",""mode"":""daily"",""durationMs"":31666,""messageCount"":1}"
"2026-04-26","2026/4/26 14:18:25","reflect.closed","{""date"":""2026-04-26"",""mode"":""day"",""hadChat"":true,""durationMs"":31686,""hadEndedProperly"":true}"
"2026-04-26","2026/4/26 14:24:28","memory.opened","{}"
"2026-04-26","2026/4/26 14:24:31","reflect.opened","{""date"":""2026-04-26"",""mode"":""day""}"
"2026-04-26","2026/4/26 14:24:32","reflect.mode_switched","{""to"":""week"",""from"":""day""}"
"2026-04-26","2026/4/26 14:25:24","reflect.closed","{""date"":""2026-04-26"",""mode"":""day"",""hadChat"":false,""durationMs"":52759,""hadEndedProperly"":false}"
"2026-04-26","2026/4/26 14:38:55","auth.login","{}"
"2026-04-26","2026/4/26 14:39:01","reflect.opened","{""date"":""2026-04-26"",""mode"":""day""}"
"2026-04-26","2026/4/26 14:39:08","reflect.chat_opened","{""date"":""2026-04-26"",""mode"":""day""}"
"2026-04-26","2026/4/26 14:51:50","reflect.ended","{""date"":""2026-04-17"",""mode"":""daily"",""durationMs"":762927,""messageCount"":1}"
"2026-04-26","2026/4/26 14:51:50","daily.leftovers","{""totalCount"":3,""leftoverTasks"":[{""id"":""1776426154175-rmll"",""title"":""N3听力读一套"",""priority"":""medium""},{""id"":""1776426154175-48wx"",""title"":""日语N4单词"",""priority"":""medium""},{""id"":""1776426154175-fflj"",""title"":""主题词汇2"",""priority"":""medium""}]}"
"2026-04-26","2026/4/26 14:51:50","reflect.closed","{""date"":""2026-04-26"",""mode"":""day"",""hadChat"":true,""durationMs"":768655,""hadEndedProperly"":true}"
"2026-04-26","2026/4/26 14:51:58","reflect.opened","{""date"":""2026-04-26"",""mode"":""day""}"
"2026-04-26","2026/4/26 14:52:00","reflect.ended","{""date"":""2026-04-26"",""mode"":""daily"",""durationMs"":1361,""messageCount"":1}"
"2026-04-26","2026/4/26 14:52:00","daily.leftovers","{""totalCount"":0,""leftoverTasks"":[]}"
"2026-04-26","2026/4/26 14:52:00","reflect.closed","{""date"":""2026-04-26"",""mode"":""day"",""hadChat"":true,""durationMs"":1388,""hadEndedProperly"":true}"
"2026-04-26","2026/4/26 14:52:05","task.created","{""title"":""学习"",""source"":""editor"",""taskId"":""t-1777186325576-t07s""}"
"2026-04-26","2026/4/26 14:52:06","plan.focus_selected","{""taskId"":""t-1777186325576-t07s"",""taskTitle"":""学习""}"
"2026-04-26","2026/4/26 14:52:06","plan.brain_dump","{""tasks"":[{""id"":""t-1777186325576-t07s"",""title"":""学习""}],""taskCount"":1}"
"2026-04-26","2026/4/26 14:52:06","mode.widget_entered","{}"
"2026-04-26","2026/4/26 14:52:12","plan.first_micro","{""source"":""ai_chip"",""taskId"":""t-1777186325576-t07s"",""taskTitle"":""学习"",""microAction"":""点开学习软件图标""}"
"2026-04-26","2026/4/26 14:52:12","plan.brain_dump","{""tasks"":[{""id"":""t-1777186325576-t07s"",""title"":""学习""}],""taskCount"":1}"
"2026-04-26","2026/4/26 14:52:12","exec.micro_started","{""taskId"":""t-1777186325576-t07s"",""sessionId"":""s-1777186332180-y44x"",""taskTitle"":""学习"",""microAction"":""点开学习软件图标""}"
"2026-04-26","2026/4/26 14:52:12","plan.focus_selected","{""taskId"":""t-1777186325576-t07s"",""taskTitle"":""学习""}"
"2026-04-26","2026/4/26 14:52:12","session.started","{""taskId"":""t-1777186325576-t07s"",""sessionId"":""s-1777186332180-y44x"",""taskTitle"":""学习""}"
"2026-04-26","2026/4/26 14:52:14","stuck.triggered","{""taskId"":""t-1777186325576-t07s"",""sessionId"":""s-1777186332180-y44x"",""microAction"":""点开学习软件图标"",""elapsedSeconds"":2}"
"2026-04-26","2026/4/26 15:00:15","exec.micro_started","{""taskId"":""t-1777186325576-t07s"",""sessionId"":""s-1777186332180-y44x"",""taskTitle"":""学习"",""microAction"":""点开学习软件图标""}"
"2026-04-26","2026/4/26 15:00:20","exec.micro_completed","{""taskId"":""t-1777186325576-t07s"",""sessionId"":""s-1777186332180-y44x"",""taskTitle"":""学习"",""microAction"":""点开学习软件图标"",""actualSeconds"":4}"
"2026-04-26","2026/4/26 15:00:22","exec.flow_ended","{""taskId"":""t-1777186325576-t07s"",""endReason"":""task_done"",""sessionId"":""s-1777186332180-y44x"",""taskTitle"":""学习"",""flowDurationSeconds"":2}"
"2026-04-26","2026/4/26 15:00:22","session.macro_completed","{""taskId"":""t-1777186325576-t07s"",""taskTitle"":""学习"",""completedVia"":""flow""}"
"2026-04-26","2026/4/26 15:00:22","session.ended","{""taskId"":""t-1777186325576-t07s"",""endReason"":""task_done"",""sessionId"":""s-1777186332180-y44x"",""taskTitle"":""学习"",""completedMicroSteps"":1,""totalDurationSeconds"":490}"
"2026-04-26","2026/4/26 15:00:35","mode.widget_expanded","{}"
"2026-04-26","2026/4/26 15:00:40","task.created","{""title"":""学习"",""source"":""editor"",""taskId"":""t-1777186840633-kd3o""}"
"2026-04-26","2026/4/26 15:00:41","plan.brain_dump","{""tasks"":[{""id"":""t-1777186840633-kd3o"",""title"":""学习""}],""taskCount"":1}"
"2026-04-26","2026/4/26 15:00:41","mode.widget_entered","{}"
"2026-04-26","2026/4/26 15:00:41","plan.focus_selected","{""taskId"":""t-1777186840633-kd3o"",""taskTitle"":""学习""}"
"2026-04-26","2026/4/26 15:00:43","plan.first_micro","{""source"":""ai_chip"",""taskId"":""t-1777186840633-kd3o"",""taskTitle"":""学习"",""microAction"":""拿起笔放在桌面""}"
"2026-04-26","2026/4/26 15:00:43","plan.focus_selected","{""taskId"":""t-1777186840633-kd3o"",""taskTitle"":""学习""}"
"2026-04-26","2026/4/26 15:00:43","plan.brain_dump","{""tasks"":[{""id"":""t-1777186840633-kd3o"",""title"":""学习""}],""taskCount"":1}"
"2026-04-26","2026/4/26 15:00:43","exec.micro_started","{""taskId"":""t-1777186840633-kd3o"",""sessionId"":""s-1777186843226-k50k"",""taskTitle"":""学习"",""microAction"":""拿起笔放在桌面""}"
"2026-04-26","2026/4/26 15:00:43","session.started","{""taskId"":""t-1777186840633-kd3o"",""sessionId"":""s-1777186843226-k50k"",""taskTitle"":""学习""}"
"2026-04-26","2026/4/26 15:00:45","exec.micro_completed","{""taskId"":""t-1777186840633-kd3o"",""sessionId"":""s-1777186843226-k50k"",""taskTitle"":""学习"",""microAction"":""拿起笔放在桌面"",""actualSeconds"":2}"
"2026-04-26","2026/4/26 15:00:46","session.ended","{""taskId"":""t-1777186840633-kd3o"",""endReason"":""task_done"",""sessionId"":""s-1777186843226-k50k"",""taskTitle"":""学习"",""completedMicroSteps"":1,""totalDurationSeconds"":3}"
"2026-04-26","2026/4/26 15:00:46","session.macro_completed","{""taskId"":""t-1777186840633-kd3o"",""taskTitle"":""学习"",""completedVia"":""flow""}"
"2026-04-26","2026/4/26 15:00:46","exec.flow_ended","{""taskId"":""t-1777186840633-kd3o"",""endReason"":""task_done"",""sessionId"":""s-1777186843226-k50k"",""taskTitle"":""学习"",""flowDurationSeconds"":1}"
"2026-04-26","2026/4/26 15:00:47","mode.widget_expanded","{}"
"2026-04-26","2026/4/26 15:00:49","reflect.opened","{""date"":""2026-04-26"",""mode"":""day""}"
"2026-04-26","2026/4/26 15:00:51","reflect.ended","{""date"":""2026-04-26"",""mode"":""daily"",""durationMs"":1745,""messageCount"":1}"
"2026-04-26","2026/4/26 15:00:51","daily.leftovers","{""totalCount"":0,""leftoverTasks"":[]}"
"2026-04-26","2026/4/26 15:00:51","reflect.closed","{""date"":""2026-04-26"",""mode"":""day"",""hadChat"":true,""durationMs"":1772,""hadEndedProperly"":true}"
"2026-04-26","2026/4/26 16:10:30","reflect.opened","{""date"":""2026-04-26"",""mode"":""day""}"
"2026-04-26","2026/4/26 16:10:36","reflect.ended","{""date"":""2026-04-26"",""mode"":""daily"",""durationMs"":6222,""messageCount"":1}"
"2026-04-26","2026/4/26 16:10:36","daily.leftovers","{""totalCount"":0,""leftoverTasks"":[]}"
"2026-04-26","2026/4/26 16:10:36","reflect.closed","{""date"":""2026-04-26"",""mode"":""day"",""hadChat"":true,""durationMs"":6243,""hadEndedProperly"":true}"
"2026-04-26","2026/4/26 20:19:14","task.carried_over","{""taskIds"":[""1777031686467-svk0"",""1777031686467-bapi"",""1777031686467-1kbj"",""1777031686467-4rod""],""fromDate"":""2026-04-24""}"
"2026-04-26","2026/4/26 20:19:26","task.created","{""title"":""模拟考一套"",""source"":""editor"",""taskId"":""t-1777205966168-mp7c""}"
"2026-04-26","2026/4/26 20:19:27","task.edited","{""field"":""title"",""taskId"":""t-1777205966168-mp7c""}"
"2026-04-26","2026/4/26 20:19:33","task.reordered","{""taskId"":""t-1777205966168-mp7c"",""toIndex"":0,""fromIndex"":4}"
"2026-04-26","2026/4/26 21:09:47","plan.brain_dump","{""tasks"":[{""id"":""t-1777205966168-mp7c"",""title"":""TOEFL模拟考一套""},{""id"":""1777205954519-9eqq"",""title"":""口语修改""},{""id"":""1777205954519-hvsv"",""title"":""主题词汇""},{""id"":""1777205954519-x7el"",""title"":""N3听力读一套""},{""id"":""1777205954519-mwcq"",""title"":""日语N4单词""}],""taskCount"":5}"
"2026-04-26","2026/4/26 21:09:47","mode.widget_entered","{}"
"2026-04-26","2026/4/26 21:09:47","plan.focus_selected","{""taskId"":""t-1777205966168-mp7c"",""taskTitle"":""TOEFL模拟考一套""}"
"2026-04-26","2026/4/26 21:09:55","exec.micro_started","{""taskId"":""t-1777205966168-mp7c"",""sessionId"":""s-1777208995110-31ho"",""taskTitle"":""TOEFL模拟考一套"",""microAction"":""打开匹克一套真题""}"
"2026-04-26","2026/4/26 21:09:55","plan.focus_selected","{""taskId"":""t-1777205966168-mp7c"",""taskTitle"":""TOEFL模拟考一套""}"
"2026-04-26","2026/4/26 21:09:55","plan.brain_dump","{""tasks"":[{""id"":""t-1777205966168-mp7c"",""title"":""TOEFL模拟考一套""},{""id"":""1777205954519-9eqq"",""title"":""口语修改""},{""id"":""1777205954519-hvsv"",""title"":""主题词汇""},{""id"":""1777205954519-x7el"",""title"":""N3听力读一套""},{""id"":""1777205954519-mwcq"",""title"":""日语N4单词""}],""taskCount"":5}"
"2026-04-26","2026/4/26 21:09:55","session.started","{""taskId"":""t-1777205966168-mp7c"",""sessionId"":""s-1777208995110-31ho"",""taskTitle"":""TOEFL模拟考一套""}"
"2026-04-26","2026/4/26 21:09:55","plan.first_micro","{""source"":""self"",""taskId"":""t-1777205966168-mp7c"",""taskTitle"":""TOEFL模拟考一套"",""microAction"":""打开匹克一套真题""}"
"2026-04-26","2026/4/26 21:10:55","exec.micro_completed","{""taskId"":""t-1777205966168-mp7c"",""sessionId"":""s-1777208995110-31ho"",""taskTitle"":""TOEFL模拟考一套"",""microAction"":""打开匹克一套真题"",""actualSeconds"":60}"
"2026-04-26","2026/4/26 22:10:06","session.paused","{""taskId"":""t-1777205966168-mp7c"",""sessionId"":""s-1777208995110-31ho"",""taskTitle"":""TOEFL模拟考一套"",""microAction"":""TOEFL模拟考一套"",""elapsedSeconds"":3611,""completedMicroSteps"":1}"
"2026-04-26","2026/4/26 22:10:20","session.resumed","{""taskId"":""t-1777205966168-mp7c"",""sessionId"":""s-1777208995110-31ho"",""taskTitle"":""TOEFL模拟考一套"",""microAction"":""TOEFL模拟考一套"",""originalSessionId"":""s-1777208995110-31ho"",""elapsedBeforePause"":3611,""completedMicroSteps"":1,""pausedDurationSeconds"":14}"
"2026-04-26","2026/4/26 23:44:49","session.macro_completed","{""taskId"":""t-1777205966168-mp7c"",""taskTitle"":""TOEFL模拟考一套"",""completedVia"":""flow""}"
"2026-04-26","2026/4/26 23:44:49","session.ended","{""taskId"":""t-1777205966168-mp7c"",""endReason"":""task_done"",""sessionId"":""s-1777208995110-31ho"",""taskTitle"":""TOEFL模拟考一套"",""completedMicroSteps"":1,""totalDurationSeconds"":9279}"
"2026-04-26","2026/4/26 23:44:49","exec.flow_ended","{""taskId"":""t-1777205966168-mp7c"",""endReason"":""task_done"",""sessionId"":""s-1777208995110-31ho"",""taskTitle"":""TOEFL模拟考一套"",""flowDurationSeconds"":5668}"
"2026-04-27","2026/4/27 09:00:00","session.started","{""source"":""manual"",""taskId"":""t-1777290895855-au0i"",""sessionId"":""1777303912221-g362qm"",""taskTitle"":""补充写作""}"
"2026-04-27","2026/4/27 09:03:00","session.started","{""source"":""manual"",""taskId"":""t-1777274689094-vld7"",""sessionId"":""1777276620474-upnb8q"",""taskTitle"":""测试""}"
"2026-04-27","2026/4/27 10:00:00","session.ended","{""source"":""manual"",""taskId"":""t-1777290895855-au0i"",""endReason"":""manual_entry"",""sessionId"":""1777303912221-g362qm"",""taskTitle"":""补充写作"",""completedMicroSteps"":0,""totalDurationSeconds"":3600}"
"2026-04-27","2026/4/27 10:02:00","session.ended","{""source"":""manual"",""taskId"":""t-1777274689094-vld7"",""endReason"":""manual_entry"",""sessionId"":""1777276620474-upnb8q"",""taskTitle"":""测试"",""completedMicroSteps"":0,""totalDurationSeconds"":3540}"
"2026-04-27","2026/4/27 11:36:15","app.launched","{}"
"2026-04-27","2026/4/27 11:36:58","app.quit","{}"
"2026-04-27","2026/4/27 11:43:03","app.launched","{}"
"2026-04-27","2026/4/27 13:27:20","task.created","{""title"":""整理2场访谈数据"",""source"":""editor"",""taskId"":""t-1777267640853-u30w""}"
"2026-04-27","2026/4/27 13:27:24","plan.focus_selected","{""taskId"":""t-1777267640853-u30w"",""taskTitle"":""整理2场访谈数据""}"
"2026-04-27","2026/4/27 13:27:24","mode.widget_entered","{}"
"2026-04-27","2026/4/27 13:27:24","plan.brain_dump","{""tasks"":[{""id"":""t-1777267640853-u30w"",""title"":""整理2场访谈数据""}],""taskCount"":1}"
"2026-04-27","2026/4/27 13:27:46","plan.focus_selected","{""taskId"":""t-1777267640853-u30w"",""taskTitle"":""整理2场访谈数据""}"
"2026-04-27","2026/4/27 13:27:46","session.started","{""taskId"":""t-1777267640853-u30w"",""sessionId"":""s-1777267666042-z8ur"",""taskTitle"":""整理2场访谈数据""}"
"2026-04-27","2026/4/27 13:27:46","plan.first_micro","{""source"":""ai_chip"",""taskId"":""t-1777267640853-u30w"",""taskTitle"":""整理2场访谈数据"",""microAction"":""点开访谈数据文件夹""}"
"2026-04-27","2026/4/27 13:27:46","exec.micro_started","{""taskId"":""t-1777267640853-u30w"",""sessionId"":""s-1777267666042-z8ur"",""taskTitle"":""整理2场访谈数据"",""microAction"":""点开访谈数据文件夹""}"
"2026-04-27","2026/4/27 13:27:46","plan.brain_dump","{""tasks"":[{""id"":""t-1777267640853-u30w"",""title"":""整理2场访谈数据""}],""taskCount"":1}"
"2026-04-27","2026/4/27 13:28:52","exec.micro_completed","{""taskId"":""t-1777267640853-u30w"",""sessionId"":""s-1777267666042-z8ur"",""taskTitle"":""整理2场访谈数据"",""microAction"":""点开访谈数据文件夹"",""actualSeconds"":66}"
"2026-04-27","2026/4/27 13:56:45","session.ended","{""taskId"":""t-1777267640853-u30w"",""endReason"":""task_done"",""sessionId"":""s-1777267666042-z8ur"",""taskTitle"":""整理2场访谈数据"",""completedMicroSteps"":1,""totalDurationSeconds"":1739}"
"2026-04-27","2026/4/27 13:56:45","session.macro_completed","{""taskId"":""t-1777267640853-u30w"",""taskTitle"":""整理2场访谈数据"",""completedVia"":""flow""}"
"2026-04-27","2026/4/27 13:56:45","exec.flow_ended","{""taskId"":""t-1777267640853-u30w"",""endReason"":""task_done"",""sessionId"":""s-1777267666042-z8ur"",""taskTitle"":""整理2场访谈数据"",""flowDurationSeconds"":1672}"
"2026-04-27","2026/4/27 13:58:29","mode.widget_expanded","{}"
"2026-04-27","2026/4/27 14:20:32","task.created","{""title"":""整理访谈第一场"",""source"":""editor"",""taskId"":""t-1777270832114-c354""}"
"2026-04-27","2026/4/27 14:20:33","plan.brain_dump","{""tasks"":[{""id"":""t-1777270832114-c354"",""title"":""整理访谈第一场""}],""taskCount"":1}"
"2026-04-27","2026/4/27 14:20:33","mode.widget_entered","{}"
"2026-04-27","2026/4/27 14:20:33","plan.focus_selected","{""taskId"":""t-1777270832114-c354"",""taskTitle"":""整理访谈第一场""}"
"2026-04-27","2026/4/27 14:20:36","plan.brain_dump","{""tasks"":[{""id"":""t-1777270832114-c354"",""title"":""整理访谈第一场""}],""taskCount"":1}"
"2026-04-27","2026/4/27 14:20:36","exec.micro_started","{""taskId"":""t-1777270832114-c354"",""sessionId"":""s-1777270836789-4ywp"",""taskTitle"":""整理访谈第一场"",""microAction"":""点开访谈录音文件""}"
"2026-04-27","2026/4/27 14:20:36","session.started","{""taskId"":""t-1777270832114-c354"",""sessionId"":""s-1777270836789-4ywp"",""taskTitle"":""整理访谈第一场""}"
"2026-04-27","2026/4/27 14:20:36","plan.first_micro","{""source"":""ai_chip"",""taskId"":""t-1777270832114-c354"",""taskTitle"":""整理访谈第一场"",""microAction"":""点开访谈录音文件""}"
"2026-04-27","2026/4/27 14:20:36","plan.focus_selected","{""taskId"":""t-1777270832114-c354"",""taskTitle"":""整理访谈第一场""}"
"2026-04-27","2026/4/27 14:20:40","exec.micro_completed","{""taskId"":""t-1777270832114-c354"",""sessionId"":""s-1777270836789-4ywp"",""taskTitle"":""整理访谈第一场"",""microAction"":""点开访谈录音文件"",""actualSeconds"":3}"
"2026-04-27","2026/4/27 15:10:30","exec.flow_ended","{""taskId"":""t-1777270832114-c354"",""endReason"":""task_done"",""sessionId"":""s-1777270836789-4ywp"",""taskTitle"":""整理访谈第一场"",""flowDurationSeconds"":2989}"
"2026-04-27","2026/4/27 15:10:30","session.ended","{""taskId"":""t-1777270832114-c354"",""endReason"":""task_done"",""sessionId"":""s-1777270836789-4ywp"",""taskTitle"":""整理访谈第一场"",""completedMicroSteps"":1,""totalDurationSeconds"":2993}"
"2026-04-27","2026/4/27 15:10:30","session.macro_completed","{""taskId"":""t-1777270832114-c354"",""taskTitle"":""整理访谈第一场"",""completedVia"":""flow""}"
"2026-04-27","2026/4/27 15:13:52","mode.widget_expanded","{}"
"2026-04-27","2026/4/27 15:13:54","reflect.opened","{""date"":""2026-04-27"",""mode"":""day""}"
"2026-04-27","2026/4/27 15:20:57","reflect.ended","{""date"":""2026-04-27"",""mode"":""daily"",""durationMs"":422942,""messageCount"":1}"
"2026-04-27","2026/4/27 15:20:57","daily.leftovers","{""totalCount"":0,""leftoverTasks"":[]}"
"2026-04-27","2026/4/27 15:20:57","reflect.closed","{""date"":""2026-04-27"",""mode"":""day"",""hadChat"":true,""durationMs"":422989,""hadEndedProperly"":true}"
"2026-04-27","2026/4/27 15:21:58","reflect.opened","{""date"":""2026-04-27"",""mode"":""day""}"
"2026-04-27","2026/4/27 15:23:31","reflect.ended","{""date"":""2026-04-27"",""mode"":""daily"",""durationMs"":92942,""messageCount"":1}"
"2026-04-27","2026/4/27 15:23:31","daily.leftovers","{""totalCount"":0,""leftoverTasks"":[]}"
"2026-04-27","2026/4/27 15:23:31","reflect.closed","{""date"":""2026-04-27"",""mode"":""day"",""hadChat"":true,""durationMs"":93005,""hadEndedProperly"":true}"
"2026-04-27","2026/4/27 15:24:42","reflect.opened","{""date"":""2026-04-27"",""mode"":""day""}"
"2026-04-27","2026/4/27 15:24:46","reflect.ended","{""date"":""2026-04-27"",""mode"":""daily"",""durationMs"":4626,""messageCount"":1}"
"2026-04-27","2026/4/27 15:24:46","daily.leftovers","{""totalCount"":0,""leftoverTasks"":[]}"
"2026-04-27","2026/4/27 15:24:46","reflect.closed","{""date"":""2026-04-27"",""mode"":""day"",""hadChat"":true,""durationMs"":4733,""hadEndedProperly"":true}"
"2026-04-27","2026/4/27 15:24:49","task.created","{""title"":""测试"",""source"":""editor"",""taskId"":""t-1777274689094-vld7""}"
"2026-04-27","2026/4/27 15:24:50","reflect.opened","{""date"":""2026-04-27"",""mode"":""day""}"
"2026-04-27","2026/4/27 15:26:24","daily.leftovers","{""totalCount"":1,""leftoverTasks"":[{""id"":""t-1777274689094-vld7"",""title"":""测试"",""priority"":""medium""}]}"
"2026-04-27","2026/4/27 15:26:24","reflect.ended","{""date"":""2026-04-27"",""mode"":""daily"",""durationMs"":93872,""messageCount"":1}"
"2026-04-27","2026/4/27 15:26:24","reflect.closed","{""date"":""2026-04-27"",""mode"":""day"",""hadChat"":true,""durationMs"":93926,""hadEndedProperly"":true}"
"2026-04-27","2026/4/27 15:56:39","app.launched","{}"
"2026-04-27","2026/4/27 15:56:42","reflect.opened","{""date"":""2026-04-27"",""mode"":""day""}"
"2026-04-27","2026/4/27 15:56:42","reflect.opened","{""date"":""2026-04-27"",""mode"":""day""}"
"2026-04-27","2026/4/27 15:56:42","reflect.closed","{""date"":""2026-04-27"",""mode"":""day"",""hadChat"":true,""durationMs"":5,""hadEndedProperly"":false}"
"2026-04-27","2026/4/27 15:57:00","manual.time_added","{""date"":""2026-04-27"",""entryCount"":2}"
"2026-04-27","2026/4/27 15:57:07","daily.leftovers","{""totalCount"":0,""leftoverTasks"":[]}"
"2026-04-27","2026/4/27 15:57:07","reflect.ended","{""date"":""2026-04-27"",""mode"":""daily"",""durationMs"":24921,""messageCount"":1}"
"2026-04-27","2026/4/27 15:57:07","reflect.closed","{""date"":""2026-04-27"",""mode"":""day"",""hadChat"":true,""durationMs"":25030,""hadEndedProperly"":true}"
"2026-04-27","2026/4/27 16:32:03","app.launched","{}"
"2026-04-27","2026/4/27 16:50:53","app.launched","{}"
"2026-04-27","2026/4/27 17:13:46","app.quit","{}"
"2026-04-27","2026/4/27 17:14:24","app.launched","{}"
"2026-04-27","2026/4/27 17:23:09","reflect.opened","{""date"":""2026-04-27"",""mode"":""day""}"
"2026-04-27","2026/4/27 17:23:09","reflect.closed","{""date"":""2026-04-27"",""mode"":""day"",""hadChat"":true,""durationMs"":2,""hadEndedProperly"":false}"
"2026-04-27","2026/4/27 17:23:09","reflect.opened","{""date"":""2026-04-27"",""mode"":""day""}"
"2026-04-27","2026/4/27 17:24:45","reflect.ended","{""date"":""2026-04-27"",""mode"":""daily"",""durationMs"":95495,""messageCount"":1}"
"2026-04-27","2026/4/27 17:24:45","daily.leftovers","{""totalCount"":0,""leftoverTasks"":[]}"
"2026-04-27","2026/4/27 17:24:45","reflect.closed","{""date"":""2026-04-27"",""mode"":""day"",""hadChat"":true,""durationMs"":95551,""hadEndedProperly"":true}"
"2026-04-27","2026/4/27 17:26:13","reflect.opened","{""date"":""2026-04-27"",""mode"":""day""}"
"2026-04-27","2026/4/27 17:26:13","reflect.closed","{""date"":""2026-04-27"",""mode"":""day"",""hadChat"":true,""durationMs"":1,""hadEndedProperly"":false}"
"2026-04-27","2026/4/27 17:26:13","reflect.opened","{""date"":""2026-04-27"",""mode"":""day""}"
"2026-04-27","2026/4/27 17:40:21","reflect.ended","{""date"":""2026-04-27"",""mode"":""daily"",""durationMs"":848036,""messageCount"":1}"
"2026-04-27","2026/4/27 17:40:21","daily.leftovers","{""totalCount"":0,""leftoverTasks"":[]}"
"2026-04-27","2026/4/27 17:40:21","reflect.closed","{""date"":""2026-04-27"",""mode"":""day"",""hadChat"":true,""durationMs"":848079,""hadEndedProperly"":true}"
"2026-04-27","2026/4/27 17:40:22","app.quit","{}"
"2026-04-27","2026/4/27 17:51:52","app.launched","{}"
"2026-04-27","2026/4/27 17:51:54","reflect.opened","{""date"":""2026-04-27"",""mode"":""day""}"
"2026-04-27","2026/4/27 17:51:54","reflect.opened","{""date"":""2026-04-27"",""mode"":""day""}"
"2026-04-27","2026/4/27 17:51:54","reflect.closed","{""date"":""2026-04-27"",""mode"":""day"",""hadChat"":true,""durationMs"":2,""hadEndedProperly"":false}"
"2026-04-27","2026/4/27 17:53:46","reflect.closed","{""date"":""2026-04-27"",""mode"":""day"",""hadChat"":true,""durationMs"":112620,""hadEndedProperly"":false}"
"2026-04-27","2026/4/27 17:53:46","reflect.opened","{""date"":""2026-04-27"",""mode"":""day""}"
"2026-04-27","2026/4/27 17:54:02","reflect.opened","{""date"":""2026-04-27"",""mode"":""day""}"
"2026-04-27","2026/4/27 17:54:02","reflect.closed","{""date"":""2026-04-27"",""mode"":""day"",""hadChat"":true,""durationMs"":127992,""hadEndedProperly"":false}"
"2026-04-27","2026/4/27 19:54:34","mode.widget_expanded","{}"
"2026-04-27","2026/4/27 19:54:35","nav.date_changed","{""to"":""2026-04-27"",""from"":""2026-04-26"",""method"":""today""}"
"2026-04-27","2026/4/27 19:54:38","task.carried_over","{""taskIds"":[""1777205954519-hvsv"",""1777205954519-x7el"",""1777205954519-mwcq""],""fromDate"":""2026-04-26""}"
"2026-04-27","2026/4/27 19:54:55","task.created","{""title"":""补充写作"",""source"":""editor"",""taskId"":""t-1777290895855-au0i""}"
"2026-04-27","2026/4/27 19:54:59","task.created","{""title"":""错题整理"",""source"":""editor"",""taskId"":""t-1777290899636-ecex""}"
"2026-04-27","2026/4/27 19:55:01","task.reordered","{""taskId"":""t-1777290895855-au0i"",""toIndex"":0,""fromIndex"":3}"
"2026-04-27","2026/4/27 19:55:03","task.reordered","{""taskId"":""t-1777290899636-ecex"",""toIndex"":1,""fromIndex"":4}"
"2026-04-27","2026/4/27 20:09:52","task.created","{""title"":""2023年"",""source"":""editor"",""taskId"":""t-1777291792650-sbwc""}"
"2026-04-27","2026/4/27 20:11:49","task.edited","{""field"":""title"",""taskId"":""t-1777291792650-sbwc""}"
"2026-04-27","2026/4/27 20:11:53","task.reordered","{""taskId"":""t-1777291792650-sbwc"",""toIndex"":0,""fromIndex"":5}"
"2026-04-27","2026/4/27 20:12:13","task.created","{""title"":""语法课后作业"",""source"":""editor"",""taskId"":""t-1777291933794-l2ej""}"
"2026-04-27","2026/4/27 20:12:15","task.reordered","{""taskId"":""t-1777291933794-l2ej"",""toIndex"":0,""fromIndex"":6}"
"2026-04-27","2026/4/27 20:27:02","plan.brain_dump","{""tasks"":[{""id"":""t-1777291933794-l2ej"",""title"":""语法课后作业""},{""id"":""t-1777291792650-sbwc"",""title"":""2023年12月问题1-6单词""},{""id"":""t-1777290895855-au0i"",""title"":""补充写作""},{""id"":""t-1777290899636-ecex"",""title"":""错题整理""},{""id"":""1777290878812-kaev"",""title"":""主题词汇""},{""id"":""1777290878812-q5ff"",""title"":""N3听力读一套""},{""id"":""1777290878812-qs48"",""title"":""日语N4单词""}],""taskCount"":7}"
"2026-04-27","2026/4/27 20:27:02","plan.focus_selected","{""taskId"":""t-1777291933794-l2ej"",""taskTitle"":""语法课后作业""}"
"2026-04-27","2026/4/27 20:27:02","mode.widget_entered","{}"
"2026-04-27","2026/4/27 20:27:05","session.started","{""taskId"":""t-1777291933794-l2ej"",""sessionId"":""s-1777292825122-5qgw"",""taskTitle"":""语法课后作业""}"
"2026-04-27","2026/4/27 20:27:05","exec.micro_started","{""taskId"":""t-1777291933794-l2ej"",""sessionId"":""s-1777292825122-5qgw"",""taskTitle"":""语法课后作业"",""microAction"":""开始做""}"
"2026-04-27","2026/4/27 20:27:05","plan.first_micro","{""source"":""skip"",""taskId"":""t-1777291933794-l2ej"",""taskTitle"":""语法课后作业"",""microAction"":""开始做""}"
"2026-04-27","2026/4/27 20:27:05","plan.focus_selected","{""taskId"":""t-1777291933794-l2ej"",""taskTitle"":""语法课后作业""}"
"2026-04-27","2026/4/27 20:27:05","plan.brain_dump","{""tasks"":[{""id"":""t-1777291933794-l2ej"",""title"":""语法课后作业""},{""id"":""t-1777291792650-sbwc"",""title"":""2023年12月问题1-6单词""},{""id"":""t-1777290895855-au0i"",""title"":""补充写作""},{""id"":""t-1777290899636-ecex"",""title"":""错题整理""},{""id"":""1777290878812-kaev"",""title"":""主题词汇""},{""id"":""1777290878812-q5ff"",""title"":""N3听力读一套""},{""id"":""1777290878812-qs48"",""title"":""日语N4单词""}],""taskCount"":7}"
"2026-04-27","2026/4/27 20:27:06","exec.micro_completed","{""taskId"":""t-1777291933794-l2ej"",""sessionId"":""s-1777292825122-5qgw"",""taskTitle"":""语法课后作业"",""microAction"":""开始做"",""actualSeconds"":1}"
"2026-04-27","2026/4/27 22:07:48","app.launched","{}"
"2026-04-27","2026/4/27 22:07:51","reflect.opened","{""date"":""2026-04-27"",""mode"":""day""}"
"2026-04-27","2026/4/27 22:08:34","daily.leftovers","{""totalCount"":0,""leftoverTasks"":[]}"
"2026-04-27","2026/4/27 22:08:34","reflect.ended","{""date"":""2026-04-27"",""mode"":""daily"",""durationMs"":42639,""messageCount"":1}"
"2026-04-27","2026/4/27 22:08:34","reflect.closed","{""date"":""2026-04-27"",""mode"":""day"",""hadChat"":true,""durationMs"":42673,""hadEndedProperly"":true}"
"2026-04-27","2026/4/27 22:52:11","app.quit","{}"
"2026-04-27","2026/4/27 22:55:58","app.launched","{}"
"2026-04-27","2026/4/27 22:56:02","reflect.opened","{""date"":""2026-04-27"",""mode"":""day""}"
"2026-04-27","2026/4/27 22:56:02","reflect.opened","{""date"":""2026-04-27"",""mode"":""day""}"
"2026-04-27","2026/4/27 22:56:02","reflect.closed","{""date"":""2026-04-27"",""mode"":""day"",""hadChat"":true,""durationMs"":2,""hadEndedProperly"":false}"
"2026-04-27","2026/4/27 22:56:21","reflect.ended","{""date"":""2026-04-27"",""mode"":""daily"",""durationMs"":18960,""messageCount"":1}"
"2026-04-27","2026/4/27 22:56:21","daily.leftovers","{""totalCount"":0,""leftoverTasks"":[]}"
"2026-04-27","2026/4/27 22:56:21","reflect.closed","{""date"":""2026-04-27"",""mode"":""day"",""hadChat"":true,""durationMs"":19020,""hadEndedProperly"":true}"
"2026-04-27","2026/4/27 22:56:24","task.created","{""title"":""学习"",""source"":""editor"",""taskId"":""t-1777301784056-ue8q""}"
"2026-04-27","2026/4/27 22:56:25","reflect.closed","{""date"":""2026-04-27"",""mode"":""day"",""hadChat"":true,""durationMs"":1,""hadEndedProperly"":false}"
"2026-04-27","2026/4/27 22:56:25","reflect.opened","{""date"":""2026-04-27"",""mode"":""day""}"
"2026-04-27","2026/4/27 22:56:25","reflect.opened","{""date"":""2026-04-27"",""mode"":""day""}"
"2026-04-27","2026/4/27 23:01:48","reflect.closed","{""date"":""2026-04-27"",""mode"":""day"",""hadChat"":true,""durationMs"":322602,""hadEndedProperly"":false}"
"2026-04-27","2026/4/27 23:01:48","reflect.opened","{""date"":""2026-04-27"",""mode"":""day""}"
"2026-04-27","2026/4/27 23:02:04","reflect.opened","{""date"":""2026-04-27"",""mode"":""day""}"
"2026-04-27","2026/4/27 23:02:04","reflect.closed","{""date"":""2026-04-27"",""mode"":""day"",""hadChat"":true,""durationMs"":338776,""hadEndedProperly"":false}"
"2026-04-27","2026/4/27 23:03:58","daily.leftovers","{""totalCount"":1,""leftoverTasks"":[{""id"":""t-1777301784056-ue8q"",""title"":""学习"",""priority"":""medium""}]}"
"2026-04-27","2026/4/27 23:03:58","reflect.ended","{""date"":""2026-04-27"",""mode"":""daily"",""durationMs"":114249,""messageCount"":1}"
"2026-04-27","2026/4/27 23:03:58","reflect.closed","{""date"":""2026-04-27"",""mode"":""day"",""hadChat"":true,""durationMs"":453070,""hadEndedProperly"":true}"
"2026-04-27","2026/4/27 23:03:59","reflect.opened","{""date"":""2026-04-27"",""mode"":""day""}"
"2026-04-27","2026/4/27 23:03:59","reflect.opened","{""date"":""2026-04-27"",""mode"":""day""}"
"2026-04-27","2026/4/27 23:03:59","reflect.closed","{""date"":""2026-04-27"",""mode"":""day"",""hadChat"":true,""durationMs"":1,""hadEndedProperly"":false}"
"2026-04-27","2026/4/27 23:20:49","session.ended","{""taskId"":""t-1777291933794-l2ej"",""endReason"":""task_done"",""sessionId"":""s-1777292825122-5qgw"",""taskTitle"":""语法课后作业"",""completedMicroSteps"":1,""totalDurationSeconds"":10424}"
"2026-04-27","2026/4/27 23:20:49","exec.flow_ended","{""taskId"":""t-1777291933794-l2ej"",""endReason"":""task_done"",""sessionId"":""s-1777292825122-5qgw"",""taskTitle"":""语法课后作业"",""flowDurationSeconds"":10422}"
"2026-04-27","2026/4/27 23:20:49","session.macro_completed","{""taskId"":""t-1777291933794-l2ej"",""taskTitle"":""语法课后作业"",""completedVia"":""flow""}"
"2026-04-27","2026/4/27 23:30:37","mode.widget_expanded","{}"
"2026-04-27","2026/4/27 23:30:41","reflect.opened","{""date"":""2026-04-27"",""mode"":""day""}"
"2026-04-27","2026/4/27 23:31:52","manual.time_added","{""date"":""2026-04-27"",""entryCount"":2}"
"2026-04-27","2026/4/27 23:32:09","reflect.closed","{""date"":""2026-04-27"",""mode"":""day"",""hadChat"":false,""durationMs"":87557,""hadEndedProperly"":false}"
"2026-04-27","2026/4/27 23:32:14","reflect.opened","{""date"":""2026-04-27"",""mode"":""day""}"
"2026-04-27","2026/4/27 23:32:16","reflect.closed","{""date"":""2026-04-27"",""mode"":""day"",""hadChat"":false,""durationMs"":1420,""hadEndedProperly"":false}"
"2026-04-27","2026/4/27 23:32:17","nav.date_changed","{""to"":""2026-04-26"",""from"":""2026-04-27"",""method"":""arrow""}"
"2026-04-27","2026/4/27 23:32:18","nav.date_changed","{""to"":""2026-04-27"",""from"":""2026-04-26"",""method"":""today""}"
"2026-04-27","2026/4/27 23:32:25","task.reordered","{""taskId"":""t-1777290899636-ecex"",""toIndex"":0,""fromIndex"":1}"
"2026-04-28","2026/4/28 01:16:36","task.carried_over","{""taskIds"":[""t-1777290899636-ecex"",""t-1777291792650-sbwc"",""1777290878812-kaev"",""1777290878812-q5ff"",""1777290878812-qs48""],""fromDate"":""2026-04-27""}"
"2026-04-28","2026/4/28 01:16:39","plan.focus_selected","{""taskId"":""1777310196960-tob0"",""taskTitle"":""2023年12月问题1-6单词""}"
"2026-04-28","2026/4/28 01:16:39","mode.widget_entered","{}"
"2026-04-28","2026/4/28 01:16:39","plan.brain_dump","{""tasks"":[{""id"":""1777310196960-z0rg"",""title"":""错题整理""},{""id"":""1777310196960-tob0"",""title"":""2023年12月问题1-6单词""},{""id"":""1777310196960-z0az"",""title"":""主题词汇""},{""id"":""1777310196960-dapu"",""title"":""N3听力读一套""},{""id"":""1777310196960-b5vl"",""title"":""日语N4单词""}],""taskCount"":5}"
"2026-04-28","2026/4/28 01:16:40","plan.brain_dump","{""tasks"":[{""id"":""1777310196960-z0rg"",""title"":""错题整理""},{""id"":""1777310196960-tob0"",""title"":""2023年12月问题1-6单词""},{""id"":""1777310196960-z0az"",""title"":""主题词汇""},{""id"":""1777310196960-dapu"",""title"":""N3听力读一套""},{""id"":""1777310196960-b5vl"",""title"":""日语N4单词""}],""taskCount"":5}"
"2026-04-28","2026/4/28 01:16:40","plan.focus_selected","{""taskId"":""1777310196960-tob0"",""taskTitle"":""2023年12月问题1-6单词""}"
"2026-04-28","2026/4/28 01:16:40","plan.first_micro","{""source"":""skip"",""taskId"":""1777310196960-tob0"",""taskTitle"":""2023年12月问题1-6单词"",""microAction"":""开始做""}"
"2026-04-28","2026/4/28 01:16:40","session.started","{""taskId"":""1777310196960-tob0"",""sessionId"":""s-1777310200668-rzz6"",""taskTitle"":""2023年12月问题1-6单词""}"
"2026-04-28","2026/4/28 01:16:40","exec.micro_started","{""taskId"":""1777310196960-tob0"",""sessionId"":""s-1777310200668-rzz6"",""taskTitle"":""2023年12月问题1-6单词"",""microAction"":""开始做""}"
"2026-04-28","2026/4/28 01:16:42","exec.micro_completed","{""taskId"":""1777310196960-tob0"",""sessionId"":""s-1777310200668-rzz6"",""taskTitle"":""2023年12月问题1-6单词"",""microAction"":""开始做"",""actualSeconds"":1}"
"2026-04-28","2026/4/28 10:29:14","app.launched","{}"
"2026-04-28","2026/4/28 10:29:16","reflect.opened","{""date"":""2026-04-28"",""mode"":""day""}"
"2026-04-28","2026/4/28 10:29:17","reflect.ended","{""date"":""2026-04-28"",""mode"":""daily"",""durationMs"":1482,""messageCount"":1}"
"2026-04-28","2026/4/28 10:29:17","reflect.closed","{""date"":""2026-04-28"",""mode"":""day"",""hadChat"":true,""durationMs"":1517,""hadEndedProperly"":true}"
"2026-04-28","2026/4/28 11:40:01","app.launched","{}"
"2026-04-28","2026/4/28 11:40:03","app.quit","{}"
"2026-04-28","2026/4/28 11:40:21","app.launched","{}"
"2026-04-28","2026/4/28 11:52:44","app.quit","{}"
"2026-04-28","2026/4/28 11:53:03","app.launched","{}"
"2026-04-28","2026/4/28 11:53:07","reflect.opened","{""date"":""2026-04-28"",""mode"":""day""}"
"2026-04-28","2026/4/28 11:53:07","reflect.opened","{""date"":""2026-04-28"",""mode"":""day""}"
"2026-04-28","2026/4/28 11:53:07","reflect.closed","{""date"":""2026-04-28"",""mode"":""day"",""hadChat"":true,""durationMs"":3,""hadEndedProperly"":false}"
"2026-04-28","2026/4/28 11:55:03","reflect.chat_opened","{""date"":""2026-04-28"",""mode"":""day""}"
"2026-04-28","2026/4/28 11:55:11","reflect.chart_referenced","{""chartId"":""chart-key-metrics""}"
"2026-04-28","2026/4/28 11:55:13","reflect.chart_referenced","{""chartId"":""chart-key-metrics""}"
"2026-04-28","2026/4/28 11:58:36","reflect.opened","{""date"":""2026-04-27"",""mode"":""day""}"
"2026-04-28","2026/4/28 11:58:36","reflect.closed","{""date"":""2026-04-28"",""mode"":""day"",""hadChat"":true,""durationMs"":328951,""hadEndedProperly"":false}"
"2026-04-28","2026/4/28 11:59:52","reflect.chat_opened","{""date"":""2026-04-27"",""mode"":""day""}"
"2026-04-28","2026/4/28 12:00:09","reflect.chart_referenced","{""chartId"":""chart-rhythm""}"
"2026-04-28","2026/4/28 12:00:11","reflect.chart_referenced","{""chartId"":""chart-key-metrics""}"
"2026-04-28","2026/4/28 12:00:20","reflect.mode_switched","{""to"":""week"",""from"":""day""}"
"2026-04-28","2026/4/28 12:00:23","reflect.mode_switched","{""to"":""day"",""from"":""week""}"
"2026-04-28","2026/4/28 12:00:24","reflect.mode_switched","{""to"":""week"",""from"":""day""}"
"2026-04-28","2026/4/28 12:01:24","reflect.mode_switched","{""to"":""day"",""from"":""week""}"
"2026-04-28","2026/4/28 12:05:34","app.launched","{}"
"2026-04-28","2026/4/28 12:05:39","reflect.opened","{""date"":""2026-04-28"",""mode"":""day""}"
"2026-04-28","2026/4/28 12:05:39","reflect.closed","{""date"":""2026-04-28"",""mode"":""day"",""hadChat"":true,""durationMs"":2,""hadEndedProperly"":false}"
"2026-04-28","2026/4/28 12:05:39","reflect.opened","{""date"":""2026-04-28"",""mode"":""day""}"
"2026-04-28","2026/4/28 12:09:00","reflect.closed","{""date"":""2026-04-28"",""mode"":""day"",""hadChat"":true,""durationMs"":201150,""hadEndedProperly"":false}"
"2026-04-28","2026/4/28 12:09:00","reflect.opened","{""date"":""2026-04-28"",""mode"":""day""}"
"2026-04-28","2026/4/28 12:09:00","reflect.closed","{""date"":""2026-04-28"",""mode"":""day"",""hadChat"":true,""durationMs"":3,""hadEndedProperly"":false}"
"2026-04-28","2026/4/28 12:09:00","reflect.opened","{""date"":""2026-04-28"",""mode"":""day""}"
"2026-04-28","2026/4/28 12:09:09","reflect.opened","{""date"":""2026-04-28"",""mode"":""day""}"
"2026-04-28","2026/4/28 12:09:09","reflect.closed","{""date"":""2026-04-28"",""mode"":""day"",""hadChat"":true,""durationMs"":9369,""hadEndedProperly"":false}"
"2026-04-28","2026/4/28 12:12:16","reflect.mode_switched","{""to"":""week"",""from"":""day""}"
"2026-04-28","2026/4/28 12:12:29","reflect.mode_switched","{""to"":""day"",""from"":""week""}"
"2026-04-28","2026/4/28 12:12:44","reflect.ended","{""date"":""2026-04-28"",""mode"":""daily"",""durationMs"":1132,""messageCount"":1}"
"2026-04-28","2026/4/28 12:12:44","daily.leftovers","{""totalCount"":0,""leftoverTasks"":[]}"
"2026-04-28","2026/4/28 12:12:44","reflect.closed","{""date"":""2026-04-28"",""mode"":""day"",""hadChat"":true,""durationMs"":223892,""hadEndedProperly"":true}"
"2026-04-28","2026/4/28 12:12:45","app.quit","{}"
"2026-04-28","2026/4/28 13:44:34","app.launched","{}"
"2026-04-28","2026/4/28 13:44:36","reflect.opened","{""date"":""2026-04-28"",""mode"":""day""}"
"2026-04-28","2026/4/28 13:44:36","reflect.closed","{""date"":""2026-04-28"",""mode"":""day"",""hadChat"":true,""durationMs"":7,""hadEndedProperly"":false}"
"2026-04-28","2026/4/28 13:44:36","reflect.opened","{""date"":""2026-04-28"",""mode"":""day""}"
"2026-04-28","2026/4/28 13:47:54","reflect.closed","{""date"":""2026-04-28"",""mode"":""day"",""hadChat"":true,""durationMs"":197323,""hadEndedProperly"":false}"
"2026-04-28","2026/4/28 13:47:54","reflect.opened","{""date"":""2026-04-27"",""mode"":""day""}"
"2026-04-28","2026/4/28 13:54:23","reflect.chart_referenced","{""chartId"":""chart-rhythm""}"
"2026-04-28","2026/4/28 13:54:31","daily.leftovers","{""totalCount"":1,""leftoverTasks"":[{""id"":""t-1777301784056-ue8q"",""title"":""学习"",""priority"":""medium""}]}"
"2026-04-28","2026/4/28 13:54:31","reflect.ended","{""date"":""2026-04-27"",""mode"":""daily"",""durationMs"":397744,""messageCount"":1}"
"2026-04-28","2026/4/28 13:54:31","reflect.closed","{""date"":""2026-04-27"",""mode"":""day"",""hadChat"":true,""durationMs"":595104,""hadEndedProperly"":true}"
"2026-04-28","2026/4/28 13:54:33","app.quit","{}"
"2026-04-28","2026/4/28 13:54:52","app.launched","{}"
"2026-04-28","2026/4/28 13:54:55","reflect.opened","{""date"":""2026-04-28"",""mode"":""day""}"
"2026-04-28","2026/4/28 13:54:55","reflect.opened","{""date"":""2026-04-28"",""mode"":""day""}"
"2026-04-28","2026/4/28 13:54:55","reflect.closed","{""date"":""2026-04-28"",""mode"":""day"",""hadChat"":true,""durationMs"":6,""hadEndedProperly"":false}"
"2026-04-28","2026/4/28 13:55:18","reflect.chart_referenced","{""chartId"":""chart-key-metrics""}"
"2026-04-28","2026/4/28 13:55:20","reflect.chart_referenced","{""chartId"":""chart-rhythm""}"
"2026-04-28","2026/4/28 13:56:59","reflect.ended","{""date"":""2026-04-26"",""mode"":""daily"",""durationMs"":16142,""messageCount"":1}"
"2026-04-28","2026/4/28 13:56:59","daily.leftovers","{""totalCount"":0,""leftoverTasks"":[]}"
"2026-04-28","2026/4/28 13:56:59","reflect.closed","{""date"":""2026-04-28"",""mode"":""day"",""hadChat"":true,""durationMs"":123654,""hadEndedProperly"":true}"
"2026-04-28","2026/4/28 13:57:00","app.quit","{}"
"2026-04-28","2026/4/28 13:57:15","app.launched","{}"
"2026-04-28","2026/4/28 13:57:18","reflect.opened","{""date"":""2026-04-28"",""mode"":""day""}"
"2026-04-28","2026/4/28 13:57:18","reflect.closed","{""date"":""2026-04-28"",""mode"":""day"",""hadChat"":true,""durationMs"":3,""hadEndedProperly"":false}"
"2026-04-28","2026/4/28 13:57:18","reflect.opened","{""date"":""2026-04-28"",""mode"":""day""}"
"2026-04-28","2026/4/28 13:57:30","reflect.chart_referenced","{""chartId"":""chart-rhythm""}"
"2026-04-28","2026/4/28 13:57:31","reflect.chart_referenced","{""chartId"":""chart-rhythm""}"
"2026-04-28","2026/4/28 13:59:50","reflect.closed","{""date"":""2026-04-28"",""mode"":""day"",""hadChat"":true,""durationMs"":151993,""hadEndedProperly"":false}"
"2026-04-28","2026/4/28 13:59:50","reflect.opened","{""date"":""2026-04-27"",""mode"":""day""}"
"2026-04-28","2026/4/28 14:00:03","reflect.closed","{""date"":""2026-04-27"",""mode"":""day"",""hadChat"":true,""durationMs"":165697,""hadEndedProperly"":false}"
"2026-04-28","2026/4/28 14:00:03","reflect.opened","{""date"":""2026-04-27"",""mode"":""day""}"
"2026-04-28","2026/4/28 14:02:02","reflect.chart_referenced","{""chartId"":""chart-rhythm""}"
"2026-04-28","2026/4/28 14:02:03","reflect.chart_referenced","{""chartId"":""chart-rhythm""}"
"2026-04-28","2026/4/28 14:02:20","daily.leftovers","{""totalCount"":0,""leftoverTasks"":[]}"
"2026-04-28","2026/4/28 14:02:20","reflect.ended","{""date"":""2026-04-26"",""mode"":""daily"",""durationMs"":14044,""messageCount"":1}"
"2026-04-28","2026/4/28 14:02:20","reflect.closed","{""date"":""2026-04-27"",""mode"":""day"",""hadChat"":true,""durationMs"":302411,""hadEndedProperly"":true}"
"2026-04-28","2026/4/28 14:06:05","reflect.opened","{""date"":""2026-04-28"",""mode"":""day""}"
"2026-04-28","2026/4/28 14:06:05","reflect.opened","{""date"":""2026-04-28"",""mode"":""day""}"
"2026-04-28","2026/4/28 14:06:05","reflect.closed","{""date"":""2026-04-28"",""mode"":""day"",""hadChat"":true,""durationMs"":3,""hadEndedProperly"":false}"
"2026-04-28","2026/4/28 14:06:29","daily.leftovers","{""totalCount"":0,""leftoverTasks"":[]}"
"2026-04-28","2026/4/28 14:06:29","reflect.ended","{""date"":""2026-04-26"",""mode"":""daily"",""durationMs"":9193,""messageCount"":1}"
"2026-04-28","2026/4/28 14:06:29","reflect.closed","{""date"":""2026-04-28"",""mode"":""day"",""hadChat"":true,""durationMs"":23972,""hadEndedProperly"":true}"
"2026-04-28","2026/4/28 14:06:30","app.quit","{}"
"2026-04-28","2026/4/28 14:06:52","app.launched","{}"
"2026-04-28","2026/4/28 14:06:56","reflect.opened","{""date"":""2026-04-28"",""mode"":""day""}"
"2026-04-28","2026/4/28 14:06:56","reflect.closed","{""date"":""2026-04-28"",""mode"":""day"",""hadChat"":true,""durationMs"":2,""hadEndedProperly"":false}"
"2026-04-28","2026/4/28 14:06:56","reflect.opened","{""date"":""2026-04-28"",""mode"":""day""}"
"2026-04-28","2026/4/28 14:11:09","reflect.closed","{""date"":""2026-04-28"",""mode"":""day"",""hadChat"":true,""durationMs"":252786,""hadEndedProperly"":false}"
"2026-04-28","2026/4/28 14:11:09","reflect.opened","{""date"":""2026-04-27"",""mode"":""day""}"
"2026-04-28","2026/4/28 14:11:24","reflect.closed","{""date"":""2026-04-27"",""mode"":""day"",""hadChat"":true,""durationMs"":267775,""hadEndedProperly"":false}"
"2026-04-28","2026/4/28 14:11:24","reflect.opened","{""date"":""2026-04-27"",""mode"":""day""}"
"2026-04-28","2026/4/28 14:13:49","reflect.closed","{""date"":""2026-04-27"",""mode"":""day"",""hadChat"":true,""durationMs"":412796,""hadEndedProperly"":false}"
"2026-04-28","2026/4/28 14:13:49","reflect.opened","{""date"":""2026-04-27"",""mode"":""day""}"
"2026-04-28","2026/4/28 14:14:41","reflect.closed","{""date"":""2026-04-27"",""mode"":""day"",""hadChat"":true,""durationMs"":464797,""hadEndedProperly"":false}"
"2026-04-28","2026/4/28 14:14:41","reflect.opened","{""date"":""2026-04-27"",""mode"":""day""}"
"2026-04-28","2026/4/28 14:16:33","reflect.ended","{""date"":""2026-04-27"",""mode"":""daily"",""durationMs"":111921,""messageCount"":1}"
"2026-04-28","2026/4/28 14:16:33","daily.leftovers","{""totalCount"":1,""leftoverTasks"":[{""id"":""t-1777301784056-ue8q"",""title"":""学习"",""priority"":""medium""}]}"
"2026-04-28","2026/4/28 14:16:33","reflect.closed","{""date"":""2026-04-27"",""mode"":""day"",""hadChat"":true,""durationMs"":576797,""hadEndedProperly"":true}"
"2026-04-28","2026/4/28 14:16:34","app.quit","{}"
"2026-04-28","2026/4/28 14:16:47","app.launched","{}"
"2026-04-28","2026/4/28 14:16:51","reflect.opened","{""date"":""2026-04-28"",""mode"":""day""}"
"2026-04-28","2026/4/28 14:16:51","reflect.closed","{""date"":""2026-04-28"",""mode"":""day"",""hadChat"":true,""durationMs"":3,""hadEndedProperly"":false}"
"2026-04-28","2026/4/28 14:16:51","reflect.opened","{""date"":""2026-04-28"",""mode"":""day""}"
"2026-04-28","2026/4/28 14:16:59","reflect.chart_referenced","{""chartId"":""chart-key-metrics""}"
"2026-04-28","2026/4/28 14:17:00","reflect.chart_referenced","{""chartId"":""chart-activity-heatmap""}"
"2026-04-28","2026/4/28 14:17:11","reflect.chart_referenced","{""chartId"":""chart-key-metrics""}"
"2026-04-28","2026/4/28 14:17:13","reflect.ended","{""date"":""2026-04-27"",""mode"":""daily"",""durationMs"":9688,""messageCount"":1}"
"2026-04-28","2026/4/28 14:17:13","daily.leftovers","{""totalCount"":1,""leftoverTasks"":[{""id"":""t-1777301784056-ue8q"",""title"":""学习"",""priority"":""medium""}]}"
"2026-04-28","2026/4/28 14:17:13","reflect.closed","{""date"":""2026-04-28"",""mode"":""day"",""hadChat"":true,""durationMs"":22427,""hadEndedProperly"":true}"
"2026-04-28","2026/4/28 14:17:14","app.quit","{}"
"2026-04-28","2026/4/28 14:56:31","app.launched","{}"
"2026-04-28","2026/4/28 14:56:34","reflect.opened","{""date"":""2026-04-28"",""mode"":""day""}"
"2026-04-28","2026/4/28 14:56:34","reflect.opened","{""date"":""2026-04-28"",""mode"":""day""}"
"2026-04-28","2026/4/28 14:56:34","reflect.closed","{""date"":""2026-04-28"",""mode"":""day"",""hadChat"":true,""durationMs"":3,""hadEndedProperly"":false}"
"2026-04-28","2026/4/28 20:44:54","session.ended","{""taskId"":""1777310196960-tob0"",""endReason"":""task_done"",""sessionId"":""s-1777310200668-rzz6"",""taskTitle"":""2023年12月问题1-6单词"",""completedMicroSteps"":1,""totalDurationSeconds"":70093}"
"2026-04-28","2026/4/28 20:44:54","session.macro_completed","{""taskId"":""1777310196960-tob0"",""taskTitle"":""2023年12月问题1-6单词"",""completedVia"":""flow""}"
"2026-04-28","2026/4/28 20:44:54","exec.flow_ended","{""taskId"":""1777310196960-tob0"",""endReason"":""task_done"",""sessionId"":""s-1777310200668-rzz6"",""taskTitle"":""2023年12月问题1-6单词"",""flowDurationSeconds"":70091}"
"2026-04-28","2026/4/28 21:05:37","plan.first_micro","{""source"":""skip"",""taskId"":""1777310196960-z0rg"",""taskTitle"":""错题整理"",""microAction"":""开始做""}"
"2026-04-28","2026/4/28 21:05:37","session.started","{""taskId"":""1777310196960-z0rg"",""sessionId"":""s-1777381537223-tt4i"",""taskTitle"":""错题整理""}"
"2026-04-28","2026/4/28 21:05:37","exec.micro_started","{""taskId"":""1777310196960-z0rg"",""sessionId"":""s-1777381537223-tt4i"",""taskTitle"":""错题整理"",""microAction"":""开始做""}"
"2026-04-28","2026/4/28 21:05:37","plan.brain_dump","{""tasks"":[{""id"":""1777310196960-z0rg"",""title"":""错题整理""},{""id"":""1777310196960-z0az"",""title"":""主题词汇""},{""id"":""1777310196960-dapu"",""title"":""N3听力读一套""},{""id"":""1777310196960-b5vl"",""title"":""日语N4单词""}],""taskCount"":4}"
"2026-04-28","2026/4/28 21:05:37","plan.focus_selected","{""taskId"":""1777310196960-z0rg"",""taskTitle"":""错题整理""}"
"2026-04-28","2026/4/28 21:05:38","exec.micro_completed","{""taskId"":""1777310196960-z0rg"",""sessionId"":""s-1777381537223-tt4i"",""taskTitle"":""错题整理"",""microAction"":""开始做"",""actualSeconds"":1}"
"2026-04-28","2026/4/28 23:22:16","exec.flow_ended","{""taskId"":""1777310196960-z0rg"",""endReason"":""task_done"",""sessionId"":""s-1777381537223-tt4i"",""taskTitle"":""错题整理"",""flowDurationSeconds"":8197}"
"2026-04-28","2026/4/28 23:22:16","session.ended","{""taskId"":""1777310196960-z0rg"",""endReason"":""task_done"",""sessionId"":""s-1777381537223-tt4i"",""taskTitle"":""错题整理"",""completedMicroSteps"":1,""totalDurationSeconds"":8198}"
"2026-04-28","2026/4/28 23:22:16","session.macro_completed","{""taskId"":""1777310196960-z0rg"",""taskTitle"":""错题整理"",""completedVia"":""flow""}"
"2026-04-29","2026/4/29 01:38:37","mode.widget_expanded","{}"
"2026-04-29","2026/4/29 01:38:38","nav.date_changed","{""to"":""2026-04-29"",""from"":""2026-04-28"",""method"":""today""}"
"2026-04-29","2026/4/29 01:38:40","task.carried_over","{""taskIds"":[""1777310196960-z0az"",""1777310196960-dapu"",""1777310196960-b5vl""],""fromDate"":""2026-04-28""}"
"2026-04-29","2026/4/29 01:38:41","reflect.opened","{""date"":""2026-04-29"",""mode"":""day""}"
"2026-04-29","2026/4/29 01:38:43","reflect.closed","{""date"":""2026-04-29"",""mode"":""day"",""hadChat"":false,""durationMs"":2108,""hadEndedProperly"":false}"
"2026-04-29","2026/4/29 01:39:03","task.created","{""title"":""阅读＋听力模考1套"",""source"":""editor"",""taskId"":""t-1777397943466-j1gj""}"
"2026-04-29","2026/4/29 01:40:06","task.created","{""title"":""口语修改"",""source"":""editor"",""taskId"":""t-1777398006331-5gw4""}"
"2026-04-29","2026/4/29 01:40:14","task.created","{""title"":""完成句子练习"",""source"":""editor"",""taskId"":""t-1777398014608-ns03""}"
"2026-04-29","2026/4/29 02:21:08","task.created","{""title"":""新东方list*3"",""source"":""editor"",""taskId"":""t-1777400468905-eoqj""}"
"2026-04-29","2026/4/29 22:01:46","task.reordered","{""taskId"":""t-1777397943466-j1gj"",""toIndex"":0,""fromIndex"":3}"
"2026-04-29","2026/4/29 22:01:49","task.reordered","{""taskId"":""t-1777398014608-ns03"",""toIndex"":1,""fromIndex"":5}"
"2026-04-29","2026/4/29 22:01:51","task.reordered","{""taskId"":""t-1777400468905-eoqj"",""toIndex"":2,""fromIndex"":6}"
"2026-04-29","2026/4/29 22:01:53","task.deleted","{""taskId"":""t-1777398006331-5gw4""}"
"2026-04-29","2026/4/29 22:01:59","task.created","{""title"":""repeat一套"",""source"":""editor"",""taskId"":""t-1777471319307-mx20""}"
"2026-04-29","2026/4/29 22:02:02","task.reordered","{""taskId"":""t-1777471319307-mx20"",""toIndex"":2,""fromIndex"":6}"
"2026-04-29","2026/4/29 22:02:16","task.created","{""title"":""2023年7月单词"",""source"":""editor"",""taskId"":""t-1777471336824-6zoj""}"
"2026-04-29","2026/4/29 22:02:20","task.created","{""title"":""语法题"",""source"":""editor"",""taskId"":""t-1777471340894-3jjd""}"
"2026-04-29","2026/4/29 22:02:32","task.deleted","{""taskId"":""1777397920357-vykq""}"
"2026-04-29","2026/4/29 22:26:24","plan.brain_dump","{""tasks"":[{""id"":""t-1777397943466-j1gj"",""title"":""阅读＋听力模考1套""},{""id"":""t-1777398014608-ns03"",""title"":""完成句子练习""},{""id"":""t-1777471319307-mx20"",""title"":""repeat一套""},{""id"":""t-1777400468905-eoqj"",""title"":""新东方list*3""},{""id"":""1777397920357-xwse"",""title"":""主题词汇""},{""id"":""1777397920357-u0zw"",""title"":""日语N4单词""},{""id"":""t-1777471336824-6zoj"",""title"":""2023年7月单词""},{""id"":""t-1777471340894-3jjd"",""title"":""语法题""}],""taskCount"":8}"
"2026-04-29","2026/4/29 22:26:24","mode.widget_entered","{}"
"2026-04-29","2026/4/29 22:26:24","plan.focus_selected","{""taskId"":""t-1777397943466-j1gj"",""taskTitle"":""阅读＋听力模考1套""}"
"2026-04-29","2026/4/29 22:26:33","plan.brain_dump","{""tasks"":[{""id"":""t-1777397943466-j1gj"",""title"":""阅读＋听力模考1套""},{""id"":""t-1777398014608-ns03"",""title"":""完成句子练习""},{""id"":""t-1777471319307-mx20"",""title"":""repeat一套""},{""id"":""t-1777400468905-eoqj"",""title"":""新东方list*3""},{""id"":""1777397920357-xwse"",""title"":""主题词汇""},{""id"":""1777397920357-u0zw"",""title"":""日语N4单词""},{""id"":""t-1777471336824-6zoj"",""title"":""2023年7月单词""},{""id"":""t-1777471340894-3jjd"",""title"":""语法题""}],""taskCount"":8}"
"2026-04-29","2026/4/29 22:26:33","plan.focus_selected","{""taskId"":""t-1777397943466-j1gj"",""taskTitle"":""阅读＋听力模考1套""}"
"2026-04-29","2026/4/29 22:26:33","session.started","{""taskId"":""t-1777397943466-j1gj"",""sessionId"":""s-1777472793819-arsn"",""taskTitle"":""阅读＋听力模考1套""}"
"2026-04-29","2026/4/29 22:26:33","exec.micro_started","{""taskId"":""t-1777397943466-j1gj"",""sessionId"":""s-1777472793819-arsn"",""taskTitle"":""阅读＋听力模考1套"",""microAction"":""打开一套""}"
"2026-04-29","2026/4/29 22:26:33","plan.first_micro","{""source"":""self"",""taskId"":""t-1777397943466-j1gj"",""taskTitle"":""阅读＋听力模考1套"",""microAction"":""打开一套""}"
"2026-04-29","2026/4/29 22:26:39","exec.micro_completed","{""taskId"":""t-1777397943466-j1gj"",""sessionId"":""s-1777472793819-arsn"",""taskTitle"":""阅读＋听力模考1套"",""microAction"":""打开一套"",""actualSeconds"":5}"
"2026-04-29","2026/4/29 23:30:00","session.started","{""source"":""manual"",""taskId"":""t-1777471319307-mx20"",""sessionId"":""1777478430521-bc396k"",""taskTitle"":""repeat一套""}"
"2026-04-29","2026/4/29 23:30:00","session.started","{""source"":""manual"",""taskId"":""t-1777398014608-ns03"",""sessionId"":""1777478407399-dllqz2"",""taskTitle"":""完成句子练习""}"
"2026-04-29","2026/4/29 23:40:57","session.macro_completed","{""taskId"":""t-1777397943466-j1gj"",""taskTitle"":""阅读＋听力模考1套"",""completedVia"":""flow""}"
"2026-04-29","2026/4/29 23:40:57","exec.flow_ended","{""taskId"":""t-1777397943466-j1gj"",""endReason"":""task_done"",""sessionId"":""s-1777472793819-arsn"",""taskTitle"":""阅读＋听力模考1套"",""flowDurationSeconds"":4457}"
"2026-04-29","2026/4/29 23:40:57","session.ended","{""taskId"":""t-1777397943466-j1gj"",""endReason"":""task_done"",""sessionId"":""s-1777472793819-arsn"",""taskTitle"":""阅读＋听力模考1套"",""completedMicroSteps"":1,""totalDurationSeconds"":4463}"
"2026-04-29","2026/4/29 23:41:02","mode.widget_expanded","{}"
"2026-04-29","2026/4/29 23:45:00","session.ended","{""source"":""manual"",""taskId"":""t-1777471319307-mx20"",""endReason"":""manual_entry"",""sessionId"":""1777478430521-bc396k"",""taskTitle"":""repeat一套"",""completedMicroSteps"":0,""totalDurationSeconds"":900}"
"2026-04-29","2026/4/29 23:45:00","session.ended","{""source"":""manual"",""taskId"":""t-1777398014608-ns03"",""endReason"":""manual_entry"",""sessionId"":""1777478407399-dllqz2"",""taskTitle"":""完成句子练习"",""completedMicroSteps"":0,""totalDurationSeconds"":900}"
"2026-04-29","2026/4/29 23:59:54","reflect.opened","{""date"":""2026-04-29"",""mode"":""day""}"
"2026-04-30","2026/4/30 00:00:07","manual.time_added","{""date"":""2026-04-29"",""entryCount"":2}"
"2026-04-30","2026/4/30 00:00:30","manual.time_added","{""date"":""2026-04-29"",""entryCount"":2}"
"2026-04-30","2026/4/30 00:00:33","reflect.closed","{""date"":""2026-04-29"",""mode"":""day"",""hadChat"":false,""durationMs"":38931,""hadEndedProperly"":false}"
"2026-04-30","2026/4/30 00:00:34","nav.date_changed","{""to"":""2026-04-29"",""from"":""2026-04-30"",""method"":""arrow""}"
"2026-04-30","2026/4/30 00:00:37","nav.date_changed","{""to"":""2026-04-30"",""from"":""2026-04-29"",""method"":""arrow""}"
"2026-04-30","2026/4/30 00:00:40","task.carried_over","{""taskIds"":[""t-1777400468905-eoqj"",""1777397920357-xwse"",""1777397920357-u0zw"",""t-1777471336824-6zoj"",""t-1777471340894-3jjd""],""fromDate"":""2026-04-29""}"
"2026-04-30","2026/4/30 11:30:00","session.started","{""source"":""manual"",""taskId"":""1777478440341-8uvh"",""sessionId"":""1777562320975-qoxukh"",""taskTitle"":""2023年7月单词""}"
"2026-04-30","2026/4/30 13:15:00","session.ended","{""source"":""manual"",""taskId"":""1777478440341-8uvh"",""endReason"":""manual_entry"",""sessionId"":""1777562320975-qoxukh"",""taskTitle"":""2023年7月单词"",""completedMicroSteps"":0,""totalDurationSeconds"":6300}"
"2026-04-30","2026/4/30 23:18:13","mode.widget_entered","{}"
"2026-04-30","2026/4/30 23:18:13","plan.focus_selected","{""taskId"":""1777478440341-8uvh"",""taskTitle"":""2023年7月单词""}"
"2026-04-30","2026/4/30 23:18:13","plan.brain_dump","{""tasks"":[{""id"":""1777478440341-290j"",""title"":""新东方list*3""},{""id"":""1777478440341-2wj1"",""title"":""主题词汇""},{""id"":""1777478440341-o3an"",""title"":""日语N4单词""},{""id"":""1777478440341-8uvh"",""title"":""2023年7月单词""},{""id"":""1777478440341-u6me"",""title"":""语法题""}],""taskCount"":5}"
"2026-04-30","2026/4/30 23:18:16","mode.widget_expanded","{}"
"2026-04-30","2026/4/30 23:18:17","reflect.opened","{""date"":""2026-04-30"",""mode"":""day""}"
"2026-04-30","2026/4/30 23:18:40","manual.time_added","{""date"":""2026-04-30"",""entryCount"":2}"
"2026-04-30","2026/4/30 23:18:44","reflect.closed","{""date"":""2026-04-30"",""mode"":""day"",""hadChat"":false,""durationMs"":26324,""hadEndedProperly"":false}"
"2026-04-30","2026/4/30 23:18:47","app.quit","{}"
"2026-04-30","2026/4/30 23:18:53","app.launched","{}"
"2026-04-30","2026/4/30 23:18:58","task.deleted","{""taskId"":""1777478440341-u6me""}"
"2026-04-30","2026/4/30 23:19:13","task.created","{""title"":""写作＋口语"",""source"":""editor"",""taskId"":""t-1777562353288-b6yv""}"
"2026-05-01","2026/5/1 00:15:26","task.carried_over","{""taskIds"":[""1777478440341-290j"",""1777478440341-2wj1"",""1777478440341-o3an"",""t-1777562353288-b6yv""],""fromDate"":""2026-04-30""}"
"2026-05-01","2026/5/1 22:20:18","task.edited","{""field"":""title"",""taskId"":""1777565726648-7lt2""}"
"2026-05-01","2026/5/1 22:20:21","task.reordered","{""taskId"":""1777565726648-79cx"",""toIndex"":0,""fromIndex"":3}"
"2026-05-01","2026/5/1 22:20:22","task.reordered","{""taskId"":""1777565726648-7lt2"",""toIndex"":1,""fromIndex"":2}"
"2026-05-01","2026/5/1 22:20:33","plan.brain_dump","{""tasks"":[{""id"":""1777565726648-79cx"",""title"":""写作＋口语""},{""id"":""1777565726648-7lt2"",""title"":""主题词汇2""},{""id"":""1777565726648-vebp"",""title"":""新东方list*3""},{""id"":""1777565726648-3vxi"",""title"":""日语N4单词""}],""taskCount"":4}"
"2026-05-01","2026/5/1 22:20:33","mode.widget_entered","{}"
"2026-05-01","2026/5/1 22:20:33","plan.focus_selected","{""taskId"":""1777565726648-79cx"",""taskTitle"":""写作＋口语""}"
"2026-05-01","2026/5/1 22:20:41","plan.first_micro","{""source"":""self"",""taskId"":""1777565726648-79cx"",""taskTitle"":""写作＋口语"",""microAction"":""打开匹克""}"
"2026-05-01","2026/5/1 22:20:41","plan.brain_dump","{""tasks"":[{""id"":""1777565726648-79cx"",""title"":""写作＋口语""},{""id"":""1777565726648-7lt2"",""title"":""主题词汇2""},{""id"":""1777565726648-vebp"",""title"":""新东方list*3""},{""id"":""1777565726648-3vxi"",""title"":""日语N4单词""}],""taskCount"":4}"
"2026-05-01","2026/5/1 22:20:41","plan.focus_selected","{""taskId"":""1777565726648-79cx"",""taskTitle"":""写作＋口语""}"
"2026-05-01","2026/5/1 22:20:41","session.started","{""taskId"":""1777565726648-79cx"",""sessionId"":""s-1777645241088-iu5s"",""taskTitle"":""写作＋口语""}"
"2026-05-01","2026/5/1 22:20:41","exec.micro_started","{""taskId"":""1777565726648-79cx"",""sessionId"":""s-1777645241088-iu5s"",""taskTitle"":""写作＋口语"",""microAction"":""打开匹克""}"
"2026-05-01","2026/5/1 22:52:42","exec.micro_completed","{""taskId"":""1777565726648-79cx"",""sessionId"":""s-1777645241088-iu5s"",""taskTitle"":""写作＋口语"",""microAction"":""打开匹克"",""actualSeconds"":1921}"
"2026-05-01","2026/5/1 23:55:14","session.macro_completed","{""taskId"":""1777565726648-79cx"",""taskTitle"":""写作＋口语"",""completedVia"":""flow""}"
"2026-05-01","2026/5/1 23:55:14","exec.flow_ended","{""taskId"":""1777565726648-79cx"",""endReason"":""task_done"",""sessionId"":""s-1777645241088-iu5s"",""taskTitle"":""写作＋口语"",""flowDurationSeconds"":3751}"
"2026-05-01","2026/5/1 23:55:14","session.ended","{""taskId"":""1777565726648-79cx"",""endReason"":""task_done"",""sessionId"":""s-1777645241088-iu5s"",""taskTitle"":""写作＋口语"",""completedMicroSteps"":1,""totalDurationSeconds"":5673}"