date,time,event_type,payload
"2026-04-06","2026/4/6 10:49:14","app.launched","{}"
"2026-04-06","2026/4/6 10:49:42","auth.login","{}"
"2026-04-06","2026/4/6 10:49:50","nav.date_changed","{""to"":""2026-04-05"",""from"":""2026-04-06"",""method"":""arrow""}"
"2026-04-06","2026/4/6 10:49:52","nav.date_changed","{""to"":""2026-04-06"",""from"":""2026-04-05"",""method"":""arrow""}"
"2026-04-06","2026/4/6 10:50:35","settings.saved","{""settingType"":""profile""}"
"2026-04-06","2026/4/6 10:50:46","mode.widget_entered","{}"
"2026-04-06","2026/4/6 10:50:48","mode.widget_expanded","{}"
"2026-04-06","2026/4/6 10:51:01","app.quit","{}"
"2026-04-06","2026/4/6 15:08:27","app.launched","{}"
"2026-04-06","2026/4/6 15:09:07","task.created","{""title"":""跑通CMMD"",""source"":""editor"",""taskId"":""t-1775459347524-orx1""}"
"2026-04-06","2026/4/6 15:09:07","nav.date_changed","{""to"":""2026-04-05"",""from"":""2026-04-06"",""method"":""arrow""}"
"2026-04-06","2026/4/6 15:09:09","nav.date_changed","{""to"":""2026-04-06"",""from"":""2026-04-05"",""method"":""arrow""}"
"2026-04-06","2026/4/6 15:09:29","task.created","{""title"":""生成新数据集"",""source"":""editor"",""taskId"":""t-1775459369761-niiz""}"
"2026-04-06","2026/4/6 15:11:44","task.edited","{""field"":""title"",""taskId"":""t-1775459369761-niiz""}"
"2026-04-06","2026/4/6 15:12:16","task.edited","{""field"":""title"",""taskId"":""t-1775459347524-orx1""}"
"2026-04-06","2026/4/6 15:12:18","task.deleted","{""taskId"":""t-1775459369761-niiz""}"
"2026-04-06","2026/4/6 15:12:32","task.subtask_created","{""taskId"":""t-1775459347524-orx1"",""subtaskTitle"":""跑通CMMD""}"
"2026-04-06","2026/4/6 15:12:47","task.subtask_created","{""taskId"":""t-1775459347524-orx1"",""subtaskTitle"":""生成硬过滤数据集""}"
"2026-04-06","2026/4/6 15:12:55","task.subtask_created","{""taskId"":""t-1775459347524-orx1"",""subtaskTitle"":""生成软过滤数据集""}"
"2026-04-06","2026/4/6 15:12:58","plan.focus_selected","{""taskId"":""t-1775459347524-orx1"",""taskTitle"":""课题""}"
"2026-04-06","2026/4/6 15:12:58","mode.widget_entered","{}"
"2026-04-06","2026/4/6 15:12:58","plan.brain_dump","{""tasks"":[{""id"":""t-1775459347524-orx1"",""title"":""课题""}],""taskCount"":1}"
"2026-04-06","2026/4/6 15:13:05","plan.brain_dump","{""tasks"":[{""id"":""t-1775459347524-orx1"",""title"":""课题""}],""taskCount"":1}"
"2026-04-06","2026/4/6 15:13:05","exec.micro_started","{""taskId"":""t-1775459347524-orx1"",""sessionId"":""s-1775459585803-l5rx"",""taskTitle"":""课题"",""microAction"":""开始做「跑通CMMD」""}"
"2026-04-06","2026/4/6 15:13:05","session.started","{""taskId"":""t-1775459347524-orx1"",""sessionId"":""s-1775459585803-l5rx"",""taskTitle"":""课题""}"
"2026-04-06","2026/4/6 15:13:05","plan.first_micro","{""source"":""skip"",""taskId"":""t-1775459347524-orx1"",""taskTitle"":""课题"",""microAction"":""开始做「跑通CMMD」""}"
"2026-04-06","2026/4/6 15:13:05","plan.focus_selected","{""taskId"":""t-1775459347524-orx1"",""taskTitle"":""课题""}"
"2026-04-06","2026/4/6 15:13:18","exec.micro_completed","{""taskId"":""t-1775459347524-orx1"",""sessionId"":""s-1775459585803-l5rx"",""taskTitle"":""课题"",""microAction"":""开始做「跑通CMMD」"",""actualSeconds"":12}"
"2026-04-06","2026/4/6 15:31:21","task.subtask_toggled","{""taskId"":""t-1775459347524-orx1"",""completed"":true,""subtaskId"":""s-1775459552936-md1y"",""subtaskTitle"":""跑通CMMD""}"
"2026-04-06","2026/4/6 15:49:34","task.subtask_toggled","{""taskId"":""t-1775459347524-orx1"",""completed"":true,""subtaskId"":""s-1775459575418-4ihk"",""subtaskTitle"":""生成软过滤数据集""}"
"2026-04-06","2026/4/6 15:49:35","task.subtask_toggled","{""taskId"":""t-1775459347524-orx1"",""completed"":false,""subtaskId"":""s-1775459575418-4ihk"",""subtaskTitle"":""生成软过滤数据集""}"
"2026-04-06","2026/4/6 15:49:43","session.paused","{""taskId"":""t-1775459347524-orx1"",""sessionId"":""s-1775459585803-l5rx"",""taskTitle"":""课题"",""microAction"":""课题"",""elapsedSeconds"":2197,""completedMicroSteps"":1}"
"2026-04-06","2026/4/6 15:50:32","plan.brain_dump","{""tasks"":[{""id"":""t-1775459347524-orx1"",""title"":""课题""},{""id"":""t-1775461806979-toaw"",""title"":""生物学导论论文""}],""taskCount"":2}"
"2026-04-06","2026/4/6 15:50:32","session.started","{""taskId"":""t-1775461806979-toaw"",""sessionId"":""s-1775461832099-anyu"",""taskTitle"":""生物学导论论文""}"
"2026-04-06","2026/4/6 15:50:32","exec.micro_started","{""taskId"":""t-1775461806979-toaw"",""sessionId"":""s-1775461832099-anyu"",""taskTitle"":""生物学导论论文"",""microAction"":""打开初稿文档""}"
"2026-04-06","2026/4/6 15:50:32","plan.first_micro","{""source"":""self"",""taskId"":""t-1775461806979-toaw"",""taskTitle"":""生物学导论论文"",""microAction"":""打开初稿文档""}"
"2026-04-06","2026/4/6 15:50:32","plan.focus_selected","{""taskId"":""t-1775461806979-toaw"",""taskTitle"":""生物学导论论文""}"
"2026-04-06","2026/4/6 15:50:34","exec.micro_completed","{""taskId"":""t-1775461806979-toaw"",""sessionId"":""s-1775461832099-anyu"",""taskTitle"":""生物学导论论文"",""microAction"":""打开初稿文档"",""actualSeconds"":2}"
"2026-04-06","2026/4/6 15:58:44","session.paused","{""taskId"":""t-1775461806979-toaw"",""sessionId"":""s-1775461832099-anyu"",""taskTitle"":""生物学导论论文"",""microAction"":""生物学导论论文"",""elapsedSeconds"":492,""completedMicroSteps"":1}"
"2026-04-06","2026/4/6 15:58:46","session.resumed","{""taskId"":""t-1775459347524-orx1"",""sessionId"":""s-1775459585803-l5rx"",""taskTitle"":""课题"",""microAction"":""课题"",""originalSessionId"":""s-1775459585803-l5rx"",""elapsedBeforePause"":2197,""completedMicroSteps"":1,""pausedDurationSeconds"":543}"
"2026-04-06","2026/4/6 16:04:06","task.subtask_toggled","{""taskId"":""t-1775459347524-orx1"",""completed"":true,""subtaskId"":""s-1775459567129-x4qy"",""subtaskTitle"":""生成硬过滤数据集""}"
"2026-04-06","2026/4/6 16:04:06","task.subtask_toggled","{""taskId"":""t-1775459347524-orx1"",""completed"":false,""subtaskId"":""s-1775459567129-x4qy"",""subtaskTitle"":""生成硬过滤数据集""}"
"2026-04-06","2026/4/6 16:04:10","session.paused","{""taskId"":""t-1775459347524-orx1"",""sessionId"":""s-1775459585803-l5rx"",""taskTitle"":""课题"",""microAction"":""课题"",""elapsedSeconds"":2521,""completedMicroSteps"":1}"
"2026-04-06","2026/4/6 16:04:15","mode.widget_expanded","{}"
"2026-04-06","2026/4/6 16:04:21","task.subtask_deleted","{""taskId"":""t-1775459347524-orx1"",""subtaskId"":""s-1775459567129-x4qy"",""subtaskTitle"":""生成硬过滤数据集""}"
"2026-04-06","2026/4/6 16:04:34","settings.saved","{""settingType"":""profile""}"
"2026-04-06","2026/4/6 16:04:53","session.resumed","{""taskId"":""t-1775459347524-orx1"",""sessionId"":""s-1775459585803-l5rx"",""taskTitle"":""课题"",""microAction"":""课题"",""originalSessionId"":""s-1775459585803-l5rx"",""elapsedBeforePause"":2521,""completedMicroSteps"":1,""pausedDurationSeconds"":43}"
"2026-04-06","2026/4/6 16:13:39","session.paused","{""taskId"":""t-1775459347524-orx1"",""sessionId"":""s-1775459585803-l5rx"",""taskTitle"":""课题"",""microAction"":""课题"",""elapsedSeconds"":3046,""completedMicroSteps"":1}"
"2026-04-06","2026/4/6 16:13:44","session.resumed","{""taskId"":""t-1775461806979-toaw"",""sessionId"":""s-1775461832099-anyu"",""taskTitle"":""生物学导论论文"",""microAction"":""生物学导论论文"",""originalSessionId"":""s-1775461832099-anyu"",""elapsedBeforePause"":492,""completedMicroSteps"":1,""pausedDurationSeconds"":899}"
"2026-04-06","2026/4/6 16:23:01","session.paused","{""taskId"":""t-1775461806979-toaw"",""sessionId"":""s-1775461832099-anyu"",""taskTitle"":""生物学导论论文"",""microAction"":""生物学导论论文"",""elapsedSeconds"":1048,""completedMicroSteps"":1}"
"2026-04-06","2026/4/6 16:23:03","session.resumed","{""taskId"":""t-1775459347524-orx1"",""sessionId"":""s-1775459585803-l5rx"",""taskTitle"":""课题"",""microAction"":""课题"",""originalSessionId"":""s-1775459585803-l5rx"",""elapsedBeforePause"":3046,""completedMicroSteps"":1,""pausedDurationSeconds"":563}"
"2026-04-06","2026/4/6 17:28:47","session.paused","{""taskId"":""t-1775459347524-orx1"",""sessionId"":""s-1775459585803-l5rx"",""taskTitle"":""课题"",""microAction"":""课题"",""elapsedSeconds"":6989,""completedMicroSteps"":1}"
"2026-04-06","2026/4/6 18:06:32","session.resumed","{""taskId"":""t-1775459347524-orx1"",""sessionId"":""s-1775459585803-l5rx"",""taskTitle"":""课题"",""microAction"":""课题"",""originalSessionId"":""s-1775459585803-l5rx"",""elapsedBeforePause"":6989,""completedMicroSteps"":1,""pausedDurationSeconds"":2265}"
"2026-04-07","2026/4/7 14:41:52","app.launched","{}"
"2026-04-07","2026/4/7 14:41:52","app.launched","{}"
"2026-04-07","2026/4/7 14:41:52","app.launched","{}"
"2026-04-07","2026/4/7 14:41:59","app.quit","{}"
"2026-04-07","2026/4/7 14:41:59","app.quit","{}"
"2026-04-07","2026/4/7 14:41:59","app.quit","{}"
"2026-04-07","2026/4/7 14:48:15","app.launched","{}"
"2026-04-07","2026/4/7 14:48:15","app.launched","{}"
"2026-04-07","2026/4/7 14:48:15","app.launched","{}"
"2026-04-07","2026/4/7 14:48:22","nav.date_changed","{""to"":""2026-04-06"",""from"":""2026-04-07"",""method"":""arrow""}"
"2026-04-07","2026/4/7 14:48:22","nav.date_changed","{""to"":""2026-04-06"",""from"":""2026-04-07"",""method"":""arrow""}"
"2026-04-07","2026/4/7 14:48:22","nav.date_changed","{""to"":""2026-04-06"",""from"":""2026-04-07"",""method"":""arrow""}"
"2026-04-07","2026/4/7 14:48:24","task.subtask_toggled","{""taskId"":""t-1775459347524-orx1"",""completed"":true,""subtaskId"":""s-1775459575418-4ihk"",""subtaskTitle"":""生成轻过滤数据集""}"
"2026-04-07","2026/4/7 14:48:24","task.subtask_toggled","{""taskId"":""t-1775459347524-orx1"",""completed"":true,""subtaskId"":""s-1775459575418-4ihk"",""subtaskTitle"":""生成轻过滤数据集""}"
"2026-04-07","2026/4/7 14:48:24","task.subtask_toggled","{""taskId"":""t-1775459347524-orx1"",""completed"":true,""subtaskId"":""s-1775459575418-4ihk"",""subtaskTitle"":""生成轻过滤数据集""}"
"2026-04-07","2026/4/7 14:48:29","nav.date_changed","{""to"":""2026-04-07"",""from"":""2026-04-06"",""method"":""arrow""}"
"2026-04-07","2026/4/7 14:48:29","nav.date_changed","{""to"":""2026-04-07"",""from"":""2026-04-06"",""method"":""arrow""}"
"2026-04-07","2026/4/7 14:48:29","nav.date_changed","{""to"":""2026-04-07"",""from"":""2026-04-06"",""method"":""arrow""}"
"2026-04-07","2026/4/7 14:48:35","task.carried_over","{""taskIds"":[""t-1775461806979-toaw""],""fromDate"":""2026-04-06""}"
"2026-04-07","2026/4/7 14:48:35","task.carried_over","{""taskIds"":[""t-1775461806979-toaw""],""fromDate"":""2026-04-06""}"
"2026-04-07","2026/4/7 14:48:35","task.carried_over","{""taskIds"":[""t-1775461806979-toaw""],""fromDate"":""2026-04-06""}"
"2026-04-07","2026/4/7 14:49:02","task.created","{""title"":""信号与系统"",""source"":""editor"",""taskId"":""t-1775544542327-vzqa""}"
"2026-04-07","2026/4/7 14:49:02","task.created","{""title"":""信号与系统"",""source"":""editor"",""taskId"":""t-1775544542327-vzqa""}"
"2026-04-07","2026/4/7 14:49:02","task.created","{""title"":""信号与系统"",""source"":""editor"",""taskId"":""t-1775544542327-vzqa""}"
"2026-04-07","2026/4/7 14:51:19","plan.brain_dump","{""tasks"":[{""id"":""1775544515010-7xau"",""title"":""生物学导论论文""},{""id"":""t-1775544542327-vzqa"",""title"":""信号与系统""}],""taskCount"":2}"
"2026-04-07","2026/4/7 14:51:19","mode.widget_entered","{}"
"2026-04-07","2026/4/7 14:51:19","mode.widget_entered","{}"
"2026-04-07","2026/4/7 14:51:19","plan.focus_selected","{""taskId"":""t-1775544542327-vzqa"",""taskTitle"":""信号与系统""}"
"2026-04-07","2026/4/7 14:51:19","plan.brain_dump","{""tasks"":[{""id"":""1775544515010-7xau"",""title"":""生物学导论论文""},{""id"":""t-1775544542327-vzqa"",""title"":""信号与系统""}],""taskCount"":2}"
"2026-04-07","2026/4/7 14:51:19","mode.widget_entered","{}"
"2026-04-07","2026/4/7 14:51:19","plan.focus_selected","{""taskId"":""t-1775544542327-vzqa"",""taskTitle"":""信号与系统""}"
"2026-04-07","2026/4/7 14:51:19","plan.brain_dump","{""tasks"":[{""id"":""1775544515010-7xau"",""title"":""生物学导论论文""},{""id"":""t-1775544542327-vzqa"",""title"":""信号与系统""}],""taskCount"":2}"
"2026-04-07","2026/4/7 14:51:19","plan.focus_selected","{""taskId"":""t-1775544542327-vzqa"",""taskTitle"":""信号与系统""}"
"2026-04-07","2026/4/7 14:51:23","plan.focus_selected","{""taskId"":""t-1775544542327-vzqa"",""taskTitle"":""信号与系统""}"
"2026-04-07","2026/4/7 14:51:23","plan.brain_dump","{""tasks"":[{""id"":""1775544515010-7xau"",""title"":""生物学导论论文""},{""id"":""t-1775544542327-vzqa"",""title"":""信号与系统""}],""taskCount"":2}"
"2026-04-07","2026/4/7 14:51:23","plan.focus_selected","{""taskId"":""t-1775544542327-vzqa"",""taskTitle"":""信号与系统""}"
"2026-04-07","2026/4/7 14:51:23","plan.first_micro","{""source"":""ai_chip"",""taskId"":""t-1775544542327-vzqa"",""taskTitle"":""信号与系统"",""microAction"":""点开知识点课件页面""}"
"2026-04-07","2026/4/7 14:51:23","session.started","{""taskId"":""t-1775544542327-vzqa"",""sessionId"":""s-1775544683585-w0o6"",""taskTitle"":""信号与系统""}"
"2026-04-07","2026/4/7 14:51:23","exec.micro_started","{""taskId"":""t-1775544542327-vzqa"",""sessionId"":""s-1775544683585-w0o6"",""taskTitle"":""信号与系统"",""microAction"":""点开知识点课件页面""}"
"2026-04-07","2026/4/7 14:51:23","plan.brain_dump","{""tasks"":[{""id"":""1775544515010-7xau"",""title"":""生物学导论论文""},{""id"":""t-1775544542327-vzqa"",""title"":""信号与系统""}],""taskCount"":2}"
"2026-04-07","2026/4/7 14:51:23","plan.first_micro","{""source"":""ai_chip"",""taskId"":""t-1775544542327-vzqa"",""taskTitle"":""信号与系统"",""microAction"":""点开知识点课件页面""}"
"2026-04-07","2026/4/7 14:51:23","session.started","{""taskId"":""t-1775544542327-vzqa"",""sessionId"":""s-1775544683585-w0o6"",""taskTitle"":""信号与系统""}"
"2026-04-07","2026/4/7 14:51:23","exec.micro_started","{""taskId"":""t-1775544542327-vzqa"",""sessionId"":""s-1775544683585-w0o6"",""taskTitle"":""信号与系统"",""microAction"":""点开知识点课件页面""}"
"2026-04-07","2026/4/7 14:51:23","plan.brain_dump","{""tasks"":[{""id"":""1775544515010-7xau"",""title"":""生物学导论论文""},{""id"":""t-1775544542327-vzqa"",""title"":""信号与系统""}],""taskCount"":2}"
"2026-04-07","2026/4/7 14:51:23","plan.focus_selected","{""taskId"":""t-1775544542327-vzqa"",""taskTitle"":""信号与系统""}"
"2026-04-07","2026/4/7 14:51:23","plan.first_micro","{""source"":""ai_chip"",""taskId"":""t-1775544542327-vzqa"",""taskTitle"":""信号与系统"",""microAction"":""点开知识点课件页面""}"
"2026-04-07","2026/4/7 14:51:23","session.started","{""taskId"":""t-1775544542327-vzqa"",""sessionId"":""s-1775544683585-w0o6"",""taskTitle"":""信号与系统""}"
"2026-04-07","2026/4/7 14:51:23","exec.micro_started","{""taskId"":""t-1775544542327-vzqa"",""sessionId"":""s-1775544683585-w0o6"",""taskTitle"":""信号与系统"",""microAction"":""点开知识点课件页面""}"
"2026-04-07","2026/4/7 14:54:39","exec.micro_completed","{""taskId"":""t-1775544542327-vzqa"",""sessionId"":""s-1775544683585-w0o6"",""taskTitle"":""信号与系统"",""microAction"":""点开知识点课件页面"",""actualSeconds"":196}"
"2026-04-07","2026/4/7 14:54:39","exec.micro_completed","{""taskId"":""t-1775544542327-vzqa"",""sessionId"":""s-1775544683585-w0o6"",""taskTitle"":""信号与系统"",""microAction"":""点开知识点课件页面"",""actualSeconds"":196}"
"2026-04-07","2026/4/7 14:54:39","exec.micro_completed","{""taskId"":""t-1775544542327-vzqa"",""sessionId"":""s-1775544683585-w0o6"",""taskTitle"":""信号与系统"",""microAction"":""点开知识点课件页面"",""actualSeconds"":196}"
"2026-04-07","2026/4/7 15:29:27","session.paused","{""taskId"":""t-1775544542327-vzqa"",""sessionId"":""s-1775544683585-w0o6"",""taskTitle"":""信号与系统"",""microAction"":""信号与系统"",""elapsedSeconds"":2284,""completedMicroSteps"":1}"
"2026-04-07","2026/4/7 15:29:27","session.paused","{""taskId"":""t-1775544542327-vzqa"",""sessionId"":""s-1775544683585-w0o6"",""taskTitle"":""信号与系统"",""microAction"":""信号与系统"",""elapsedSeconds"":2284,""completedMicroSteps"":1}"
"2026-04-07","2026/4/7 15:29:27","session.paused","{""taskId"":""t-1775544542327-vzqa"",""sessionId"":""s-1775544683585-w0o6"",""taskTitle"":""信号与系统"",""microAction"":""信号与系统"",""elapsedSeconds"":2284,""completedMicroSteps"":1}"
"2026-04-07","2026/4/7 15:47:51","session.resumed","{""taskId"":""t-1775544542327-vzqa"",""sessionId"":""s-1775544683585-w0o6"",""taskTitle"":""信号与系统"",""microAction"":""信号与系统"",""originalSessionId"":""s-1775544683585-w0o6"",""elapsedBeforePause"":2284,""completedMicroSteps"":1,""pausedDurationSeconds"":1103}"
"2026-04-07","2026/4/7 15:47:51","session.resumed","{""taskId"":""t-1775544542327-vzqa"",""sessionId"":""s-1775544683585-w0o6"",""taskTitle"":""信号与系统"",""microAction"":""信号与系统"",""originalSessionId"":""s-1775544683585-w0o6"",""elapsedBeforePause"":2284,""completedMicroSteps"":1,""pausedDurationSeconds"":1103}"
"2026-04-07","2026/4/7 15:47:51","session.resumed","{""taskId"":""t-1775544542327-vzqa"",""sessionId"":""s-1775544683585-w0o6"",""taskTitle"":""信号与系统"",""microAction"":""信号与系统"",""originalSessionId"":""s-1775544683585-w0o6"",""elapsedBeforePause"":2284,""completedMicroSteps"":1,""pausedDurationSeconds"":1103}"
"2026-04-07","2026/4/7 15:54:45","exec.flow_ended","{""taskId"":""t-1775544542327-vzqa"",""endReason"":""task_done"",""sessionId"":""s-1775544683585-w0o6"",""taskTitle"":""信号与系统"",""flowDurationSeconds"":414}"
"2026-04-07","2026/4/7 15:54:45","session.ended","{""taskId"":""t-1775544542327-vzqa"",""endReason"":""task_done"",""sessionId"":""s-1775544683585-w0o6"",""taskTitle"":""信号与系统"",""completedMicroSteps"":1,""totalDurationSeconds"":2698}"
"2026-04-07","2026/4/7 15:54:45","exec.flow_ended","{""taskId"":""t-1775544542327-vzqa"",""endReason"":""task_done"",""sessionId"":""s-1775544683585-w0o6"",""taskTitle"":""信号与系统"",""flowDurationSeconds"":414}"
"2026-04-07","2026/4/7 15:54:45","session.macro_completed","{""taskId"":""t-1775544542327-vzqa"",""taskTitle"":""信号与系统"",""completedVia"":""flow""}"
"2026-04-07","2026/4/7 15:54:45","session.ended","{""taskId"":""t-1775544542327-vzqa"",""endReason"":""task_done"",""sessionId"":""s-1775544683585-w0o6"",""taskTitle"":""信号与系统"",""completedMicroSteps"":1,""totalDurationSeconds"":2698}"
"2026-04-07","2026/4/7 15:54:45","session.ended","{""taskId"":""t-1775544542327-vzqa"",""endReason"":""task_done"",""sessionId"":""s-1775544683585-w0o6"",""taskTitle"":""信号与系统"",""completedMicroSteps"":1,""totalDurationSeconds"":2698}"
"2026-04-07","2026/4/7 15:54:45","session.macro_completed","{""taskId"":""t-1775544542327-vzqa"",""taskTitle"":""信号与系统"",""completedVia"":""flow""}"
"2026-04-07","2026/4/7 15:54:45","exec.flow_ended","{""taskId"":""t-1775544542327-vzqa"",""endReason"":""task_done"",""sessionId"":""s-1775544683585-w0o6"",""taskTitle"":""信号与系统"",""flowDurationSeconds"":414}"
"2026-04-07","2026/4/7 15:54:45","session.macro_completed","{""taskId"":""t-1775544542327-vzqa"",""taskTitle"":""信号与系统"",""completedVia"":""flow""}"
"2026-04-07","2026/4/7 17:24:14","app.launched","{}"
"2026-04-07","2026/4/7 17:24:14","app.launched","{}"
"2026-04-07","2026/4/7 17:24:14","app.launched","{}"
"2026-04-07","2026/4/7 17:24:29","task.created","{""title"":""课题"",""source"":""editor"",""taskId"":""t-1775553869993-p3ru""}"
"2026-04-07","2026/4/7 17:24:29","task.created","{""title"":""课题"",""source"":""editor"",""taskId"":""t-1775553869993-p3ru""}"
"2026-04-07","2026/4/7 17:24:29","task.created","{""title"":""课题"",""source"":""editor"",""taskId"":""t-1775553869993-p3ru""}"
"2026-04-07","2026/4/7 17:24:41","task.subtask_created","{""taskId"":""t-1775553869993-p3ru"",""subtaskTitle"":""跑验证集""}"
"2026-04-07","2026/4/7 17:24:41","task.subtask_created","{""taskId"":""t-1775553869993-p3ru"",""subtaskTitle"":""跑验证集""}"
"2026-04-07","2026/4/7 17:24:41","task.subtask_created","{""taskId"":""t-1775553869993-p3ru"",""subtaskTitle"":""跑验证集""}"
"2026-04-07","2026/4/7 17:25:53","task.subtask_created","{""taskId"":""t-1775553869993-p3ru"",""subtaskTitle"":""严格过滤""}"
"2026-04-07","2026/4/7 17:25:53","task.subtask_created","{""taskId"":""t-1775553869993-p3ru"",""subtaskTitle"":""严格过滤""}"
"2026-04-07","2026/4/7 17:25:53","task.subtask_created","{""taskId"":""t-1775553869993-p3ru"",""subtaskTitle"":""严格过滤""}"
"2026-04-07","2026/4/7 17:26:13","task.created","{""title"":""两版验证集"",""source"":""editor"",""taskId"":""t-1775553973864-whke""}"
"2026-04-07","2026/4/7 17:26:13","task.created","{""title"":""两版验证集"",""source"":""editor"",""taskId"":""t-1775553973864-whke""}"
"2026-04-07","2026/4/7 17:26:13","task.created","{""title"":""两版验证集"",""source"":""editor"",""taskId"":""t-1775553973864-whke""}"
"2026-04-07","2026/4/7 17:26:17","task.subtask_created","{""taskId"":""t-1775553869993-p3ru"",""subtaskTitle"":""两版验证集""}"
"2026-04-07","2026/4/7 17:26:17","task.subtask_created","{""taskId"":""t-1775553869993-p3ru"",""subtaskTitle"":""两版验证集""}"
"2026-04-07","2026/4/7 17:26:17","task.subtask_created","{""taskId"":""t-1775553869993-p3ru"",""subtaskTitle"":""两版验证集""}"
"2026-04-07","2026/4/7 17:26:57","plan.focus_selected","{""taskId"":""t-1775553869993-p3ru"",""taskTitle"":""课题""}"
"2026-04-07","2026/4/7 17:26:57","plan.brain_dump","{""tasks"":[{""id"":""1775544515010-7xau"",""title"":""生物学导论论文""},{""id"":""t-1775553869993-p3ru"",""title"":""课题""}],""taskCount"":2}"
"2026-04-07","2026/4/7 17:26:57","plan.focus_selected","{""taskId"":""t-1775553869993-p3ru"",""taskTitle"":""课题""}"
"2026-04-07","2026/4/7 17:26:57","mode.widget_entered","{}"
"2026-04-07","2026/4/7 17:26:57","plan.brain_dump","{""tasks"":[{""id"":""1775544515010-7xau"",""title"":""生物学导论论文""},{""id"":""t-1775553869993-p3ru"",""title"":""课题""}],""taskCount"":2}"
"2026-04-07","2026/4/7 17:26:57","mode.widget_entered","{}"
"2026-04-07","2026/4/7 17:26:57","plan.focus_selected","{""taskId"":""t-1775553869993-p3ru"",""taskTitle"":""课题""}"
"2026-04-07","2026/4/7 17:26:57","plan.brain_dump","{""tasks"":[{""id"":""1775544515010-7xau"",""title"":""生物学导论论文""},{""id"":""t-1775553869993-p3ru"",""title"":""课题""}],""taskCount"":2}"
"2026-04-07","2026/4/7 17:26:57","mode.widget_entered","{}"
"2026-04-07","2026/4/7 17:27:01","plan.first_micro","{""source"":""ai_chip"",""taskId"":""t-1775553869993-p3ru"",""taskTitle"":""课题"",""microAction"":""点击运行按钮启动脚本""}"
"2026-04-07","2026/4/7 17:27:01","exec.micro_started","{""taskId"":""t-1775553869993-p3ru"",""sessionId"":""s-1775554021802-6zx3"",""taskTitle"":""课题"",""microAction"":""点击运行按钮启动脚本""}"
"2026-04-07","2026/4/7 17:27:01","session.started","{""taskId"":""t-1775553869993-p3ru"",""sessionId"":""s-1775554021802-6zx3"",""taskTitle"":""课题""}"
"2026-04-07","2026/4/7 17:27:01","plan.first_micro","{""source"":""ai_chip"",""taskId"":""t-1775553869993-p3ru"",""taskTitle"":""课题"",""microAction"":""点击运行按钮启动脚本""}"
"2026-04-07","2026/4/7 17:27:01","plan.focus_selected","{""taskId"":""t-1775553869993-p3ru"",""taskTitle"":""课题""}"
"2026-04-07","2026/4/7 17:27:01","plan.brain_dump","{""tasks"":[{""id"":""1775544515010-7xau"",""title"":""生物学导论论文""},{""id"":""t-1775553869993-p3ru"",""title"":""课题""}],""taskCount"":2}"
"2026-04-07","2026/4/7 17:27:01","exec.micro_started","{""taskId"":""t-1775553869993-p3ru"",""sessionId"":""s-1775554021802-6zx3"",""taskTitle"":""课题"",""microAction"":""点击运行按钮启动脚本""}"
"2026-04-07","2026/4/7 17:27:01","session.started","{""taskId"":""t-1775553869993-p3ru"",""sessionId"":""s-1775554021802-6zx3"",""taskTitle"":""课题""}"
"2026-04-07","2026/4/7 17:27:01","plan.first_micro","{""source"":""ai_chip"",""taskId"":""t-1775553869993-p3ru"",""taskTitle"":""课题"",""microAction"":""点击运行按钮启动脚本""}"
"2026-04-07","2026/4/7 17:27:01","plan.focus_selected","{""taskId"":""t-1775553869993-p3ru"",""taskTitle"":""课题""}"
"2026-04-07","2026/4/7 17:27:01","plan.brain_dump","{""tasks"":[{""id"":""1775544515010-7xau"",""title"":""生物学导论论文""},{""id"":""t-1775553869993-p3ru"",""title"":""课题""}],""taskCount"":2}"
"2026-04-07","2026/4/7 17:27:01","plan.brain_dump","{""tasks"":[{""id"":""1775544515010-7xau"",""title"":""生物学导论论文""},{""id"":""t-1775553869993-p3ru"",""title"":""课题""}],""taskCount"":2}"
"2026-04-07","2026/4/7 17:27:01","plan.focus_selected","{""taskId"":""t-1775553869993-p3ru"",""taskTitle"":""课题""}"
"2026-04-07","2026/4/7 17:27:01","session.started","{""taskId"":""t-1775553869993-p3ru"",""sessionId"":""s-1775554021802-6zx3"",""taskTitle"":""课题""}"
"2026-04-07","2026/4/7 17:27:01","exec.micro_started","{""taskId"":""t-1775553869993-p3ru"",""sessionId"":""s-1775554021802-6zx3"",""taskTitle"":""课题"",""microAction"":""点击运行按钮启动脚本""}"
"2026-04-07","2026/4/7 17:27:04","exec.micro_completed","{""taskId"":""t-1775553869993-p3ru"",""sessionId"":""s-1775554021802-6zx3"",""taskTitle"":""课题"",""microAction"":""点击运行按钮启动脚本"",""actualSeconds"":2}"
"2026-04-07","2026/4/7 17:27:04","exec.micro_completed","{""taskId"":""t-1775553869993-p3ru"",""sessionId"":""s-1775554021802-6zx3"",""taskTitle"":""课题"",""microAction"":""点击运行按钮启动脚本"",""actualSeconds"":2}"
"2026-04-07","2026/4/7 17:27:04","exec.micro_completed","{""taskId"":""t-1775553869993-p3ru"",""sessionId"":""s-1775554021802-6zx3"",""taskTitle"":""课题"",""microAction"":""点击运行按钮启动脚本"",""actualSeconds"":2}"
"2026-04-07","2026/4/7 17:44:20","task.subtask_toggled","{""taskId"":""t-1775553869993-p3ru"",""completed"":true,""subtaskId"":""s-1775553881300-c2m6"",""subtaskTitle"":""跑验证集""}"
"2026-04-07","2026/4/7 17:44:20","task.subtask_toggled","{""taskId"":""t-1775553869993-p3ru"",""completed"":true,""subtaskId"":""s-1775553881300-c2m6"",""subtaskTitle"":""跑验证集""}"
"2026-04-07","2026/4/7 17:44:20","task.subtask_toggled","{""taskId"":""t-1775553869993-p3ru"",""completed"":true,""subtaskId"":""s-1775553881300-c2m6"",""subtaskTitle"":""跑验证集""}"
"2026-04-07","2026/4/7 17:44:26","task.subtask_toggled","{""taskId"":""t-1775553869993-p3ru"",""completed"":true,""subtaskId"":""t-1775553973864-whke"",""subtaskTitle"":""两版验证集""}"
"2026-04-07","2026/4/7 17:44:26","task.subtask_toggled","{""taskId"":""t-1775553869993-p3ru"",""completed"":true,""subtaskId"":""t-1775553973864-whke"",""subtaskTitle"":""两版验证集""}"
"2026-04-07","2026/4/7 17:44:26","task.subtask_toggled","{""taskId"":""t-1775553869993-p3ru"",""completed"":true,""subtaskId"":""t-1775553973864-whke"",""subtaskTitle"":""两版验证集""}"
"2026-04-07","2026/4/7 17:44:27","task.subtask_toggled","{""taskId"":""t-1775553869993-p3ru"",""completed"":false,""subtaskId"":""t-1775553973864-whke"",""subtaskTitle"":""两版验证集""}"
"2026-04-07","2026/4/7 17:44:27","task.subtask_toggled","{""taskId"":""t-1775553869993-p3ru"",""completed"":false,""subtaskId"":""t-1775553973864-whke"",""subtaskTitle"":""两版验证集""}"
"2026-04-07","2026/4/7 17:44:27","task.subtask_toggled","{""taskId"":""t-1775553869993-p3ru"",""completed"":false,""subtaskId"":""t-1775553973864-whke"",""subtaskTitle"":""两版验证集""}"
"2026-04-07","2026/4/7 18:13:06","session.paused","{""taskId"":""t-1775553869993-p3ru"",""sessionId"":""s-1775554021802-6zx3"",""taskTitle"":""课题"",""microAction"":""课题"",""elapsedSeconds"":2764,""completedMicroSteps"":1}"
"2026-04-07","2026/4/7 18:13:06","session.paused","{""taskId"":""t-1775553869993-p3ru"",""sessionId"":""s-1775554021802-6zx3"",""taskTitle"":""课题"",""microAction"":""课题"",""elapsedSeconds"":2764,""completedMicroSteps"":1}"
"2026-04-07","2026/4/7 19:18:58","session.resumed","{""taskId"":""t-1775553869993-p3ru"",""sessionId"":""s-1775554021802-6zx3"",""taskTitle"":""课题"",""microAction"":""课题"",""originalSessionId"":""s-1775554021802-6zx3"",""elapsedBeforePause"":2764,""completedMicroSteps"":1,""pausedDurationSeconds"":3951}"
"2026-04-07","2026/4/7 19:18:58","session.resumed","{""taskId"":""t-1775553869993-p3ru"",""sessionId"":""s-1775554021802-6zx3"",""taskTitle"":""课题"",""microAction"":""课题"",""originalSessionId"":""s-1775554021802-6zx3"",""elapsedBeforePause"":2764,""completedMicroSteps"":1,""pausedDurationSeconds"":3951}"
"2026-04-07","2026/4/7 22:48:59","task.subtask_toggled","{""taskId"":""t-1775553869993-p3ru"",""completed"":true,""subtaskId"":""t-1775553973864-whke"",""subtaskTitle"":""两版验证集""}"
"2026-04-08","2026/4/8 13:58:31","app.launched","{}"
"2026-04-08","2026/4/8 13:58:48","task.carried_over","{""taskIds"":[""1775544515010-7xau""],""fromDate"":""2026-04-07""}"
"2026-04-08","2026/4/8 13:58:55","task.created","{""title"":""课题"",""source"":""editor"",""taskId"":""t-1775627935221-5oxf""}"
"2026-04-08","2026/4/8 14:05:09","mode.widget_entered","{}"
"2026-04-08","2026/4/8 14:05:09","plan.brain_dump","{""tasks"":[{""id"":""1775627928260-o9hf"",""title"":""生物学导论论文""},{""id"":""t-1775627935221-5oxf"",""title"":""课题""}],""taskCount"":2}"
"2026-04-08","2026/4/8 14:05:09","plan.focus_selected","{""taskId"":""1775627928260-o9hf"",""taskTitle"":""生物学导论论文""}"
"2026-04-08","2026/4/8 14:05:18","plan.brain_dump","{""tasks"":[{""id"":""1775627928260-o9hf"",""title"":""生物学导论论文""},{""id"":""t-1775627935221-5oxf"",""title"":""课题""}],""taskCount"":2}"
"2026-04-08","2026/4/8 14:05:18","plan.first_micro","{""source"":""self"",""taskId"":""1775627928260-o9hf"",""taskTitle"":""生物学导论论文"",""microAction"":""打开文档""}"
"2026-04-08","2026/4/8 14:05:18","plan.focus_selected","{""taskId"":""1775627928260-o9hf"",""taskTitle"":""生物学导论论文""}"
"2026-04-08","2026/4/8 14:05:18","session.started","{""taskId"":""1775627928260-o9hf"",""sessionId"":""s-1775628318325-mtpc"",""taskTitle"":""生物学导论论文""}"
"2026-04-08","2026/4/8 14:05:18","exec.micro_started","{""taskId"":""1775627928260-o9hf"",""sessionId"":""s-1775628318325-mtpc"",""taskTitle"":""生物学导论论文"",""microAction"":""打开文档""}"
"2026-04-08","2026/4/8 14:30:46","exec.micro_completed","{""taskId"":""1775627928260-o9hf"",""sessionId"":""s-1775628318325-mtpc"",""taskTitle"":""生物学导论论文"",""microAction"":""打开文档"",""actualSeconds"":1527}"
"2026-04-08","2026/4/8 15:03:14","session.paused","{""taskId"":""1775627928260-o9hf"",""sessionId"":""s-1775628318325-mtpc"",""taskTitle"":""生物学导论论文"",""microAction"":""生物学导论论文"",""elapsedSeconds"":3475,""completedMicroSteps"":1}"
"2026-04-08","2026/4/8 15:06:17","mode.widget_expanded","{}"
"2026-04-08","2026/4/8 15:07:00","plan.brain_dump","{""tasks"":[{""id"":""1775627928260-o9hf"",""title"":""生物学导论论文""},{""id"":""t-1775627935221-5oxf"",""title"":""课题""}],""taskCount"":2}"
"2026-04-08","2026/4/8 15:07:00","plan.focus_selected","{""taskId"":""t-1775627935221-5oxf"",""taskTitle"":""课题""}"
"2026-04-08","2026/4/8 15:07:00","mode.widget_entered","{}"
"2026-04-08","2026/4/8 15:07:07","session.started","{""taskId"":""t-1775627935221-5oxf"",""sessionId"":""s-1775632027699-t3po"",""taskTitle"":""课题""}"
"2026-04-08","2026/4/8 15:07:07","plan.brain_dump","{""tasks"":[{""id"":""1775627928260-o9hf"",""title"":""生物学导论论文""},{""id"":""t-1775627935221-5oxf"",""title"":""课题""}],""taskCount"":2}"
"2026-04-08","2026/4/8 15:07:07","plan.focus_selected","{""taskId"":""t-1775627935221-5oxf"",""taskTitle"":""课题""}"
"2026-04-08","2026/4/8 15:07:07","plan.first_micro","{""source"":""ai_chip"",""taskId"":""t-1775627935221-5oxf"",""taskTitle"":""课题"",""microAction"":""点开课题相关文件夹""}"
"2026-04-08","2026/4/8 15:07:07","exec.micro_started","{""taskId"":""t-1775627935221-5oxf"",""sessionId"":""s-1775632027699-t3po"",""taskTitle"":""课题"",""microAction"":""点开课题相关文件夹""}"
"2026-04-08","2026/4/8 15:07:09","exec.micro_completed","{""taskId"":""t-1775627935221-5oxf"",""sessionId"":""s-1775632027699-t3po"",""taskTitle"":""课题"",""microAction"":""点开课题相关文件夹"",""actualSeconds"":1}"
"2026-04-08","2026/4/8 15:39:49","session.paused","{""taskId"":""t-1775627935221-5oxf"",""sessionId"":""s-1775632027699-t3po"",""taskTitle"":""课题"",""microAction"":""课题"",""elapsedSeconds"":1962,""completedMicroSteps"":1}"
"2026-04-08","2026/4/8 17:13:53","app.launched","{}"
"2026-04-08","2026/4/8 19:45:06","session.resumed","{""taskId"":""t-1775627935221-5oxf"",""sessionId"":""s-1775632027699-t3po"",""taskTitle"":""课题"",""microAction"":""课题"",""originalSessionId"":""s-1775632027699-t3po"",""elapsedBeforePause"":1962,""completedMicroSteps"":1,""pausedDurationSeconds"":14716}"
"2026-04-08","2026/4/8 20:23:44","session.paused","{""taskId"":""t-1775627935221-5oxf"",""sessionId"":""s-1775632027699-t3po"",""taskTitle"":""课题"",""microAction"":""课题"",""elapsedSeconds"":4279,""completedMicroSteps"":1}"
"2026-04-08","2026/4/8 20:23:45","session.resumed","{""taskId"":""1775627928260-o9hf"",""sessionId"":""s-1775628318325-mtpc"",""taskTitle"":""生物学导论论文"",""microAction"":""生物学导论论文"",""originalSessionId"":""s-1775628318325-mtpc"",""elapsedBeforePause"":3475,""completedMicroSteps"":1,""pausedDurationSeconds"":19231}"
"2026-04-08","2026/4/8 22:46:17","session.paused","{""taskId"":""1775627928260-o9hf"",""sessionId"":""s-1775628318325-mtpc"",""taskTitle"":""生物学导论论文"",""microAction"":""生物学导论论文"",""elapsedSeconds"":12027,""completedMicroSteps"":1}"
"2026-04-08","2026/4/8 23:04:54","app.launched","{}"
"2026-04-09","2026/4/9 00:44:02","nav.date_changed","{""to"":""2026-04-08"",""from"":""2026-04-09"",""method"":""arrow""}"
"2026-04-09","2026/4/9 00:44:04","reflect.opened","{""date"":""2026-04-09"",""mode"":""day""}"
"2026-04-09","2026/4/9 00:44:18","reflect.closed","{""date"":""2026-04-09"",""mode"":""day"",""hadChat"":false,""durationMs"":13405,""hadEndedProperly"":false}"
"2026-04-09","2026/4/9 15:52:19","app.launched","{}"
"2026-04-09","2026/4/9 15:52:35","task.carried_over","{""taskIds"":[""1775627928260-o9hf"",""t-1775627935221-5oxf""],""fromDate"":""2026-04-08""}"
"2026-04-09","2026/4/9 16:16:05","task.reordered","{""taskId"":""1775721155488-omia"",""toIndex"":1,""fromIndex"":0}"
"2026-04-09","2026/4/9 16:16:17","task.subtask_created","{""taskId"":""1775721155488-omia"",""subtaskTitle"":""读文献""}"
"2026-04-09","2026/4/9 16:16:19","mode.widget_entered","{}"
"2026-04-09","2026/4/9 16:16:19","plan.focus_selected","{""taskId"":""1775721155488-omia"",""taskTitle"":""生物学导论论文""}"
"2026-04-09","2026/4/9 16:16:19","plan.brain_dump","{""tasks"":[{""id"":""1775721155488-6qnw"",""title"":""课题""},{""id"":""1775721155488-omia"",""title"":""生物学导论论文""}],""taskCount"":2}"
"2026-04-09","2026/4/9 16:16:22","plan.focus_selected","{""taskId"":""1775721155488-omia"",""taskTitle"":""生物学导论论文""}"
"2026-04-09","2026/4/9 16:16:22","plan.brain_dump","{""tasks"":[{""id"":""1775721155488-6qnw"",""title"":""课题""},{""id"":""1775721155488-omia"",""title"":""生物学导论论文""}],""taskCount"":2}"
"2026-04-09","2026/4/9 16:16:22","plan.first_micro","{""source"":""ai_chip"",""taskId"":""1775721155488-omia"",""taskTitle"":""生物学导论论文"",""microAction"":""点击第一篇文献""}"
"2026-04-09","2026/4/9 16:16:22","session.started","{""taskId"":""1775721155488-omia"",""sessionId"":""s-1775722582194-5b7j"",""taskTitle"":""生物学导论论文""}"
"2026-04-09","2026/4/9 16:16:22","exec.micro_started","{""taskId"":""1775721155488-omia"",""sessionId"":""s-1775722582194-5b7j"",""taskTitle"":""生物学导论论文"",""microAction"":""点击第一篇文献""}"
"2026-04-09","2026/4/9 16:16:25","exec.micro_completed","{""taskId"":""1775721155488-omia"",""sessionId"":""s-1775722582194-5b7j"",""taskTitle"":""生物学导论论文"",""microAction"":""点击第一篇文献"",""actualSeconds"":3}"
"2026-04-09","2026/4/9 17:27:40","session.paused","{""taskId"":""1775721155488-omia"",""sessionId"":""s-1775722582194-5b7j"",""taskTitle"":""生物学导论论文"",""microAction"":""生物学导论论文"",""elapsedSeconds"":4277,""completedMicroSteps"":1}"
"2026-04-09","2026/4/9 19:11:31","app.launched","{}"
"2026-04-09","2026/4/9 19:11:36","mode.widget_entered","{}"
"2026-04-09","2026/4/9 19:11:36","plan.focus_selected","{""taskId"":""1775721155488-6qnw"",""taskTitle"":""课题""}"
"2026-04-09","2026/4/9 19:11:36","plan.brain_dump","{""tasks"":[{""id"":""1775721155488-6qnw"",""title"":""课题""},{""id"":""1775721155488-omia"",""title"":""生物学导论论文""}],""taskCount"":2}"
"2026-04-09","2026/4/9 19:11:39","exec.micro_started","{""taskId"":""1775721155488-6qnw"",""sessionId"":""s-1775733099094-miy4"",""taskTitle"":""课题"",""microAction"":""点开课题相关文件夹""}"
"2026-04-09","2026/4/9 19:11:39","plan.first_micro","{""source"":""ai_chip"",""taskId"":""1775721155488-6qnw"",""taskTitle"":""课题"",""microAction"":""点开课题相关文件夹""}"
"2026-04-09","2026/4/9 19:11:39","plan.focus_selected","{""taskId"":""1775721155488-6qnw"",""taskTitle"":""课题""}"
"2026-04-09","2026/4/9 19:11:39","plan.brain_dump","{""tasks"":[{""id"":""1775721155488-6qnw"",""title"":""课题""},{""id"":""1775721155488-omia"",""title"":""生物学导论论文""}],""taskCount"":2}"
"2026-04-09","2026/4/9 19:11:39","session.started","{""taskId"":""1775721155488-6qnw"",""sessionId"":""s-1775733099094-miy4"",""taskTitle"":""课题""}"
"2026-04-09","2026/4/9 19:11:41","exec.micro_completed","{""taskId"":""1775721155488-6qnw"",""sessionId"":""s-1775733099094-miy4"",""taskTitle"":""课题"",""microAction"":""点开课题相关文件夹"",""actualSeconds"":1}"
"2026-04-09","2026/4/9 19:12:20","mode.widget_entered","{}"
"2026-04-09","2026/4/9 19:12:26","exec.micro_started","{""taskId"":""1775721155488-6qnw"",""sessionId"":""s-1775733146960-j4w6"",""taskTitle"":""课题"",""microAction"":""点开课题相关文件夹""}"
"2026-04-09","2026/4/9 19:12:26","session.started","{""taskId"":""1775721155488-6qnw"",""sessionId"":""s-1775733146960-j4w6"",""taskTitle"":""课题""}"
"2026-04-09","2026/4/9 19:12:26","plan.brain_dump","{""tasks"":[{""id"":""1775721155488-6qnw"",""title"":""课题""},{""id"":""1775721155488-omia"",""title"":""生物学导论论文""}],""taskCount"":2}"
"2026-04-09","2026/4/9 19:12:26","plan.focus_selected","{""taskId"":""1775721155488-6qnw"",""taskTitle"":""课题""}"
"2026-04-09","2026/4/9 19:12:26","plan.first_micro","{""source"":""ai_chip"",""taskId"":""1775721155488-6qnw"",""taskTitle"":""课题"",""microAction"":""点开课题相关文件夹""}"
"2026-04-09","2026/4/9 19:20:02","exec.micro_completed","{""taskId"":""1775721155488-6qnw"",""sessionId"":""s-1775733146960-j4w6"",""taskTitle"":""课题"",""microAction"":""点开课题相关文件夹"",""actualSeconds"":455}"
"2026-04-09","2026/4/9 23:20:43","session.ended","{""taskId"":""1775721155488-6qnw"",""endReason"":""task_done"",""sessionId"":""s-1775733146960-j4w6"",""taskTitle"":""课题"",""completedMicroSteps"":1,""totalDurationSeconds"":14896}"
"2026-04-09","2026/4/9 23:20:43","exec.flow_ended","{""taskId"":""1775721155488-6qnw"",""endReason"":""task_done"",""sessionId"":""s-1775733146960-j4w6"",""taskTitle"":""课题"",""flowDurationSeconds"":14441}"
"2026-04-09","2026/4/9 23:20:43","session.macro_completed","{""taskId"":""1775721155488-6qnw"",""taskTitle"":""课题"",""completedVia"":""flow""}"
"2026-04-10","2026/4/10 14:08:58","app.launched","{}"
"2026-04-10","2026/4/10 16:44:55","app.quit","{}"
"2026-04-10","2026/4/10 16:48:04","app.launched","{}"
"2026-04-10","2026/4/10 16:48:11","task.created","{""title"":""课题"",""source"":""editor"",""taskId"":""t-1775810891057-w3oy""}"
"2026-04-10","2026/4/10 16:48:21","task.created","{""title"":""生物学导论"",""source"":""editor"",""taskId"":""t-1775810901843-74y2""}"
"2026-04-10","2026/4/10 17:05:16","plan.focus_selected","{""taskId"":""t-1775810901843-74y2"",""taskTitle"":""生物学导论""}"
"2026-04-10","2026/4/10 17:05:16","plan.brain_dump","{""tasks"":[{""id"":""t-1775810891057-w3oy"",""title"":""课题""},{""id"":""t-1775810901843-74y2"",""title"":""生物学导论""}],""taskCount"":2}"
"2026-04-10","2026/4/10 17:05:16","mode.widget_entered","{}"
"2026-04-10","2026/4/10 17:05:25","plan.brain_dump","{""tasks"":[{""id"":""t-1775810891057-w3oy"",""title"":""课题""},{""id"":""t-1775810901843-74y2"",""title"":""生物学导论""}],""taskCount"":2}"
"2026-04-10","2026/4/10 17:05:25","exec.micro_started","{""taskId"":""t-1775810901843-74y2"",""sessionId"":""s-1775811925012-vns8"",""taskTitle"":""生物学导论"",""microAction"":""打开文档""}"
"2026-04-10","2026/4/10 17:05:25","session.started","{""taskId"":""t-1775810901843-74y2"",""sessionId"":""s-1775811925012-vns8"",""taskTitle"":""生物学导论""}"
"2026-04-10","2026/4/10 17:05:25","plan.first_micro","{""source"":""self"",""taskId"":""t-1775810901843-74y2"",""taskTitle"":""生物学导论"",""microAction"":""打开文档""}"
"2026-04-10","2026/4/10 17:05:25","plan.focus_selected","{""taskId"":""t-1775810901843-74y2"",""taskTitle"":""生物学导论""}"
"2026-04-10","2026/4/10 17:05:27","exec.micro_completed","{""taskId"":""t-1775810901843-74y2"",""sessionId"":""s-1775811925012-vns8"",""taskTitle"":""生物学导论"",""microAction"":""打开文档"",""actualSeconds"":2}"
"2026-04-10","2026/4/10 17:28:58","session.paused","{""taskId"":""t-1775810901843-74y2"",""sessionId"":""s-1775811925012-vns8"",""taskTitle"":""生物学导论"",""microAction"":""生物学导论"",""elapsedSeconds"":1413,""completedMicroSteps"":1}"
"2026-04-10","2026/4/10 20:26:58","app.launched","{}"
"2026-04-10","2026/4/10 20:27:01","plan.focus_selected","{""taskId"":""t-1775810891057-w3oy"",""taskTitle"":""课题""}"
"2026-04-10","2026/4/10 20:27:01","plan.brain_dump","{""tasks"":[{""id"":""t-1775810891057-w3oy"",""title"":""课题""},{""id"":""t-1775810901843-74y2"",""title"":""生物学导论""}],""taskCount"":2}"
"2026-04-10","2026/4/10 20:27:01","mode.widget_entered","{}"
"2026-04-10","2026/4/10 20:27:03","plan.focus_selected","{""taskId"":""t-1775810891057-w3oy"",""taskTitle"":""课题""}"
"2026-04-10","2026/4/10 20:27:03","session.started","{""taskId"":""t-1775810891057-w3oy"",""sessionId"":""s-1775824023493-9873"",""taskTitle"":""课题""}"
"2026-04-10","2026/4/10 20:27:03","plan.first_micro","{""source"":""ai_chip"",""taskId"":""t-1775810891057-w3oy"",""taskTitle"":""课题"",""microAction"":""点开课题相关文件夹""}"
"2026-04-10","2026/4/10 20:27:03","exec.micro_started","{""taskId"":""t-1775810891057-w3oy"",""sessionId"":""s-1775824023493-9873"",""taskTitle"":""课题"",""microAction"":""点开课题相关文件夹""}"
"2026-04-10","2026/4/10 20:27:03","plan.brain_dump","{""tasks"":[{""id"":""t-1775810891057-w3oy"",""title"":""课题""},{""id"":""t-1775810901843-74y2"",""title"":""生物学导论""}],""taskCount"":2}"
"2026-04-10","2026/4/10 20:27:06","stuck.triggered","{""taskId"":""t-1775810891057-w3oy"",""sessionId"":""s-1775824023493-9873"",""microAction"":""点开课题相关文件夹"",""elapsedSeconds"":2}"
"2026-04-10","2026/4/10 20:27:19","stuck.reason","{""reason"":""这一步太难/复杂了，不知道从哪开始"",""taskId"":""t-1775810891057-w3oy"",""sessionId"":""s-1775824023493-9873"",""microAction"":""点开课题相关文件夹"",""reasonSource"":""common_chip""}"
"2026-04-10","2026/4/10 20:27:21","stuck.pivot_offered","{""taskId"":""t-1775810891057-w3oy"",""empathy"":""可能是课题文件夹内容太多，你一下子找不到明确的切入方向，所以觉得无从下手。"",""sessionId"":""s-1775824023493-9873"",""pivotSuggestions"":[""先挑最显眼的课题文件打开看看？"",""先整理文件夹里的零散文件？""]}"
"2026-04-10","2026/4/10 20:27:21","stuck.reflection_shown","{""taskId"":""t-1775810891057-w3oy"",""sessionId"":""s-1775824023493-9873"",""difficulty"":""这一步太难/复杂了，不知道从哪开始"",""reflection"":""{\""interpret\"":\""可能是课题文件夹内容太多，你一下子找不到明确的切入方向，所以觉得无从下手。\"",\""hints\"":[\""先挑最显眼的课题文件打开看看？\"",\""先整理文件夹里的零散文件？\""],\""cheer\"":\""先动起来就会有头绪啦\""}""}"
"2026-04-10","2026/4/10 20:27:25","stuck.hint_feedback_summary","{""taskId"":""t-1775810891057-w3oy"",""ratings"":[],""skipped"":true,""upCount"":0,""downCount"":0,""hintCount"":2,""sessionId"":""s-1775824023493-9873"",""ratedCount"":0}"
"2026-04-10","2026/4/10 20:27:25","exec.micro_started","{""taskId"":""t-1775810891057-w3oy"",""sessionId"":""s-1775824023493-9873"",""taskTitle"":""课题"",""microAction"":""点开课题相关文件夹""}"
"2026-04-10","2026/4/10 20:27:27","exec.micro_completed","{""taskId"":""t-1775810891057-w3oy"",""sessionId"":""s-1775824023493-9873"",""taskTitle"":""课题"",""microAction"":""点开课题相关文件夹"",""actualSeconds"":2}"
"2026-04-10","2026/4/10 23:24:49","session.paused","{""taskId"":""t-1775810891057-w3oy"",""sessionId"":""s-1775824023493-9873"",""taskTitle"":""课题"",""microAction"":""课题"",""elapsedSeconds"":10666,""completedMicroSteps"":1}"
"2026-04-10","2026/4/10 23:24:51","mode.widget_expanded","{}"
"2026-04-10","2026/4/10 23:24:53","reflect.opened","{""date"":""2026-04-10"",""mode"":""day""}"
"2026-04-11","2026/4/11 16:34:00","app.launched","{}"
"2026-04-11","2026/4/11 16:36:26","task.carried_over","{""taskIds"":[""t-1775810891057-w3oy"",""t-1775810901843-74y2""],""fromDate"":""2026-04-10""}"
"2026-04-11","2026/4/11 16:36:27","plan.brain_dump","{""tasks"":[{""id"":""1775896586497-v5b6"",""title"":""课题""},{""id"":""1775896586497-3wny"",""title"":""生物学导论""}],""taskCount"":2}"
"2026-04-11","2026/4/11 16:36:27","mode.widget_entered","{}"
"2026-04-11","2026/4/11 16:36:27","plan.focus_selected","{""taskId"":""1775896586497-v5b6"",""taskTitle"":""课题""}"
"2026-04-11","2026/4/11 16:36:29","plan.focus_selected","{""taskId"":""1775896586497-v5b6"",""taskTitle"":""课题""}"
"2026-04-11","2026/4/11 16:36:29","session.started","{""taskId"":""1775896586497-v5b6"",""sessionId"":""s-1775896589006-px85"",""taskTitle"":""课题""}"
"2026-04-11","2026/4/11 16:36:29","exec.micro_started","{""taskId"":""1775896586497-v5b6"",""sessionId"":""s-1775896589006-px85"",""taskTitle"":""课题"",""microAction"":""点开课题相关文件夹""}"
"2026-04-11","2026/4/11 16:36:29","plan.brain_dump","{""tasks"":[{""id"":""1775896586497-v5b6"",""title"":""课题""},{""id"":""1775896586497-3wny"",""title"":""生物学导论""}],""taskCount"":2}"
"2026-04-11","2026/4/11 16:36:29","plan.first_micro","{""source"":""ai_chip"",""taskId"":""1775896586497-v5b6"",""taskTitle"":""课题"",""microAction"":""点开课题相关文件夹""}"
"2026-04-11","2026/4/11 16:36:31","exec.micro_completed","{""taskId"":""1775896586497-v5b6"",""sessionId"":""s-1775896589006-px85"",""taskTitle"":""课题"",""microAction"":""点开课题相关文件夹"",""actualSeconds"":2}"
"2026-04-11","2026/4/11 19:14:11","session.paused","{""taskId"":""1775896586497-v5b6"",""sessionId"":""s-1775896589006-px85"",""taskTitle"":""课题"",""microAction"":""课题"",""elapsedSeconds"":9462,""completedMicroSteps"":1}"
"2026-04-11","2026/4/11 19:14:14","mode.widget_expanded","{}"
"2026-04-11","2026/4/11 19:14:16","plan.focus_selected","{""taskId"":""1775896586497-3wny"",""taskTitle"":""生物学导论""}"
"2026-04-11","2026/4/11 19:14:16","plan.brain_dump","{""tasks"":[{""id"":""1775896586497-v5b6"",""title"":""课题""},{""id"":""1775896586497-3wny"",""title"":""生物学导论""}],""taskCount"":2}"
"2026-04-11","2026/4/11 19:14:16","mode.widget_entered","{}"
"2026-04-11","2026/4/11 19:14:23","plan.brain_dump","{""tasks"":[{""id"":""1775896586497-v5b6"",""title"":""课题""},{""id"":""1775896586497-3wny"",""title"":""生物学导论""}],""taskCount"":2}"
"2026-04-11","2026/4/11 19:14:23","plan.focus_selected","{""taskId"":""1775896586497-3wny"",""taskTitle"":""生物学导论""}"
"2026-04-11","2026/4/11 19:14:23","plan.first_micro","{""source"":""self"",""taskId"":""1775896586497-3wny"",""taskTitle"":""生物学导论"",""microAction"":""打开文档""}"
"2026-04-11","2026/4/11 19:14:23","session.started","{""taskId"":""1775896586497-3wny"",""sessionId"":""s-1775906063512-5192"",""taskTitle"":""生物学导论""}"
"2026-04-11","2026/4/11 19:14:23","exec.micro_started","{""taskId"":""1775896586497-3wny"",""sessionId"":""s-1775906063512-5192"",""taskTitle"":""生物学导论"",""microAction"":""打开文档""}"
"2026-04-11","2026/4/11 19:14:25","exec.micro_completed","{""taskId"":""1775896586497-3wny"",""sessionId"":""s-1775906063512-5192"",""taskTitle"":""生物学导论"",""microAction"":""打开文档"",""actualSeconds"":2}"
"2026-04-11","2026/4/11 21:21:19","session.paused","{""taskId"":""1775896586497-3wny"",""sessionId"":""s-1775906063512-5192"",""taskTitle"":""生物学导论"",""microAction"":""生物学导论"",""elapsedSeconds"":7616,""completedMicroSteps"":1}"
"2026-04-11","2026/4/11 21:28:30","session.resumed","{""taskId"":""1775896586497-v5b6"",""sessionId"":""s-1775896589006-px85"",""taskTitle"":""课题"",""microAction"":""课题"",""originalSessionId"":""s-1775896589006-px85"",""elapsedBeforePause"":9462,""completedMicroSteps"":1,""pausedDurationSeconds"":8058}"
"2026-04-12","2026/4/12 09:56:41","app.launched","{}"
"2026-04-12","2026/4/12 09:56:46","memory.opened","{}"
"2026-04-12","2026/4/12 09:56:53","settings.saved","{""settingType"":""profile""}"
"2026-04-12","2026/4/12 10:54:57","task.carried_over","{""taskIds"":[""1775896586497-v5b6"",""1775896586497-3wny""],""fromDate"":""2026-04-11""}"
"2026-04-12","2026/4/12 10:54:59","plan.focus_selected","{""taskId"":""1775962497010-ok5i"",""taskTitle"":""生物学导论""}"
"2026-04-12","2026/4/12 10:54:59","plan.brain_dump","{""tasks"":[{""id"":""1775962497010-op3b"",""title"":""课题""},{""id"":""1775962497010-ok5i"",""title"":""生物学导论""}],""taskCount"":2}"
"2026-04-12","2026/4/12 10:54:59","mode.widget_entered","{}"
"2026-04-12","2026/4/12 10:55:06","session.started","{""taskId"":""1775962497010-ok5i"",""sessionId"":""s-1775962506543-iq7b"",""taskTitle"":""生物学导论""}"
"2026-04-12","2026/4/12 10:55:06","plan.brain_dump","{""tasks"":[{""id"":""1775962497010-op3b"",""title"":""课题""},{""id"":""1775962497010-ok5i"",""title"":""生物学导论""}],""taskCount"":2}"
"2026-04-12","2026/4/12 10:55:06","plan.focus_selected","{""taskId"":""1775962497010-ok5i"",""taskTitle"":""生物学导论""}"
"2026-04-12","2026/4/12 10:55:06","plan.first_micro","{""source"":""self"",""taskId"":""1775962497010-ok5i"",""taskTitle"":""生物学导论"",""microAction"":""打开文档""}"
"2026-04-12","2026/4/12 10:55:06","exec.micro_started","{""taskId"":""1775962497010-ok5i"",""sessionId"":""s-1775962506543-iq7b"",""taskTitle"":""生物学导论"",""microAction"":""打开文档""}"
"2026-04-12","2026/4/12 10:55:09","exec.micro_completed","{""taskId"":""1775962497010-ok5i"",""sessionId"":""s-1775962506543-iq7b"",""taskTitle"":""生物学导论"",""microAction"":""打开文档"",""actualSeconds"":2}"
"2026-04-12","2026/4/12 10:55:15","session.paused","{""taskId"":""1775962497010-ok5i"",""sessionId"":""s-1775962506543-iq7b"",""taskTitle"":""生物学导论"",""microAction"":""生物学导论"",""elapsedSeconds"":8,""completedMicroSteps"":1}"
"2026-04-12","2026/4/12 10:55:19","mode.widget_expanded","{}"
"2026-04-12","2026/4/12 10:55:30","task.subtask_created","{""taskId"":""1775962497010-ok5i"",""subtaskTitle"":""论文文献内容核对""}"
"2026-04-12","2026/4/12 10:55:38","task.subtask_created","{""taskId"":""1775962497010-ok5i"",""subtaskTitle"":""表格内容修正""}"
"2026-04-12","2026/4/12 11:05:42","mode.widget_entered","{}"
"2026-04-12","2026/4/12 11:05:42","plan.focus_selected","{""taskId"":""1775962497010-ok5i"",""taskTitle"":""生物学导论""}"
"2026-04-12","2026/4/12 11:05:42","plan.brain_dump","{""tasks"":[{""id"":""1775962497010-op3b"",""title"":""课题""},{""id"":""1775962497010-ok5i"",""title"":""生物学导论""}],""taskCount"":2}"
"2026-04-12","2026/4/12 11:05:42","session.resumed","{""taskId"":""1775962497010-ok5i"",""sessionId"":""s-1775962506543-iq7b"",""taskTitle"":""生物学导论"",""microAction"":""生物学导论"",""originalSessionId"":""s-1775962506543-iq7b"",""elapsedBeforePause"":8,""completedMicroSteps"":1,""pausedDurationSeconds"":627}"
"2026-04-12","2026/4/12 16:10:51","task.subtask_toggled","{""taskId"":""1775962497010-ok5i"",""completed"":true,""subtaskId"":""s-1775962530693-j1wm"",""subtaskTitle"":""论文文献内容核对""}"
"2026-04-12","2026/4/12 16:10:54","session.paused","{""taskId"":""1775962497010-ok5i"",""sessionId"":""s-1775962506543-iq7b"",""taskTitle"":""生物学导论"",""microAction"":""生物学导论"",""elapsedSeconds"":18319,""completedMicroSteps"":1}"
"2026-04-12","2026/4/12 16:46:59","mode.widget_expanded","{}"
"2026-04-12","2026/4/12 16:47:08","plan.focus_selected","{""taskId"":""t-1775983628081-ryro"",""taskTitle"":""matlab""}"
"2026-04-12","2026/4/12 16:47:08","plan.brain_dump","{""tasks"":[{""id"":""1775962497010-op3b"",""title"":""课题""},{""id"":""1775962497010-ok5i"",""title"":""生物学导论""},{""id"":""t-1775983628081-ryro"",""title"":""matlab""}],""taskCount"":3}"
"2026-04-12","2026/4/12 16:47:11","plan.focus_selected","{""taskId"":""t-1775983628081-ryro"",""taskTitle"":""matlab""}"
"2026-04-12","2026/4/12 16:47:11","plan.brain_dump","{""tasks"":[{""id"":""1775962497010-op3b"",""title"":""课题""},{""id"":""1775962497010-ok5i"",""title"":""生物学导论""},{""id"":""t-1775983628081-ryro"",""title"":""matlab""}],""taskCount"":3}"
"2026-04-12","2026/4/12 16:47:11","mode.widget_entered","{}"
"2026-04-12","2026/4/12 16:47:16","plan.focus_selected","{""taskId"":""t-1775983628081-ryro"",""taskTitle"":""matlab""}"
"2026-04-12","2026/4/12 16:47:16","plan.first_micro","{""source"":""ai_chip"",""taskId"":""t-1775983628081-ryro"",""taskTitle"":""matlab"",""microAction"":""双击Matlab软件图标""}"
"2026-04-12","2026/4/12 16:47:16","session.started","{""taskId"":""t-1775983628081-ryro"",""sessionId"":""s-1775983636149-61gb"",""taskTitle"":""matlab""}"
"2026-04-12","2026/4/12 16:47:16","exec.micro_started","{""taskId"":""t-1775983628081-ryro"",""sessionId"":""s-1775983636149-61gb"",""taskTitle"":""matlab"",""microAction"":""双击Matlab软件图标""}"
"2026-04-12","2026/4/12 16:47:16","plan.brain_dump","{""tasks"":[{""id"":""1775962497010-op3b"",""title"":""课题""},{""id"":""1775962497010-ok5i"",""title"":""生物学导论""},{""id"":""t-1775983628081-ryro"",""title"":""matlab""}],""taskCount"":3}"
"2026-04-12","2026/4/12 16:48:10","exec.micro_completed","{""taskId"":""t-1775983628081-ryro"",""sessionId"":""s-1775983636149-61gb"",""taskTitle"":""matlab"",""microAction"":""双击Matlab软件图标"",""actualSeconds"":54}"
"2026-04-12","2026/4/12 16:55:49","auth.login","{}"
"2026-04-12","2026/4/12 16:56:41","nav.date_changed","{""to"":""2026-04-11"",""from"":""2026-04-12"",""method"":""arrow""}"
"2026-04-12","2026/4/12 16:56:42","nav.date_changed","{""to"":""2026-04-10"",""from"":""2026-04-11"",""method"":""arrow""}"
"2026-04-12","2026/4/12 16:56:42","nav.date_changed","{""to"":""2026-04-09"",""from"":""2026-04-10"",""method"":""arrow""}"
"2026-04-12","2026/4/12 16:56:43","nav.date_changed","{""to"":""2026-04-08"",""from"":""2026-04-09"",""method"":""arrow""}"
"2026-04-12","2026/4/12 16:56:43","nav.date_changed","{""to"":""2026-04-07"",""from"":""2026-04-08"",""method"":""arrow""}"
"2026-04-12","2026/4/12 16:56:44","nav.date_changed","{""to"":""2026-04-06"",""from"":""2026-04-07"",""method"":""arrow""}"
"2026-04-12","2026/4/12 16:56:44","nav.date_changed","{""to"":""2026-04-05"",""from"":""2026-04-06"",""method"":""arrow""}"
"2026-04-12","2026/4/12 16:56:48","reflect.opened","{""date"":""2026-04-12"",""mode"":""day""}"
"2026-04-12","2026/4/12 16:56:52","reflect.chat_opened","{""date"":""2026-04-12"",""mode"":""day""}"
"2026-04-12","2026/4/12 16:56:56","reflect.chat_opened","{""date"":""2026-04-12"",""mode"":""day""}"
"2026-04-12","2026/4/12 16:59:00","reflect.chat_opened","{""date"":""2026-04-12"",""mode"":""day""}"
"2026-04-12","2026/4/12 16:59:06","stuck.triggered","{""taskId"":""t-1775983628081-ryro"",""sessionId"":""s-1775983636149-61gb"",""microAction"":""matlab"",""elapsedSeconds"":710}"
"2026-04-12","2026/4/12 16:59:07","reflect.ended","{""date"":""2026-04-10"",""mode"":""daily"",""durationMs"":16963,""messageCount"":1}"
"2026-04-12","2026/4/12 16:59:07","daily.leftovers","{""totalCount"":2,""leftoverTasks"":[{""id"":""t-1775810891057-w3oy"",""title"":""课题"",""priority"":""medium""},{""id"":""t-1775810901843-74y2"",""title"":""生物学导论"",""priority"":""medium""}]}"
"2026-04-12","2026/4/12 16:59:07","reflect.closed","{""date"":""2026-04-12"",""mode"":""day"",""hadChat"":true,""durationMs"":139313,""hadEndedProperly"":true}"
"2026-04-12","2026/4/12 16:59:09","reflect.opened","{""date"":""2026-04-12"",""mode"":""day""}"
"2026-04-12","2026/4/12 16:59:12","reflect.ended","{""date"":""2026-04-12"",""mode"":""daily"",""durationMs"":2912,""messageCount"":1}"
"2026-04-12","2026/4/12 16:59:12","reflect.closed","{""date"":""2026-04-12"",""mode"":""day"",""hadChat"":true,""durationMs"":2955,""hadEndedProperly"":true}"
"2026-04-12","2026/4/12 17:00:29","stuck.reason","{""reason"":""总是被其他事情分心"",""taskId"":""t-1775983628081-ryro"",""sessionId"":""s-1775983636149-61gb"",""microAction"":""matlab"",""reasonSource"":""common_chip""}"
"2026-04-12","2026/4/12 17:00:30","stuck.reflection_shown","{""taskId"":""t-1775983628081-ryro"",""sessionId"":""s-1775983636149-61gb"",""difficulty"":""总是被其他事情分心"",""reflection"":""{\""interpret\"":\""可能是当前Matlab任务没拆解小步骤，大脑找不到明确切入点才分心。\"",\""hints\"":[\""先写一行简单的Matlab测试代码试试？\"",\""先关掉无关的网页和软件窗口？\""],\""cheer\"":\""先动起来一小步就好！\""}""}"
"2026-04-12","2026/4/12 17:00:30","stuck.pivot_offered","{""taskId"":""t-1775983628081-ryro"",""empathy"":""可能是当前Matlab任务没拆解小步骤，大脑找不到明确切入点才分心。"",""sessionId"":""s-1775983636149-61gb"",""pivotSuggestions"":[""先写一行简单的Matlab测试代码试试？"",""先关掉无关的网页和软件窗口？""]}"
"2026-04-12","2026/4/12 17:00:35","stuck.hint_feedback_summary","{""taskId"":""t-1775983628081-ryro"",""ratings"":[],""skipped"":true,""upCount"":0,""downCount"":0,""hintCount"":2,""sessionId"":""s-1775983636149-61gb"",""ratedCount"":0}"
"2026-04-12","2026/4/12 17:00:35","exec.micro_started","{""taskId"":""t-1775983628081-ryro"",""sessionId"":""s-1775983636149-61gb"",""taskTitle"":""matlab"",""microAction"":""matlab""}"
"2026-04-12","2026/4/12 17:03:13","session.paused","{""taskId"":""t-1775983628081-ryro"",""sessionId"":""s-1775983636149-61gb"",""taskTitle"":""matlab"",""microAction"":""matlab"",""elapsedSeconds"":957,""completedMicroSteps"":1}"
"2026-04-12","2026/4/12 17:05:26","auth.login","{}"
"2026-04-12","2026/4/12 17:05:31","nav.date_changed","{""to"":""2026-04-11"",""from"":""2026-04-12"",""method"":""arrow""}"
"2026-04-12","2026/4/12 17:05:33","reflect.opened","{""date"":""2026-04-12"",""mode"":""day""}"
"2026-04-12","2026/4/12 18:19:49","session.resumed","{""taskId"":""1775962497010-ok5i"",""sessionId"":""s-1775962506543-iq7b"",""taskTitle"":""生物学导论"",""microAction"":""生物学导论"",""originalSessionId"":""s-1775962506543-iq7b"",""elapsedBeforePause"":18319,""completedMicroSteps"":1,""pausedDurationSeconds"":7735}"
"2026-04-12","2026/4/12 18:35:29","session.paused","{""taskId"":""1775962497010-ok5i"",""sessionId"":""s-1775962506543-iq7b"",""taskTitle"":""生物学导论"",""microAction"":""生物学导论"",""elapsedSeconds"":19258,""completedMicroSteps"":1}"
"2026-04-12","2026/4/12 21:17:05","mode.widget_expanded","{}"
"2026-04-13","2026/4/13 00:14:46","nav.date_changed","{""to"":""2026-04-12"",""from"":""2026-04-13"",""method"":""arrow""}"
"2026-04-13","2026/4/13 00:14:52","reflect.opened","{""date"":""2026-04-13"",""mode"":""day""}"
"2026-04-13","2026/4/13 00:15:00","reflect.chat_opened","{""date"":""2026-04-13"",""mode"":""day""}"
"2026-04-13","2026/4/13 00:15:11","reflect.message_sent","{""date"":""2026-04-12"",""mode"":""daily"",""charCount"":16,""messageIndex"":0}"
"2026-04-13","2026/4/13 00:15:44","reflect.message_sent","{""date"":""2026-04-12"",""mode"":""daily"",""charCount"":13,""messageIndex"":1}"
"2026-04-13","2026/4/13 00:16:33","reflect.message_sent","{""date"":""2026-04-12"",""mode"":""daily"",""charCount"":22,""messageIndex"":2}"
"2026-04-13","2026/4/13 00:16:44","daily.leftovers","{""totalCount"":3,""leftoverTasks"":[{""id"":""1775962497010-op3b"",""title"":""课题"",""priority"":""medium""},{""id"":""1775962497010-ok5i"",""title"":""生物学导论"",""priority"":""medium""},{""id"":""t-1775983628081-ryro"",""title"":""matlab"",""priority"":""medium""}]}"
"2026-04-13","2026/4/13 00:16:44","reflect.ended","{""date"":""2026-04-12"",""mode"":""daily"",""durationMs"":107881,""messageCount"":7}"
"2026-04-13","2026/4/13 00:16:46","reflect.closed","{""date"":""2026-04-13"",""mode"":""day"",""hadChat"":true,""durationMs"":114364,""hadEndedProperly"":true}"
"2026-04-13","2026/4/13 00:18:51","app.quit","{}"
"2026-04-13","2026/4/13 09:59:09","app.launched","{}"
"2026-04-13","2026/4/13 09:59:42","app.quit","{}"
"2026-04-13","2026/4/13 16:04:52","auth.login","{}"
"2026-04-13","2026/4/13 16:05:03","task.created","{""title"":""课题"",""source"":""editor"",""taskId"":""t-1776067503747-bwzg""}"
"2026-04-13","2026/4/13 16:05:09","task.subtask_created","{""taskId"":""t-1776067503747-bwzg"",""subtaskTitle"":""跑test""}"
"2026-04-13","2026/4/13 16:05:23","task.subtask_created","{""taskId"":""t-1776067503747-bwzg"",""subtaskTitle"":""整理pre""}"
"2026-04-13","2026/4/13 16:05:44","task.created","{""title"":""matlab作业整理"",""source"":""editor"",""taskId"":""t-1776067544829-vom2""}"
"2026-04-13","2026/4/13 16:05:45","mode.widget_entered","{}"
"2026-04-13","2026/4/13 16:05:45","plan.brain_dump","{""tasks"":[{""id"":""t-1776067503747-bwzg"",""title"":""课题""},{""id"":""t-1776067544829-vom2"",""title"":""matlab作业整理""}],""taskCount"":2}"
"2026-04-13","2026/4/13 16:05:45","plan.focus_selected","{""taskId"":""t-1776067503747-bwzg"",""taskTitle"":""课题""}"
"2026-04-13","2026/4/13 16:05:48","plan.focus_selected","{""taskId"":""t-1776067503747-bwzg"",""taskTitle"":""课题""}"
"2026-04-13","2026/4/13 16:05:48","plan.first_micro","{""source"":""ai_chip"",""taskId"":""t-1776067503747-bwzg"",""taskTitle"":""课题"",""microAction"":""打开终端输入框""}"
"2026-04-13","2026/4/13 16:05:48","session.started","{""taskId"":""t-1776067503747-bwzg"",""sessionId"":""s-1776067548462-f1nq"",""taskTitle"":""课题""}"
"2026-04-13","2026/4/13 16:05:48","exec.micro_started","{""taskId"":""t-1776067503747-bwzg"",""sessionId"":""s-1776067548462-f1nq"",""taskTitle"":""课题"",""microAction"":""打开终端输入框""}"
"2026-04-13","2026/4/13 16:05:48","plan.brain_dump","{""tasks"":[{""id"":""t-1776067503747-bwzg"",""title"":""课题""},{""id"":""t-1776067544829-vom2"",""title"":""matlab作业整理""}],""taskCount"":2}"
"2026-04-13","2026/4/13 16:06:58","stuck.triggered","{""taskId"":""t-1776067503747-bwzg"",""sessionId"":""s-1776067548462-f1nq"",""microAction"":""打开终端输入框"",""elapsedSeconds"":69}"
"2026-04-13","2026/4/13 16:07:24","stuck.reason","{""reason"":""打开了小红书，但是马上回过神来了"",""taskId"":""t-1776067503747-bwzg"",""sessionId"":""s-1776067548462-f1nq"",""microAction"":""打开终端输入框"",""reasonSource"":""self""}"
"2026-04-13","2026/4/13 16:07:25","stuck.pivot_offered","{""taskId"":""t-1776067503747-bwzg"",""empathy"":""你可能是被小红书分散了注意力，还没找准终端输入的小切入点。"",""sessionId"":""s-1776067548462-f1nq"",""pivotSuggestions"":[""先快速敲一行测试命令再看手机？"",""先把小红书页面最小化？""]}"
"2026-04-13","2026/4/13 16:07:25","stuck.reflection_shown","{""taskId"":""t-1776067503747-bwzg"",""sessionId"":""s-1776067548462-f1nq"",""difficulty"":""打开了小红书，但是马上回过神来了"",""reflection"":""{\""interpret\"":\""你可能是被小红书分散了注意力，还没找准终端输入的小切入点。\"",\""hints\"":[\""先快速敲一行测试命令再看手机？\"",\""先把小红书页面最小化？\""],\""cheer\"":\""很快就能进入状态啦\""}""}"
"2026-04-13","2026/4/13 16:07:29","exec.micro_started","{""taskId"":""t-1776067503747-bwzg"",""sessionId"":""s-1776067548462-f1nq"",""taskTitle"":""课题"",""microAction"":""打开终端输入框""}"
"2026-04-13","2026/4/13 16:07:29","stuck.hint_feedback_summary","{""taskId"":""t-1776067503747-bwzg"",""ratings"":[],""skipped"":true,""upCount"":0,""downCount"":0,""hintCount"":2,""sessionId"":""s-1776067548462-f1nq"",""ratedCount"":0}"
"2026-04-13","2026/4/13 16:07:31","exec.micro_completed","{""taskId"":""t-1776067503747-bwzg"",""sessionId"":""s-1776067548462-f1nq"",""taskTitle"":""课题"",""microAction"":""打开终端输入框"",""actualSeconds"":2}"
"2026-04-13","2026/4/13 16:16:19","task.subtask_toggled","{""taskId"":""t-1776067503747-bwzg"",""completed"":true,""subtaskId"":""s-1776067509204-tm1a"",""subtaskTitle"":""跑test""}"
"2026-04-13","2026/4/13 16:16:22","session.paused","{""taskId"":""t-1776067503747-bwzg"",""sessionId"":""s-1776067548462-f1nq"",""taskTitle"":""课题"",""microAction"":""课题"",""elapsedSeconds"":633,""completedMicroSteps"":1}"
"2026-04-13","2026/4/13 16:42:07","session.resumed","{""taskId"":""t-1776067503747-bwzg"",""sessionId"":""s-1776067548462-f1nq"",""taskTitle"":""课题"",""microAction"":""课题"",""originalSessionId"":""s-1776067548462-f1nq"",""elapsedBeforePause"":633,""completedMicroSteps"":1,""pausedDurationSeconds"":1545}"
"2026-04-13","2026/4/13 17:23:02","session.paused","{""taskId"":""t-1776067503747-bwzg"",""sessionId"":""s-1776067548462-f1nq"",""taskTitle"":""课题"",""microAction"":""课题"",""elapsedSeconds"":3087,""completedMicroSteps"":1}"
"2026-04-13","2026/4/13 18:52:20","app.launched","{}"
"2026-04-13","2026/4/13 18:52:26","plan.brain_dump","{""tasks"":[{""id"":""t-1776067503747-bwzg"",""title"":""课题""},{""id"":""t-1776067544829-vom2"",""title"":""matlab作业整理""}],""taskCount"":2}"
"2026-04-13","2026/4/13 18:52:26","mode.widget_entered","{}"
"2026-04-13","2026/4/13 18:52:26","plan.focus_selected","{""taskId"":""t-1776067503747-bwzg"",""taskTitle"":""课题""}"
"2026-04-13","2026/4/13 18:52:26","session.resumed","{""taskId"":""t-1776067503747-bwzg"",""sessionId"":""s-1776067548462-f1nq"",""taskTitle"":""课题"",""microAction"":""课题"",""originalSessionId"":""s-1776067548462-f1nq"",""elapsedBeforePause"":3087,""completedMicroSteps"":1,""pausedDurationSeconds"":5364}"
"2026-04-13","2026/4/13 21:46:06","session.paused","{""taskId"":""t-1776067503747-bwzg"",""sessionId"":""s-1776067548462-f1nq"",""taskTitle"":""课题"",""microAction"":""课题"",""elapsedSeconds"":13506,""completedMicroSteps"":1}"
"2026-04-13","2026/4/13 21:51:05","app.launched","{}"
"2026-04-13","2026/4/13 21:52:15","mode.widget_entered","{}"
"2026-04-13","2026/4/13 21:52:15","plan.brain_dump","{""tasks"":[{""id"":""t-1776067503747-bwzg"",""title"":""课题""},{""id"":""t-1776067544829-vom2"",""title"":""matlab作业整理""}],""taskCount"":2}"
"2026-04-13","2026/4/13 21:52:15","plan.focus_selected","{""taskId"":""t-1776067503747-bwzg"",""taskTitle"":""课题""}"
"2026-04-13","2026/4/13 21:52:15","session.resumed","{""taskId"":""t-1776067503747-bwzg"",""sessionId"":""s-1776067548462-f1nq"",""taskTitle"":""课题"",""microAction"":""课题"",""originalSessionId"":""s-1776067548462-f1nq"",""elapsedBeforePause"":13506,""completedMicroSteps"":1,""pausedDurationSeconds"":368}"
"2026-04-14","2026/4/14 15:33:33","app.launched","{}"
"2026-04-14","2026/4/14 15:36:44","app.quit","{}"
"2026-04-14","2026/4/14 15:37:03","app.launched","{}"
"2026-04-14","2026/4/14 15:37:10","task.carried_over","{""taskIds"":[""t-1776067503747-bwzg"",""t-1776067544829-vom2""],""fromDate"":""2026-04-13""}"
"2026-04-14","2026/4/14 15:37:14","task.subtask_deleted","{""taskId"":""1776152230508-sr0g"",""subtaskId"":""s-1776067509204-tm1a"",""subtaskTitle"":""跑test""}"
"2026-04-14","2026/4/14 15:37:17","mode.widget_entered","{}"
"2026-04-14","2026/4/14 15:37:17","plan.focus_selected","{""taskId"":""1776152230508-sfl2"",""taskTitle"":""matlab作业整理""}"
"2026-04-14","2026/4/14 15:37:17","plan.brain_dump","{""tasks"":[{""id"":""1776152230508-sr0g"",""title"":""课题""},{""id"":""1776152230508-sfl2"",""title"":""matlab作业整理""}],""taskCount"":2}"
"2026-04-14","2026/4/14 15:37:29","plan.brain_dump","{""tasks"":[{""id"":""1776152230508-sr0g"",""title"":""课题""},{""id"":""1776152230508-sfl2"",""title"":""matlab作业整理""}],""taskCount"":2}"
"2026-04-14","2026/4/14 15:37:29","session.started","{""taskId"":""1776152230508-sfl2"",""sessionId"":""s-1776152249073-51dp"",""taskTitle"":""matlab作业整理""}"
"2026-04-14","2026/4/14 15:37:29","exec.micro_started","{""taskId"":""1776152230508-sfl2"",""sessionId"":""s-1776152249073-51dp"",""taskTitle"":""matlab作业整理"",""microAction"":""打开作业文档""}"
"2026-04-14","2026/4/14 15:37:29","plan.focus_selected","{""taskId"":""1776152230508-sfl2"",""taskTitle"":""matlab作业整理""}"
"2026-04-14","2026/4/14 15:37:29","plan.first_micro","{""source"":""self"",""taskId"":""1776152230508-sfl2"",""taskTitle"":""matlab作业整理"",""microAction"":""打开作业文档""}"
"2026-04-14","2026/4/14 15:37:34","stuck.triggered","{""taskId"":""1776152230508-sfl2"",""sessionId"":""s-1776152249073-51dp"",""microAction"":""打开作业文档"",""elapsedSeconds"":5}"
"2026-04-14","2026/4/14 15:37:38","stuck.reason","{""reason"":""不确定下一步该做什么"",""taskId"":""1776152230508-sfl2"",""sessionId"":""s-1776152249073-51dp"",""microAction"":""打开作业文档"",""reasonSource"":""common_chip""}"
"2026-04-14","2026/4/14 15:37:39","stuck.pivot_offered","{""taskId"":""1776152230508-sfl2"",""empathy"":""可能是你还没理清作业整理的具体步骤，不确定打开文档后要先做什么。"",""sessionId"":""s-1776152249073-51dp"",""pivotSuggestions"":[""先列好需要整理的作业模块清单"",""先检查作业文档里的未完成部分""]}"
"2026-04-14","2026/4/14 15:37:39","stuck.reflection_shown","{""taskId"":""1776152230508-sfl2"",""sessionId"":""s-1776152249073-51dp"",""difficulty"":""不确定下一步该做什么"",""reflection"":""{\""interpret\"":\""可能是你还没理清作业整理的具体步骤，不确定打开文档后要先做什么。\"",\""hints\"":[\""先列好需要整理的作业模块清单\"",\""先检查作业文档里的未完成部分\""],\""cheer\"":\""慢慢来，先迈出第一步呀\""}""}"
"2026-04-14","2026/4/14 15:37:43","exec.micro_started","{""taskId"":""1776152230508-sfl2"",""sessionId"":""s-1776152249073-51dp"",""taskTitle"":""matlab作业整理"",""microAction"":""打开作业文档""}"
"2026-04-14","2026/4/14 15:37:43","stuck.hint_feedback_summary","{""taskId"":""1776152230508-sfl2"",""ratings"":[],""skipped"":true,""upCount"":0,""downCount"":0,""hintCount"":2,""sessionId"":""s-1776152249073-51dp"",""ratedCount"":0}"
"2026-04-14","2026/4/14 15:37:45","exec.micro_completed","{""taskId"":""1776152230508-sfl2"",""sessionId"":""s-1776152249073-51dp"",""taskTitle"":""matlab作业整理"",""microAction"":""打开作业文档"",""actualSeconds"":2}"
"2026-04-14","2026/4/14 15:49:07","exec.flow_ended","{""taskId"":""1776152230508-sfl2"",""endReason"":""task_done"",""sessionId"":""s-1776152249073-51dp"",""taskTitle"":""matlab作业整理"",""flowDurationSeconds"":682}"
"2026-04-14","2026/4/14 15:49:07","session.ended","{""taskId"":""1776152230508-sfl2"",""endReason"":""task_done"",""sessionId"":""s-1776152249073-51dp"",""taskTitle"":""matlab作业整理"",""completedMicroSteps"":1,""totalDurationSeconds"":698}"
"2026-04-14","2026/4/14 15:49:07","session.macro_completed","{""taskId"":""1776152230508-sfl2"",""taskTitle"":""matlab作业整理"",""completedVia"":""flow""}"
"2026-04-14","2026/4/14 16:00:25","session.started","{""taskId"":""1776152230508-sr0g"",""sessionId"":""s-1776153625270-kk6n"",""taskTitle"":""课题""}"
"2026-04-14","2026/4/14 16:00:25","exec.micro_started","{""taskId"":""1776152230508-sr0g"",""sessionId"":""s-1776153625270-kk6n"",""taskTitle"":""课题"",""microAction"":""打开pre整理文档""}"
"2026-04-14","2026/4/14 16:00:25","plan.brain_dump","{""tasks"":[{""id"":""1776152230508-sr0g"",""title"":""课题""}],""taskCount"":1}"
"2026-04-14","2026/4/14 16:00:25","plan.focus_selected","{""taskId"":""1776152230508-sr0g"",""taskTitle"":""课题""}"
"2026-04-14","2026/4/14 16:00:25","plan.first_micro","{""source"":""ai_chip"",""taskId"":""1776152230508-sr0g"",""taskTitle"":""课题"",""microAction"":""打开pre整理文档""}"
"2026-04-14","2026/4/14 16:00:27","exec.micro_completed","{""taskId"":""1776152230508-sr0g"",""sessionId"":""s-1776153625270-kk6n"",""taskTitle"":""课题"",""microAction"":""打开pre整理文档"",""actualSeconds"":1}"
"2026-04-14","2026/4/14 16:06:55","session.paused","{""taskId"":""1776152230508-sr0g"",""sessionId"":""s-1776153625270-kk6n"",""taskTitle"":""课题"",""microAction"":""课题"",""elapsedSeconds"":389,""completedMicroSteps"":1}"
"2026-04-14","2026/4/14 20:51:31","app.launched","{}"
"2026-04-14","2026/4/14 20:51:41","task.created","{""title"":""生物学导论"",""source"":""editor"",""taskId"":""t-1776171101825-oqv1""}"
"2026-04-14","2026/4/14 20:51:44","mode.widget_entered","{}"
"2026-04-14","2026/4/14 20:51:44","plan.brain_dump","{""tasks"":[{""id"":""1776152230508-sr0g"",""title"":""课题""},{""id"":""t-1776171101825-oqv1"",""title"":""生物学导论""}],""taskCount"":2}"
"2026-04-14","2026/4/14 20:51:44","plan.focus_selected","{""taskId"":""t-1776171101825-oqv1"",""taskTitle"":""生物学导论""}"
"2026-04-14","2026/4/14 20:52:52","exec.micro_started","{""taskId"":""t-1776171101825-oqv1"",""sessionId"":""s-1776171172913-ub93"",""taskTitle"":""生物学导论"",""microAction"":""打开文献整理文档""}"
"2026-04-14","2026/4/14 20:52:52","session.started","{""taskId"":""t-1776171101825-oqv1"",""sessionId"":""s-1776171172913-ub93"",""taskTitle"":""生物学导论""}"
"2026-04-14","2026/4/14 20:52:52","plan.first_micro","{""source"":""self"",""taskId"":""t-1776171101825-oqv1"",""taskTitle"":""生物学导论"",""microAction"":""打开文献整理文档""}"
"2026-04-14","2026/4/14 20:52:52","plan.focus_selected","{""taskId"":""t-1776171101825-oqv1"",""taskTitle"":""生物学导论""}"
"2026-04-14","2026/4/14 20:52:52","plan.brain_dump","{""tasks"":[{""id"":""1776152230508-sr0g"",""title"":""课题""},{""id"":""t-1776171101825-oqv1"",""title"":""生物学导论""}],""taskCount"":2}"
"2026-04-14","2026/4/14 20:52:55","stuck.triggered","{""taskId"":""t-1776171101825-oqv1"",""sessionId"":""s-1776171172913-ub93"",""microAction"":""打开文献整理文档"",""elapsedSeconds"":2}"
"2026-04-14","2026/4/14 20:52:58","stuck.reason","{""reason"":""总是被其他事情分心"",""taskId"":""t-1776171101825-oqv1"",""sessionId"":""s-1776171172913-ub93"",""microAction"":""打开文献整理文档"",""reasonSource"":""common_chip""}"
"2026-04-14","2026/4/14 20:53:00","stuck.pivot_offered","{""taskId"":""t-1776171101825-oqv1"",""empathy"":""你总被分心，可能是因为整理文献的目标还不够具体，大脑找不到明确切入点。"",""sessionId"":""s-1776171172913-ub93"",""pivotSuggestions"":[""先只整理今天要读的3篇文献？"",""把手机调免打扰放在远处？""]}"
"2026-04-14","2026/4/14 20:53:00","stuck.reflection_shown","{""taskId"":""t-1776171101825-oqv1"",""sessionId"":""s-1776171172913-ub93"",""difficulty"":""总是被其他事情分心"",""reflection"":""{\""interpret\"":\""你总被分心，可能是因为整理文献的目标还不够具体，大脑找不到明确切入点。\"",\""hints\"":[\""先只整理今天要读的3篇文献？\"",\""把手机调免打扰放在远处？\""],\""cheer\"":\""先迈出一小步就很棒！\""}""}"
"2026-04-14","2026/4/14 21:00:29","stuck.hint_feedback_summary","{""taskId"":""t-1776171101825-oqv1"",""ratings"":[],""skipped"":true,""upCount"":0,""downCount"":0,""hintCount"":2,""sessionId"":""s-1776171172913-ub93"",""ratedCount"":0}"
"2026-04-14","2026/4/14 21:00:29","exec.micro_started","{""taskId"":""t-1776171101825-oqv1"",""sessionId"":""s-1776171172913-ub93"",""taskTitle"":""生物学导论"",""microAction"":""打开文献整理文档""}"
"2026-04-14","2026/4/14 21:00:31","exec.micro_completed","{""taskId"":""t-1776171101825-oqv1"",""sessionId"":""s-1776171172913-ub93"",""taskTitle"":""生物学导论"",""microAction"":""打开文献整理文档"",""actualSeconds"":1}"
"2026-04-14","2026/4/14 21:12:12","session.paused","{""taskId"":""t-1776171101825-oqv1"",""sessionId"":""s-1776171172913-ub93"",""taskTitle"":""生物学导论"",""microAction"":""生物学导论"",""elapsedSeconds"":1159,""completedMicroSteps"":1}"
"2026-04-14","2026/4/14 23:11:03","mode.widget_expanded","{}"
"2026-04-14","2026/4/14 23:11:05","reflect.opened","{""date"":""2026-04-14"",""mode"":""day""}"
"2026-04-14","2026/4/14 23:11:11","reflect.message_sent","{""date"":""2026-04-14"",""mode"":""daily"",""charCount"":14,""messageIndex"":0}"
"2026-04-14","2026/4/14 23:11:18","reflect.ended","{""date"":""2026-04-14"",""mode"":""daily"",""durationMs"":13882,""messageCount"":3}"
"2026-04-14","2026/4/14 23:11:18","daily.leftovers","{""totalCount"":2,""leftoverTasks"":[{""id"":""1776152230508-sr0g"",""title"":""课题"",""priority"":""medium""},{""id"":""t-1776171101825-oqv1"",""title"":""生物学导论"",""priority"":""medium""}]}"
"2026-04-14","2026/4/14 23:11:19","reflect.closed","{""date"":""2026-04-14"",""mode"":""day"",""hadChat"":true,""durationMs"":14464,""hadEndedProperly"":true}"
"2026-04-15","2026/4/15 16:08:02","app.launched","{}"
"2026-04-15","2026/4/15 16:10:25","task.carried_over","{""taskIds"":[""t-1776171101825-oqv1""],""fromDate"":""2026-04-14""}"
"2026-04-15","2026/4/15 16:10:48","task.created","{""title"":""人体解剖生理学作业排版"",""source"":""editor"",""taskId"":""t-1776240648227-icov""}"
"2026-04-15","2026/4/15 16:11:02","task.created","{""title"":""课题pre准备"",""source"":""editor"",""taskId"":""t-1776240662717-2h8b""}"
"2026-04-15","2026/4/15 16:11:02","plan.brain_dump","{""tasks"":[{""id"":""1776240625745-i0mz"",""title"":""生物学导论""},{""id"":""t-1776240648227-icov"",""title"":""人体解剖生理学作业排版""},{""id"":""t-1776240662717-2h8b"",""title"":""课题pre准备""}],""taskCount"":3}"
"2026-04-15","2026/4/15 16:11:02","plan.focus_selected","{""taskId"":""t-1776240648227-icov"",""taskTitle"":""人体解剖生理学作业排版""}"
"2026-04-15","2026/4/15 16:11:02","mode.widget_entered","{}"
"2026-04-15","2026/4/15 16:11:13","plan.focus_selected","{""taskId"":""t-1776240648227-icov"",""taskTitle"":""人体解剖生理学作业排版""}"
"2026-04-15","2026/4/15 16:11:13","plan.brain_dump","{""tasks"":[{""id"":""1776240625745-i0mz"",""title"":""生物学导论""},{""id"":""t-1776240648227-icov"",""title"":""人体解剖生理学作业排版""},{""id"":""t-1776240662717-2h8b"",""title"":""课题pre准备""}],""taskCount"":3}"
"2026-04-15","2026/4/15 16:11:13","exec.micro_started","{""taskId"":""t-1776240648227-icov"",""sessionId"":""s-1776240673435-m52s"",""taskTitle"":""人体解剖生理学作业排版"",""microAction"":""微信把文件传给电脑""}"
"2026-04-15","2026/4/15 16:11:13","session.started","{""taskId"":""t-1776240648227-icov"",""sessionId"":""s-1776240673435-m52s"",""taskTitle"":""人体解剖生理学作业排版""}"
"2026-04-15","2026/4/15 16:11:13","plan.first_micro","{""source"":""self"",""taskId"":""t-1776240648227-icov"",""taskTitle"":""人体解剖生理学作业排版"",""microAction"":""微信把文件传给电脑""}"
"2026-04-15","2026/4/15 16:11:16","stuck.triggered","{""taskId"":""t-1776240648227-icov"",""sessionId"":""s-1776240673435-m52s"",""microAction"":""微信把文件传给电脑"",""elapsedSeconds"":2}"
"2026-04-15","2026/4/15 16:11:35","stuck.reason","{""reason"":""有很多其他的事情要并行做"",""taskId"":""t-1776240648227-icov"",""sessionId"":""s-1776240673435-m52s"",""microAction"":""微信把文件传给电脑"",""reasonSource"":""self""}"
"2026-04-15","2026/4/15 16:11:37","stuck.pivot_offered","{""taskId"":""t-1776240648227-icov"",""empathy"":""你可能是同时要处理太多事，没法聚焦在传文件这步上，反而卡壳了。"",""sessionId"":""s-1776240673435-m52s"",""pivotSuggestions"":[""先只专注完成传文件这一件小事"",""先列好当前要做的事优先级再动手""]}"
"2026-04-15","2026/4/15 16:11:37","stuck.reflection_shown","{""taskId"":""t-1776240648227-icov"",""sessionId"":""s-1776240673435-m52s"",""difficulty"":""有很多其他的事情要并行做"",""reflection"":""{\""interpret\"":\""你可能是同时要处理太多事，没法聚焦在传文件这步上，反而卡壳了。\"",\""hints\"":[\""先只专注完成传文件这一件小事\"",\""先列好当前要做的事优先级再动手\""],\""cheer\"":\""慢慢来，很快就能搞定啦\""}""}"
"2026-04-15","2026/4/15 16:12:24","stuck.hint_feedback_summary","{""taskId"":""t-1776240648227-icov"",""ratings"":[],""skipped"":true,""upCount"":0,""downCount"":0,""hintCount"":2,""sessionId"":""s-1776240673435-m52s"",""ratedCount"":0}"
"2026-04-15","2026/4/15 16:12:24","exec.micro_started","{""taskId"":""t-1776240648227-icov"",""sessionId"":""s-1776240673435-m52s"",""taskTitle"":""人体解剖生理学作业排版"",""microAction"":""微信把文件传给电脑""}"
"2026-04-15","2026/4/15 16:12:51","exec.micro_completed","{""taskId"":""t-1776240648227-icov"",""sessionId"":""s-1776240673435-m52s"",""taskTitle"":""人体解剖生理学作业排版"",""microAction"":""微信把文件传给电脑"",""actualSeconds"":26}"
"2026-04-15","2026/4/15 17:03:26","session.paused","{""taskId"":""t-1776240648227-icov"",""sessionId"":""s-1776240673435-m52s"",""taskTitle"":""人体解剖生理学作业排版"",""microAction"":""人体解剖生理学作业排版"",""elapsedSeconds"":3133,""completedMicroSteps"":1}"
"2026-04-15","2026/4/15 17:03:28","session.resumed","{""taskId"":""t-1776240648227-icov"",""sessionId"":""s-1776240673435-m52s"",""taskTitle"":""人体解剖生理学作业排版"",""microAction"":""人体解剖生理学作业排版"",""originalSessionId"":""s-1776240673435-m52s"",""elapsedBeforePause"":3133,""completedMicroSteps"":1,""pausedDurationSeconds"":1}"
"2026-04-15","2026/4/15 17:03:29","session.macro_completed","{""taskId"":""t-1776240648227-icov"",""taskTitle"":""人体解剖生理学作业排版"",""completedVia"":""flow""}"
"2026-04-15","2026/4/15 17:03:29","session.ended","{""taskId"":""t-1776240648227-icov"",""endReason"":""task_done"",""sessionId"":""s-1776240673435-m52s"",""taskTitle"":""人体解剖生理学作业排版"",""completedMicroSteps"":1,""totalDurationSeconds"":3134}"
"2026-04-15","2026/4/15 17:03:29","exec.flow_ended","{""taskId"":""t-1776240648227-icov"",""endReason"":""task_done"",""sessionId"":""s-1776240673435-m52s"",""taskTitle"":""人体解剖生理学作业排版"",""flowDurationSeconds"":1}"
"2026-04-15","2026/4/15 17:03:36","plan.focus_selected","{""taskId"":""1776240625745-i0mz"",""taskTitle"":""生物学导论""}"
"2026-04-15","2026/4/15 17:03:36","plan.brain_dump","{""tasks"":[{""id"":""1776240625745-i0mz"",""title"":""生物学导论""},{""id"":""t-1776240662717-2h8b"",""title"":""课题pre准备""}],""taskCount"":2}"
"2026-04-15","2026/4/15 17:03:36","session.started","{""taskId"":""1776240625745-i0mz"",""sessionId"":""s-1776243816218-ulsf"",""taskTitle"":""生物学导论""}"
"2026-04-15","2026/4/15 17:03:36","plan.first_micro","{""source"":""ai_chip"",""taskId"":""1776240625745-i0mz"",""taskTitle"":""生物学导论"",""microAction"":""打开生物学导论文档""}"
"2026-04-15","2026/4/15 17:03:36","exec.micro_started","{""taskId"":""1776240625745-i0mz"",""sessionId"":""s-1776243816218-ulsf"",""taskTitle"":""生物学导论"",""microAction"":""打开生物学导论文档""}"
"2026-04-15","2026/4/15 17:03:37","exec.micro_completed","{""taskId"":""1776240625745-i0mz"",""sessionId"":""s-1776243816218-ulsf"",""taskTitle"":""生物学导论"",""microAction"":""打开生物学导论文档"",""actualSeconds"":1}"
"2026-04-15","2026/4/15 17:22:17","session.paused","{""taskId"":""1776240625745-i0mz"",""sessionId"":""s-1776243816218-ulsf"",""taskTitle"":""生物学导论"",""microAction"":""生物学导论"",""elapsedSeconds"":1120,""completedMicroSteps"":1}"
"2026-04-15","2026/4/15 17:54:56","session.resumed","{""taskId"":""1776240625745-i0mz"",""sessionId"":""s-1776243816218-ulsf"",""taskTitle"":""生物学导论"",""microAction"":""生物学导论"",""originalSessionId"":""s-1776243816218-ulsf"",""elapsedBeforePause"":1120,""completedMicroSteps"":1,""pausedDurationSeconds"":1959}"
"2026-04-15","2026/4/15 17:54:57","session.ended","{""taskId"":""1776240625745-i0mz"",""endReason"":""task_done"",""sessionId"":""s-1776243816218-ulsf"",""taskTitle"":""生物学导论"",""completedMicroSteps"":1,""totalDurationSeconds"":1120}"
"2026-04-15","2026/4/15 17:54:57","session.macro_completed","{""taskId"":""1776240625745-i0mz"",""taskTitle"":""生物学导论"",""completedVia"":""flow""}"
"2026-04-15","2026/4/15 17:54:57","exec.flow_ended","{""taskId"":""1776240625745-i0mz"",""endReason"":""task_done"",""sessionId"":""s-1776243816218-ulsf"",""taskTitle"":""生物学导论"",""flowDurationSeconds"":0}"
"2026-04-15","2026/4/15 18:32:59","app.launched","{}"
"2026-04-15","2026/4/15 19:00:11","plan.brain_dump","{""tasks"":[{""id"":""t-1776240662717-2h8b"",""title"":""课题pre准备""}],""taskCount"":1}"
"2026-04-15","2026/4/15 19:00:11","plan.focus_selected","{""taskId"":""t-1776240662717-2h8b"",""taskTitle"":""课题pre准备""}"
"2026-04-15","2026/4/15 19:00:11","mode.widget_entered","{}"
"2026-04-15","2026/4/15 19:00:19","plan.brain_dump","{""tasks"":[{""id"":""t-1776240662717-2h8b"",""title"":""课题pre准备""}],""taskCount"":1}"
"2026-04-15","2026/4/15 19:00:19","plan.focus_selected","{""taskId"":""t-1776240662717-2h8b"",""taskTitle"":""课题pre准备""}"
"2026-04-15","2026/4/15 19:00:19","plan.first_micro","{""source"":""ai_chip"",""taskId"":""t-1776240662717-2h8b"",""taskTitle"":""课题pre准备"",""microAction"":""点开pre主题的文件夹""}"
"2026-04-15","2026/4/15 19:00:19","session.started","{""taskId"":""t-1776240662717-2h8b"",""sessionId"":""s-1776250819243-rnyj"",""taskTitle"":""课题pre准备""}"
"2026-04-15","2026/4/15 19:00:19","exec.micro_started","{""taskId"":""t-1776240662717-2h8b"",""sessionId"":""s-1776250819243-rnyj"",""taskTitle"":""课题pre准备"",""microAction"":""点开pre主题的文件夹""}"
"2026-04-15","2026/4/15 19:00:21","exec.micro_completed","{""taskId"":""t-1776240662717-2h8b"",""sessionId"":""s-1776250819243-rnyj"",""taskTitle"":""课题pre准备"",""microAction"":""点开pre主题的文件夹"",""actualSeconds"":2}"
"2026-04-15","2026/4/15 19:34:00","session.paused","{""taskId"":""t-1776240662717-2h8b"",""sessionId"":""s-1776250819243-rnyj"",""taskTitle"":""课题pre准备"",""microAction"":""课题pre准备"",""elapsedSeconds"":2021,""completedMicroSteps"":1}"
"2026-04-15","2026/4/15 20:55:30","app.launched","{}"
"2026-04-15","2026/4/15 20:55:33","mode.widget_entered","{}"
"2026-04-15","2026/4/15 20:55:33","plan.focus_selected","{""taskId"":""t-1776240662717-2h8b"",""taskTitle"":""课题pre准备""}"
"2026-04-15","2026/4/15 20:55:33","plan.brain_dump","{""tasks"":[{""id"":""t-1776240662717-2h8b"",""title"":""课题pre准备""}],""taskCount"":1}"
"2026-04-15","2026/4/15 20:55:33","session.resumed","{""taskId"":""t-1776240662717-2h8b"",""sessionId"":""s-1776250819243-rnyj"",""taskTitle"":""课题pre准备"",""microAction"":""课题pre准备"",""originalSessionId"":""s-1776250819243-rnyj"",""elapsedBeforePause"":2021,""completedMicroSteps"":1,""pausedDurationSeconds"":4893}"
"2026-04-16","2026/4/16 18:47:33","app.launched","{}"
"2026-04-16","2026/4/16 18:47:52","plan.focus_selected","{""taskId"":""t-1776336472168-mu53"",""taskTitle"":""课题报告""}"
"2026-04-16","2026/4/16 18:47:52","plan.brain_dump","{""tasks"":[{""id"":""t-1776336472168-mu53"",""title"":""课题报告""}],""taskCount"":1}"
"2026-04-16","2026/4/16 18:47:53","mode.widget_entered","{}"
"2026-04-16","2026/4/16 18:47:53","plan.brain_dump","{""tasks"":[{""id"":""t-1776336472168-mu53"",""title"":""课题报告""}],""taskCount"":1}"
"2026-04-16","2026/4/16 18:47:53","plan.focus_selected","{""taskId"":""t-1776336472168-mu53"",""taskTitle"":""课题报告""}"
"2026-04-16","2026/4/16 18:49:23","session.started","{""taskId"":""t-1776336472168-mu53"",""sessionId"":""s-1776336563828-4stn"",""taskTitle"":""课题报告""}"
"2026-04-16","2026/4/16 18:49:23","exec.micro_started","{""taskId"":""t-1776336472168-mu53"",""sessionId"":""s-1776336563828-4stn"",""taskTitle"":""课题报告"",""microAction"":""打开相关文件""}"
"2026-04-16","2026/4/16 18:49:23","plan.brain_dump","{""tasks"":[{""id"":""t-1776336472168-mu53"",""title"":""课题报告""}],""taskCount"":1}"
"2026-04-16","2026/4/16 18:49:23","plan.focus_selected","{""taskId"":""t-1776336472168-mu53"",""taskTitle"":""课题报告""}"
"2026-04-16","2026/4/16 18:49:23","plan.first_micro","{""source"":""ai_chip"",""taskId"":""t-1776336472168-mu53"",""taskTitle"":""课题报告"",""microAction"":""打开相关文件""}"
"2026-04-16","2026/4/16 18:49:25","exec.micro_completed","{""taskId"":""t-1776336472168-mu53"",""sessionId"":""s-1776336563828-4stn"",""taskTitle"":""课题报告"",""microAction"":""打开相关文件"",""actualSeconds"":1}"
"2026-04-16","2026/4/16 22:50:25","exec.flow_ended","{""taskId"":""t-1776336472168-mu53"",""endReason"":""task_done"",""sessionId"":""s-1776336563828-4stn"",""taskTitle"":""课题报告"",""flowDurationSeconds"":14460}"
"2026-04-16","2026/4/16 22:50:25","session.ended","{""taskId"":""t-1776336472168-mu53"",""endReason"":""task_done"",""sessionId"":""s-1776336563828-4stn"",""taskTitle"":""课题报告"",""completedMicroSteps"":1,""totalDurationSeconds"":14461}"
"2026-04-16","2026/4/16 22:50:25","session.macro_completed","{""taskId"":""t-1776336472168-mu53"",""taskTitle"":""课题报告"",""completedVia"":""flow""}"
"2026-04-16","2026/4/16 22:50:27","mode.widget_expanded","{}"
"2026-04-16","2026/4/16 22:50:28","reflect.opened","{""date"":""2026-04-16"",""mode"":""day""}"
"2026-04-16","2026/4/16 22:50:36","reflect.message_sent","{""date"":""2026-04-16"",""mode"":""daily"",""charCount"":11,""messageIndex"":0}"
"2026-04-17","2026/4/17 14:08:39","app.launched","{}"
"2026-04-17","2026/4/17 14:08:41","app.quit","{}"
"2026-04-17","2026/4/17 14:12:24","app.launched","{}"
"2026-04-17","2026/4/17 14:20:44","app.quit","{}"
"2026-04-17","2026/4/17 18:42:45","app.launched","{}"
"2026-04-17","2026/4/17 18:42:53","task.created","{""title"":""课题"",""source"":""editor"",""taskId"":""t-1776422573358-oyts""}"
"2026-04-17","2026/4/17 18:42:57","mode.widget_entered","{}"
"2026-04-17","2026/4/17 18:42:57","plan.focus_selected","{""taskId"":""t-1776422573358-oyts"",""taskTitle"":""课题""}"
"2026-04-17","2026/4/17 18:42:57","plan.brain_dump","{""tasks"":[{""id"":""t-1776422573358-oyts"",""title"":""课题""}],""taskCount"":1}"
"2026-04-17","2026/4/17 18:43:00","session.started","{""taskId"":""t-1776422573358-oyts"",""sessionId"":""s-1776422580346-hltc"",""taskTitle"":""课题""}"
"2026-04-17","2026/4/17 18:43:00","exec.micro_started","{""taskId"":""t-1776422573358-oyts"",""sessionId"":""s-1776422580346-hltc"",""taskTitle"":""课题"",""microAction"":""点开课题相关搜索页""}"
"2026-04-17","2026/4/17 18:43:00","plan.focus_selected","{""taskId"":""t-1776422573358-oyts"",""taskTitle"":""课题""}"
"2026-04-17","2026/4/17 18:43:00","plan.first_micro","{""source"":""ai_chip"",""taskId"":""t-1776422573358-oyts"",""taskTitle"":""课题"",""microAction"":""点开课题相关搜索页""}"
"2026-04-17","2026/4/17 18:43:00","plan.brain_dump","{""tasks"":[{""id"":""t-1776422573358-oyts"",""title"":""课题""}],""taskCount"":1}"
"2026-04-17","2026/4/17 18:43:02","exec.micro_completed","{""taskId"":""t-1776422573358-oyts"",""sessionId"":""s-1776422580346-hltc"",""taskTitle"":""课题"",""microAction"":""点开课题相关搜索页"",""actualSeconds"":1}"
"2026-04-17","2026/4/17 23:04:54","session.ended","{""taskId"":""t-1776422573358-oyts"",""endReason"":""task_done"",""sessionId"":""s-1776422580346-hltc"",""taskTitle"":""课题"",""completedMicroSteps"":1,""totalDurationSeconds"":15714}"
"2026-04-17","2026/4/17 23:04:54","session.macro_completed","{""taskId"":""t-1776422573358-oyts"",""taskTitle"":""课题"",""completedVia"":""flow""}"
"2026-04-17","2026/4/17 23:04:54","exec.flow_ended","{""taskId"":""t-1776422573358-oyts"",""endReason"":""task_done"",""sessionId"":""s-1776422580346-hltc"",""taskTitle"":""课题"",""flowDurationSeconds"":15712}"
"2026-04-17","2026/4/17 23:05:08","mode.widget_expanded","{}"
"2026-04-17","2026/4/17 23:05:10","reflect.opened","{""date"":""2026-04-17"",""mode"":""day""}"
"2026-04-17","2026/4/17 23:05:17","reflect.message_sent","{""date"":""2026-04-17"",""mode"":""daily"",""charCount"":12,""messageIndex"":0}"
"2026-04-17","2026/4/17 23:06:23","reflect.message_sent","{""date"":""2026-04-17"",""mode"":""daily"",""charCount"":11,""messageIndex"":1}"
"2026-04-17","2026/4/17 23:06:32","reflect.ended","{""date"":""2026-04-17"",""mode"":""daily"",""durationMs"":82730,""messageCount"":5}"
"2026-04-17","2026/4/17 23:06:32","daily.leftovers","{""totalCount"":0,""leftoverTasks"":[]}"
"2026-04-18","2026/4/18 11:09:31","app.launched","{}"
"2026-04-18","2026/4/18 14:49:58","task.created","{""title"":""课题"",""source"":""editor"",""taskId"":""t-1776494998515-k016""}"
"2026-04-18","2026/4/18 14:50:03","task.subtask_created","{""taskId"":""t-1776494998515-k016"",""subtaskTitle"":""报告""}"
"2026-04-18","2026/4/18 14:50:06","task.subtask_created","{""taskId"":""t-1776494998515-k016"",""subtaskTitle"":""pre""}"
"2026-04-18","2026/4/18 14:50:08","mode.widget_entered","{}"
"2026-04-18","2026/4/18 14:50:08","plan.brain_dump","{""tasks"":[{""id"":""t-1776494998515-k016"",""title"":""课题""}],""taskCount"":1}"
"2026-04-18","2026/4/18 14:50:08","plan.focus_selected","{""taskId"":""t-1776494998515-k016"",""taskTitle"":""课题""}"
"2026-04-18","2026/4/18 14:50:15","session.started","{""taskId"":""t-1776494998515-k016"",""sessionId"":""s-1776495015877-8c08"",""taskTitle"":""课题""}"
"2026-04-18","2026/4/18 14:50:15","plan.brain_dump","{""tasks"":[{""id"":""t-1776494998515-k016"",""title"":""课题""}],""taskCount"":1}"
"2026-04-18","2026/4/18 14:50:15","plan.focus_selected","{""taskId"":""t-1776494998515-k016"",""taskTitle"":""课题""}"
"2026-04-18","2026/4/18 14:50:15","plan.first_micro","{""source"":""self"",""taskId"":""t-1776494998515-k016"",""taskTitle"":""课题"",""microAction"":""打开文档""}"
"2026-04-18","2026/4/18 14:50:15","exec.micro_started","{""taskId"":""t-1776494998515-k016"",""sessionId"":""s-1776495015877-8c08"",""taskTitle"":""课题"",""microAction"":""打开文档""}"
"2026-04-18","2026/4/18 14:50:19","exec.micro_completed","{""taskId"":""t-1776494998515-k016"",""sessionId"":""s-1776495015877-8c08"",""taskTitle"":""课题"",""microAction"":""打开文档"",""actualSeconds"":3}"
"2026-04-18","2026/4/18 14:54:22","session.paused","{""taskId"":""t-1776494998515-k016"",""sessionId"":""s-1776495015877-8c08"",""taskTitle"":""课题"",""microAction"":""课题"",""elapsedSeconds"":246,""completedMicroSteps"":1}"
"2026-04-18","2026/4/18 14:59:56","mode.widget_expanded","{}"
"2026-04-18","2026/4/18 14:59:59","mode.widget_entered","{}"
"2026-04-18","2026/4/18 15:00:00","mode.widget_expanded","{}"
"2026-04-18","2026/4/18 15:00:03","memory.opened","{}"
"2026-04-18","2026/4/18 15:00:17","settings.saved","{""settingType"":""profile""}"
"2026-04-18","2026/4/18 15:00:22","settings.saved","{""settingType"":""profile""}"
"2026-04-18","2026/4/18 15:03:08","task.created","{""title"":""人体解剖生理学"",""source"":""editor"",""taskId"":""t-1776495788508-9u0q""}"
"2026-04-18","2026/4/18 15:03:11","task.subtask_created","{""taskId"":""t-1776495788508-9u0q"",""subtaskTitle"":""ppt""}"
"2026-04-18","2026/4/18 15:13:57","task.subtask_created","{""taskId"":""t-1776495788508-9u0q"",""subtaskTitle"":""作业""}"
"2026-04-18","2026/4/18 15:59:09","mode.widget_entered","{}"
"2026-04-18","2026/4/18 15:59:09","plan.brain_dump","{""tasks"":[{""id"":""t-1776494998515-k016"",""title"":""课题""},{""id"":""t-1776495788508-9u0q"",""title"":""人体解剖生理学""}],""taskCount"":2}"
"2026-04-18","2026/4/18 15:59:09","plan.focus_selected","{""taskId"":""t-1776495788508-9u0q"",""taskTitle"":""人体解剖生理学""}"
"2026-04-18","2026/4/18 15:59:12","session.started","{""taskId"":""t-1776495788508-9u0q"",""sessionId"":""s-1776499152038-u2kl"",""taskTitle"":""人体解剖生理学""}"
"2026-04-18","2026/4/18 15:59:12","plan.brain_dump","{""tasks"":[{""id"":""t-1776494998515-k016"",""title"":""课题""},{""id"":""t-1776495788508-9u0q"",""title"":""人体解剖生理学""}],""taskCount"":2}"
"2026-04-18","2026/4/18 15:59:12","exec.micro_started","{""taskId"":""t-1776495788508-9u0q"",""sessionId"":""s-1776499152038-u2kl"",""taskTitle"":""人体解剖生理学"",""microAction"":""点开PPT软件图标""}"
"2026-04-18","2026/4/18 15:59:12","plan.first_micro","{""source"":""ai_chip"",""taskId"":""t-1776495788508-9u0q"",""taskTitle"":""人体解剖生理学"",""microAction"":""点开PPT软件图标""}"
"2026-04-18","2026/4/18 15:59:12","plan.focus_selected","{""taskId"":""t-1776495788508-9u0q"",""taskTitle"":""人体解剖生理学""}"
"2026-04-18","2026/4/18 15:59:14","exec.micro_completed","{""taskId"":""t-1776495788508-9u0q"",""sessionId"":""s-1776499152038-u2kl"",""taskTitle"":""人体解剖生理学"",""microAction"":""点开PPT软件图标"",""actualSeconds"":2}"
"2026-04-18","2026/4/18 16:03:15","session.paused","{""taskId"":""t-1776495788508-9u0q"",""sessionId"":""s-1776499152038-u2kl"",""taskTitle"":""人体解剖生理学"",""microAction"":""人体解剖生理学"",""elapsedSeconds"":243,""completedMicroSteps"":1}"
"2026-04-18","2026/4/18 16:03:17","mode.widget_expanded","{}"
"2026-04-18","2026/4/18 16:03:34","task.subtask_created","{""taskId"":""t-1776495788508-9u0q"",""subtaskTitle"":""检查作业文件完整性""}"
"2026-04-18","2026/4/18 16:03:40","task.subtask_deleted","{""taskId"":""t-1776495788508-9u0q"",""subtaskId"":""s-1776499414813-bma9"",""subtaskTitle"":""""}"
"2026-04-18","2026/4/18 16:03:42","mode.widget_entered","{}"
"2026-04-18","2026/4/18 16:03:42","plan.focus_selected","{""taskId"":""t-1776495788508-9u0q"",""taskTitle"":""人体解剖生理学""}"
"2026-04-18","2026/4/18 16:03:42","plan.brain_dump","{""tasks"":[{""id"":""t-1776494998515-k016"",""title"":""课题""},{""id"":""t-1776495788508-9u0q"",""title"":""人体解剖生理学""}],""taskCount"":2}"
"2026-04-18","2026/4/18 16:03:42","session.resumed","{""taskId"":""t-1776495788508-9u0q"",""sessionId"":""s-1776499152038-u2kl"",""taskTitle"":""人体解剖生理学"",""microAction"":""人体解剖生理学"",""originalSessionId"":""s-1776499152038-u2kl"",""elapsedBeforePause"":243,""completedMicroSteps"":1,""pausedDurationSeconds"":27}"
"2026-04-18","2026/4/18 16:57:29","session.paused","{""taskId"":""t-1776495788508-9u0q"",""sessionId"":""s-1776499152038-u2kl"",""taskTitle"":""人体解剖生理学"",""microAction"":""人体解剖生理学"",""elapsedSeconds"":3469,""completedMicroSteps"":1}"
"2026-04-18","2026/4/18 19:25:29","mode.widget_expanded","{}"
"2026-04-18","2026/4/18 19:25:31","app.quit","{}"
"2026-04-18","2026/4/18 21:32:48","app.launched","{}"
"2026-04-18","2026/4/18 21:32:51","plan.focus_selected","{""taskId"":""t-1776494998515-k016"",""taskTitle"":""课题""}"
"2026-04-18","2026/4/18 21:32:51","mode.widget_entered","{}"
"2026-04-18","2026/4/18 21:32:51","plan.brain_dump","{""tasks"":[{""id"":""t-1776494998515-k016"",""title"":""课题""},{""id"":""t-1776495788508-9u0q"",""title"":""人体解剖生理学""}],""taskCount"":2}"
"2026-04-18","2026/4/18 21:32:51","session.resumed","{""taskId"":""t-1776494998515-k016"",""sessionId"":""s-1776495015877-8c08"",""taskTitle"":""课题"",""microAction"":""课题"",""originalSessionId"":""s-1776495015877-8c08"",""elapsedBeforePause"":246,""completedMicroSteps"":1,""pausedDurationSeconds"":23909}"
"2026-04-18","2026/4/18 21:32:56","session.paused","{""taskId"":""t-1776494998515-k016"",""sessionId"":""s-1776495015877-8c08"",""taskTitle"":""课题"",""microAction"":""课题"",""elapsedSeconds"":251,""completedMicroSteps"":1}"
"2026-04-18","2026/4/18 21:32:57","mode.widget_expanded","{}"
"2026-04-18","2026/4/18 21:33:03","task.subtask_deleted","{""taskId"":""t-1776494998515-k016"",""subtaskId"":""s-1776495006413-mt84"",""subtaskTitle"":""pre""}"
"2026-04-18","2026/4/18 21:33:04","plan.focus_selected","{""taskId"":""t-1776494998515-k016"",""taskTitle"":""课题""}"
"2026-04-18","2026/4/18 21:33:04","plan.brain_dump","{""tasks"":[{""id"":""t-1776494998515-k016"",""title"":""课题""},{""id"":""t-1776495788508-9u0q"",""title"":""人体解剖生理学""}],""taskCount"":2}"
"2026-04-18","2026/4/18 21:33:04","mode.widget_entered","{}"
"2026-04-18","2026/4/18 21:33:04","session.resumed","{""taskId"":""t-1776494998515-k016"",""sessionId"":""s-1776495015877-8c08"",""taskTitle"":""课题"",""microAction"":""课题"",""originalSessionId"":""s-1776495015877-8c08"",""elapsedBeforePause"":251,""completedMicroSteps"":1,""pausedDurationSeconds"":7}"
"2026-04-18","2026/4/18 22:25:34","task.subtask_toggled","{""taskId"":""t-1776494998515-k016"",""completed"":true,""subtaskId"":""s-1776495003575-d20g"",""subtaskTitle"":""报告""}"
"2026-04-18","2026/4/18 22:25:34","session.macro_completed","{""taskId"":""t-1776494998515-k016"",""taskTitle"":""课题"",""completedVia"":""subtasks_all_done""}"
"2026-04-18","2026/4/18 22:25:34","session.ended","{""taskId"":""t-1776494998515-k016"",""endReason"":""task_done"",""sessionId"":""s-1776495015877-8c08"",""taskTitle"":""课题"",""completedMicroSteps"":1,""totalDurationSeconds"":3401}"
"2026-04-18","2026/4/18 23:48:25","mode.widget_expanded","{}"
"2026-04-18","2026/4/18 23:48:28","reflect.opened","{""date"":""2026-04-18"",""mode"":""day""}"
"2026-04-18","2026/4/18 23:48:34","reflect.message_sent","{""date"":""2026-04-18"",""mode"":""daily"",""charCount"":14,""messageIndex"":0}"
"2026-04-18","2026/4/18 23:48:46","reflect.message_sent","{""date"":""2026-04-18"",""mode"":""daily"",""charCount"":13,""messageIndex"":1}"
"2026-04-18","2026/4/18 23:48:55","reflect.message_sent","{""date"":""2026-04-18"",""mode"":""daily"",""charCount"":12,""messageIndex"":2}"
"2026-04-18","2026/4/18 23:49:08","reflect.message_sent","{""date"":""2026-04-18"",""mode"":""daily"",""charCount"":12,""messageIndex"":3}"
"2026-04-18","2026/4/18 23:49:21","reflect.message_sent","{""date"":""2026-04-18"",""mode"":""daily"",""charCount"":11,""messageIndex"":4}"
"2026-04-19","2026/4/19 16:44:16","app.launched","{}"
"2026-04-19","2026/4/19 16:44:26","task.carried_over","{""taskIds"":[""t-1776495788508-9u0q""],""fromDate"":""2026-04-18""}"
"2026-04-19","2026/4/19 16:44:34","task.created","{""title"":""课题pre ppt"",""source"":""editor"",""taskId"":""t-1776588274169-ff6f""}"
"2026-04-19","2026/4/19 16:44:55","plan.brain_dump","{""tasks"":[{""id"":""1776588266483-zkrm"",""title"":""人体解剖生理学""},{""id"":""t-1776588274169-ff6f"",""title"":""课题pre ppt""},{""id"":""t-1776588295799-s7jd"",""title"":""下载启航计划文件""}],""taskCount"":3}"
"2026-04-19","2026/4/19 16:44:55","plan.focus_selected","{""taskId"":""t-1776588295799-s7jd"",""taskTitle"":""下载启航计划文件""}"
"2026-04-19","2026/4/19 16:44:56","mode.widget_entered","{}"
"2026-04-19","2026/4/19 16:44:56","plan.focus_selected","{""taskId"":""t-1776588295799-s7jd"",""taskTitle"":""下载启航计划文件""}"
"2026-04-19","2026/4/19 16:44:56","plan.brain_dump","{""tasks"":[{""id"":""1776588266483-zkrm"",""title"":""人体解剖生理学""},{""id"":""t-1776588274169-ff6f"",""title"":""课题pre ppt""},{""id"":""t-1776588295799-s7jd"",""title"":""下载启航计划文件""}],""taskCount"":3}"
"2026-04-19","2026/4/19 16:45:17","session.started","{""taskId"":""t-1776588295799-s7jd"",""sessionId"":""s-1776588317798-dwwq"",""taskTitle"":""下载启航计划文件""}"
"2026-04-19","2026/4/19 16:45:17","plan.focus_selected","{""taskId"":""t-1776588295799-s7jd"",""taskTitle"":""下载启航计划文件""}"
"2026-04-19","2026/4/19 16:45:17","plan.brain_dump","{""tasks"":[{""id"":""1776588266483-zkrm"",""title"":""人体解剖生理学""},{""id"":""t-1776588274169-ff6f"",""title"":""课题pre ppt""},{""id"":""t-1776588295799-s7jd"",""title"":""下载启航计划文件""}],""taskCount"":3}"
"2026-04-19","2026/4/19 16:45:17","plan.first_micro","{""source"":""self"",""taskId"":""t-1776588295799-s7jd"",""taskTitle"":""下载启航计划文件"",""microAction"":""打开百度网盘""}"
"2026-04-19","2026/4/19 16:45:17","exec.micro_started","{""taskId"":""t-1776588295799-s7jd"",""sessionId"":""s-1776588317798-dwwq"",""taskTitle"":""下载启航计划文件"",""microAction"":""打开百度网盘""}"
"2026-04-19","2026/4/19 16:45:20","exec.micro_completed","{""taskId"":""t-1776588295799-s7jd"",""sessionId"":""s-1776588317798-dwwq"",""taskTitle"":""下载启航计划文件"",""microAction"":""打开百度网盘"",""actualSeconds"":2}"
"2026-04-19","2026/4/19 16:48:16","session.ended","{""taskId"":""t-1776588295799-s7jd"",""endReason"":""task_done"",""sessionId"":""s-1776588317798-dwwq"",""taskTitle"":""下载启航计划文件"",""completedMicroSteps"":1,""totalDurationSeconds"":178}"
"2026-04-19","2026/4/19 16:48:16","exec.flow_ended","{""taskId"":""t-1776588295799-s7jd"",""endReason"":""task_done"",""sessionId"":""s-1776588317798-dwwq"",""taskTitle"":""下载启航计划文件"",""flowDurationSeconds"":176}"
"2026-04-19","2026/4/19 16:48:16","session.macro_completed","{""taskId"":""t-1776588295799-s7jd"",""taskTitle"":""下载启航计划文件"",""completedVia"":""flow""}"
"2026-04-19","2026/4/19 16:48:22","mode.widget_expanded","{}"
"2026-04-19","2026/4/19 16:48:48","task.reordered","{""taskId"":""1776588266483-zkrm"",""toIndex"":1,""fromIndex"":0}"
"2026-04-19","2026/4/19 16:48:55","task.subtask_created","{""taskId"":""t-1776588295799-s7jd"",""subtaskTitle"":""作业""}"
"2026-04-19","2026/4/19 16:49:00","task.subtask_deleted","{""taskId"":""t-1776588295799-s7jd"",""subtaskId"":""s-1776588535822-1oga"",""subtaskTitle"":""作业""}"
"2026-04-19","2026/4/19 16:49:05","task.subtask_created","{""taskId"":""t-1776588295799-s7jd"",""subtaskTitle"":""作业""}"
"2026-04-19","2026/4/19 16:49:11","task.subtask_deleted","{""taskId"":""t-1776588295799-s7jd"",""subtaskId"":""s-1776588545471-oh4k"",""subtaskTitle"":""作业""}"
"2026-04-19","2026/4/19 16:49:41","task.subtask_created","{""taskId"":""t-1776588295799-s7jd"",""subtaskTitle"":""作业""}"
"2026-04-19","2026/4/19 16:49:48","task.subtask_deleted","{""taskId"":""t-1776588295799-s7jd"",""subtaskId"":""s-1776588581814-tb7f"",""subtaskTitle"":""作业""}"
"2026-04-19","2026/4/19 17:03:12","plan.focus_selected","{""taskId"":""1776588266483-zkrm"",""taskTitle"":""人体解剖生理学""}"
"2026-04-19","2026/4/19 17:03:12","plan.brain_dump","{""tasks"":[{""id"":""t-1776588274169-ff6f"",""title"":""课题pre ppt""},{""id"":""1776588266483-zkrm"",""title"":""人体解剖生理学""}],""taskCount"":2}"
"2026-04-19","2026/4/19 17:03:12","mode.widget_entered","{}"
"2026-04-19","2026/4/19 17:03:25","plan.brain_dump","{""tasks"":[{""id"":""t-1776588274169-ff6f"",""title"":""课题pre ppt""},{""id"":""1776588266483-zkrm"",""title"":""人体解剖生理学""}],""taskCount"":2}"
"2026-04-19","2026/4/19 17:03:25","exec.micro_started","{""taskId"":""1776588266483-zkrm"",""sessionId"":""s-1776589405683-10lw"",""taskTitle"":""人体解剖生理学"",""microAction"":""点开作业文件""}"
"2026-04-19","2026/4/19 17:03:25","session.started","{""taskId"":""1776588266483-zkrm"",""sessionId"":""s-1776589405683-10lw"",""taskTitle"":""人体解剖生理学""}"
"2026-04-19","2026/4/19 17:03:25","plan.first_micro","{""source"":""self"",""taskId"":""1776588266483-zkrm"",""taskTitle"":""人体解剖生理学"",""microAction"":""点开作业文件""}"
"2026-04-19","2026/4/19 17:03:25","plan.focus_selected","{""taskId"":""1776588266483-zkrm"",""taskTitle"":""人体解剖生理学""}"
"2026-04-19","2026/4/19 17:03:28","stuck.triggered","{""taskId"":""1776588266483-zkrm"",""sessionId"":""s-1776589405683-10lw"",""microAction"":""点开作业文件"",""elapsedSeconds"":2}"
"2026-04-19","2026/4/19 17:03:43","stuck.reason","{""reason"":""快到饭点了，感觉应该先点外卖"",""taskId"":""1776588266483-zkrm"",""sessionId"":""s-1776589405683-10lw"",""microAction"":""点开作业文件"",""reasonSource"":""self""}"
"2026-04-19","2026/4/19 17:03:45","stuck.reflection_shown","{""taskId"":""1776588266483-zkrm"",""sessionId"":""s-1776589405683-10lw"",""difficulty"":""快到饭点了，感觉应该先点外卖"",""reflection"":""{\""interpret\"":\""可能是快到饭点的生理需求，让你觉得该先处理外卖再打开作业文件。\"",\""hints\"":[\""先快速点好外卖再打开作业\"",\""先花5分钟看完作业再点外卖\""],\""cheer\"":\""你可以先把这两件事理顺哦\""}""}"
"2026-04-19","2026/4/19 17:03:45","stuck.pivot_offered","{""taskId"":""1776588266483-zkrm"",""empathy"":""可能是快到饭点的生理需求，让你觉得该先处理外卖再打开作业文件。"",""sessionId"":""s-1776589405683-10lw"",""pivotSuggestions"":[""先快速点好外卖再打开作业"",""先花5分钟看完作业再点外卖""]}"
"2026-04-19","2026/4/19 17:09:57","stuck.hint_feedback_summary","{""taskId"":""1776588266483-zkrm"",""ratings"":[],""skipped"":true,""upCount"":0,""downCount"":0,""hintCount"":2,""sessionId"":""s-1776589405683-10lw"",""ratedCount"":0}"
"2026-04-19","2026/4/19 17:09:57","exec.micro_started","{""taskId"":""1776588266483-zkrm"",""sessionId"":""s-1776589405683-10lw"",""taskTitle"":""人体解剖生理学"",""microAction"":""点开作业文件""}"
"2026-04-19","2026/4/19 17:10:32","exec.micro_completed","{""taskId"":""1776588266483-zkrm"",""sessionId"":""s-1776589405683-10lw"",""taskTitle"":""人体解剖生理学"",""microAction"":""点开作业文件"",""actualSeconds"":34}"
"2026-04-19","2026/4/19 17:35:19","session.paused","{""taskId"":""1776588266483-zkrm"",""sessionId"":""s-1776589405683-10lw"",""taskTitle"":""人体解剖生理学"",""microAction"":""人体解剖生理学"",""elapsedSeconds"":1914,""completedMicroSteps"":1}"
"2026-04-19","2026/4/19 21:13:36","mode.widget_expanded","{}"
"2026-04-19","2026/4/19 21:13:38","mode.widget_entered","{}"
"2026-04-19","2026/4/19 21:13:38","plan.brain_dump","{""tasks"":[{""id"":""t-1776588274169-ff6f"",""title"":""课题pre ppt""},{""id"":""1776588266483-zkrm"",""title"":""人体解剖生理学""}],""taskCount"":2}"
"2026-04-19","2026/4/19 21:13:38","plan.focus_selected","{""taskId"":""t-1776588274169-ff6f"",""taskTitle"":""课题pre ppt""}"
"2026-04-19","2026/4/19 21:13:40","plan.first_micro","{""source"":""ai_chip"",""taskId"":""t-1776588274169-ff6f"",""taskTitle"":""课题pre ppt"",""microAction"":""点开PPT软件图标""}"
"2026-04-19","2026/4/19 21:13:40","plan.focus_selected","{""taskId"":""t-1776588274169-ff6f"",""taskTitle"":""课题pre ppt""}"
"2026-04-19","2026/4/19 21:13:40","plan.brain_dump","{""tasks"":[{""id"":""t-1776588274169-ff6f"",""title"":""课题pre ppt""},{""id"":""1776588266483-zkrm"",""title"":""人体解剖生理学""}],""taskCount"":2}"
"2026-04-19","2026/4/19 21:13:40","exec.micro_started","{""taskId"":""t-1776588274169-ff6f"",""sessionId"":""s-1776604420737-s9h8"",""taskTitle"":""课题pre ppt"",""microAction"":""点开PPT软件图标""}"
"2026-04-19","2026/4/19 21:13:40","session.started","{""taskId"":""t-1776588274169-ff6f"",""sessionId"":""s-1776604420737-s9h8"",""taskTitle"":""课题pre ppt""}"
"2026-04-19","2026/4/19 21:13:42","exec.micro_completed","{""taskId"":""t-1776588274169-ff6f"",""sessionId"":""s-1776604420737-s9h8"",""taskTitle"":""课题pre ppt"",""microAction"":""点开PPT软件图标"",""actualSeconds"":2}"
"2026-04-19","2026/4/19 21:36:49","session.paused","{""taskId"":""t-1776588274169-ff6f"",""sessionId"":""s-1776604420737-s9h8"",""taskTitle"":""课题pre ppt"",""microAction"":""课题pre ppt"",""elapsedSeconds"":1388,""completedMicroSteps"":1}"
"2026-04-19","2026/4/19 21:46:00","session.resumed","{""taskId"":""t-1776588274169-ff6f"",""sessionId"":""s-1776604420737-s9h8"",""taskTitle"":""课题pre ppt"",""microAction"":""课题pre ppt"",""originalSessionId"":""s-1776604420737-s9h8"",""elapsedBeforePause"":1388,""completedMicroSteps"":1,""pausedDurationSeconds"":551}"
"2026-04-19","2026/4/19 22:00:50","session.paused","{""taskId"":""t-1776588274169-ff6f"",""sessionId"":""s-1776604420737-s9h8"",""taskTitle"":""课题pre ppt"",""microAction"":""课题pre ppt"",""elapsedSeconds"":2278,""completedMicroSteps"":1}"
"2026-04-19","2026/4/19 22:04:29","session.resumed","{""taskId"":""t-1776588274169-ff6f"",""sessionId"":""s-1776604420737-s9h8"",""taskTitle"":""课题pre ppt"",""microAction"":""课题pre ppt"",""originalSessionId"":""s-1776604420737-s9h8"",""elapsedBeforePause"":2278,""completedMicroSteps"":1,""pausedDurationSeconds"":218}"
"2026-04-19","2026/4/19 23:08:27","session.paused","{""taskId"":""t-1776588274169-ff6f"",""sessionId"":""s-1776604420737-s9h8"",""taskTitle"":""课题pre ppt"",""microAction"":""课题pre ppt"",""elapsedSeconds"":6116,""completedMicroSteps"":1}"
"2026-04-19","2026/4/19 23:25:16","session.resumed","{""taskId"":""t-1776588274169-ff6f"",""sessionId"":""s-1776604420737-s9h8"",""taskTitle"":""课题pre ppt"",""microAction"":""课题pre ppt"",""originalSessionId"":""s-1776604420737-s9h8"",""elapsedBeforePause"":6116,""completedMicroSteps"":1,""pausedDurationSeconds"":1008}"
"2026-04-20","2026/4/20 00:23:31","exec.flow_ended","{""taskId"":""t-1776588274169-ff6f"",""endReason"":""task_done"",""sessionId"":""s-1776604420737-s9h8"",""taskTitle"":""课题pre ppt"",""flowDurationSeconds"":3495}"
"2026-04-20","2026/4/20 00:23:31","session.macro_completed","{""taskId"":""t-1776588274169-ff6f"",""taskTitle"":""课题pre ppt"",""completedVia"":""flow""}"
"2026-04-20","2026/4/20 00:23:31","session.ended","{""taskId"":""t-1776588274169-ff6f"",""endReason"":""task_done"",""sessionId"":""s-1776604420737-s9h8"",""taskTitle"":""课题pre ppt"",""completedMicroSteps"":1,""totalDurationSeconds"":9611}"
"2026-04-20","2026/4/20 00:23:33","mode.widget_expanded","{}"
"2026-04-20","2026/4/20 00:23:36","reflect.opened","{""date"":""2026-04-20"",""mode"":""day""}"
"2026-04-20","2026/4/20 00:24:05","reflect.message_sent","{""date"":""2026-04-20"",""mode"":""daily"",""charCount"":13,""messageIndex"":0}"
"2026-04-20","2026/4/20 16:29:57","app.launched","{}"
"2026-04-20","2026/4/20 16:30:00","plan.brain_dump","{""tasks"":[{""id"":""t-1776673646882-kk0y"",""title"":""课题pre""}],""taskCount"":1}"
"2026-04-20","2026/4/20 16:30:00","plan.focus_selected","{""taskId"":""t-1776673646882-kk0y"",""taskTitle"":""课题pre""}"
"2026-04-20","2026/4/20 16:30:00","mode.widget_entered","{}"
"2026-04-20","2026/4/20 16:30:02","plan.brain_dump","{""tasks"":[{""id"":""t-1776673646882-kk0y"",""title"":""课题pre""}],""taskCount"":1}"
"2026-04-20","2026/4/20 16:30:02","plan.focus_selected","{""taskId"":""t-1776673646882-kk0y"",""taskTitle"":""课题pre""}"
"2026-04-20","2026/4/20 16:30:02","plan.first_micro","{""source"":""ai_chip"",""taskId"":""t-1776673646882-kk0y"",""taskTitle"":""课题pre"",""microAction"":""点开pre主题文档""}"
"2026-04-20","2026/4/20 16:30:02","session.started","{""taskId"":""t-1776673646882-kk0y"",""sessionId"":""s-1776673802441-txwq"",""taskTitle"":""课题pre""}"
"2026-04-20","2026/4/20 16:30:02","exec.micro_started","{""taskId"":""t-1776673646882-kk0y"",""sessionId"":""s-1776673802441-txwq"",""taskTitle"":""课题pre"",""microAction"":""点开pre主题文档""}"
"2026-04-20","2026/4/20 16:30:04","exec.micro_completed","{""taskId"":""t-1776673646882-kk0y"",""sessionId"":""s-1776673802441-txwq"",""taskTitle"":""课题pre"",""microAction"":""点开pre主题文档"",""actualSeconds"":1}"
"2026-04-20","2026/4/20 16:48:10","session.paused","{""taskId"":""t-1776673646882-kk0y"",""sessionId"":""s-1776673802441-txwq"",""taskTitle"":""课题pre"",""microAction"":""课题pre"",""elapsedSeconds"":1087,""completedMicroSteps"":1}"
"2026-04-20","2026/4/20 17:11:58","session.resumed","{""taskId"":""t-1776673646882-kk0y"",""sessionId"":""s-1776673802441-txwq"",""taskTitle"":""课题pre"",""microAction"":""课题pre"",""originalSessionId"":""s-1776673802441-txwq"",""elapsedBeforePause"":1087,""completedMicroSteps"":1,""pausedDurationSeconds"":1428}"
"2026-04-20","2026/4/20 17:21:55","session.paused","{""taskId"":""t-1776673646882-kk0y"",""sessionId"":""s-1776673802441-txwq"",""taskTitle"":""课题pre"",""microAction"":""课题pre"",""elapsedSeconds"":1683,""completedMicroSteps"":1}"
"2026-04-20","2026/4/20 19:05:59","app.launched","{}"
"2026-04-20","2026/4/20 19:06:56","plan.brain_dump","{""tasks"":[{""id"":""t-1776673646882-kk0y"",""title"":""课题pre""},{""id"":""t-1776683216211-6j4n"",""title"":""课题论文""}],""taskCount"":2}"
"2026-04-20","2026/4/20 19:06:56","plan.focus_selected","{""taskId"":""t-1776683216211-6j4n"",""taskTitle"":""课题论文""}"
"2026-04-20","2026/4/20 19:06:58","plan.brain_dump","{""tasks"":[{""id"":""t-1776673646882-kk0y"",""title"":""课题pre""},{""id"":""t-1776683216211-6j4n"",""title"":""课题论文""}],""taskCount"":2}"
"2026-04-20","2026/4/20 19:06:58","plan.focus_selected","{""taskId"":""t-1776683216211-6j4n"",""taskTitle"":""课题论文""}"
"2026-04-20","2026/4/20 19:06:58","mode.widget_entered","{}"
"2026-04-20","2026/4/20 19:07:09","session.started","{""taskId"":""t-1776683216211-6j4n"",""sessionId"":""s-1776683229177-0m0j"",""taskTitle"":""课题论文""}"
"2026-04-20","2026/4/20 19:07:09","exec.micro_started","{""taskId"":""t-1776683216211-6j4n"",""sessionId"":""s-1776683229177-0m0j"",""taskTitle"":""课题论文"",""microAction"":""搜索文献""}"
"2026-04-20","2026/4/20 19:07:09","plan.brain_dump","{""tasks"":[{""id"":""t-1776673646882-kk0y"",""title"":""课题pre""},{""id"":""t-1776683216211-6j4n"",""title"":""课题论文""}],""taskCount"":2}"
"2026-04-20","2026/4/20 19:07:09","plan.first_micro","{""source"":""self"",""taskId"":""t-1776683216211-6j4n"",""taskTitle"":""课题论文"",""microAction"":""搜索文献""}"
"2026-04-20","2026/4/20 19:07:09","plan.focus_selected","{""taskId"":""t-1776683216211-6j4n"",""taskTitle"":""课题论文""}"
"2026-04-20","2026/4/20 19:18:37","exec.micro_completed","{""taskId"":""t-1776683216211-6j4n"",""sessionId"":""s-1776683229177-0m0j"",""taskTitle"":""课题论文"",""microAction"":""搜索文献"",""actualSeconds"":687}"
"2026-04-21","2026/4/21 15:57:39","app.launched","{}"
"2026-04-21","2026/4/21 15:57:45","task.created","{""title"":""启航"",""source"":""editor"",""taskId"":""t-1776758265955-tse4""}"
"2026-04-21","2026/4/21 15:57:49","task.created","{""title"":""课题"",""source"":""editor"",""taskId"":""t-1776758269105-da7d""}"
"2026-04-21","2026/4/21 15:57:50","plan.brain_dump","{""tasks"":[{""id"":""t-1776758265955-tse4"",""title"":""启航""},{""id"":""t-1776758269105-da7d"",""title"":""课题""}],""taskCount"":2}"
"2026-04-21","2026/4/21 15:57:50","plan.focus_selected","{""taskId"":""t-1776758265955-tse4"",""taskTitle"":""启航""}"
"2026-04-21","2026/4/21 15:57:50","mode.widget_entered","{}"
"2026-04-21","2026/4/21 15:58:00","exec.micro_started","{""taskId"":""t-1776758265955-tse4"",""sessionId"":""s-1776758280575-5hyz"",""taskTitle"":""启航"",""microAction"":""打开gpt""}"
"2026-04-21","2026/4/21 15:58:00","plan.brain_dump","{""tasks"":[{""id"":""t-1776758265955-tse4"",""title"":""启航""},{""id"":""t-1776758269105-da7d"",""title"":""课题""}],""taskCount"":2}"
"2026-04-21","2026/4/21 15:58:00","plan.focus_selected","{""taskId"":""t-1776758265955-tse4"",""taskTitle"":""启航""}"
"2026-04-21","2026/4/21 15:58:00","plan.first_micro","{""source"":""self"",""taskId"":""t-1776758265955-tse4"",""taskTitle"":""启航"",""microAction"":""打开gpt""}"
"2026-04-21","2026/4/21 15:58:00","session.started","{""taskId"":""t-1776758265955-tse4"",""sessionId"":""s-1776758280575-5hyz"",""taskTitle"":""启航""}"
"2026-04-21","2026/4/21 15:59:20","exec.micro_completed","{""taskId"":""t-1776758265955-tse4"",""sessionId"":""s-1776758280575-5hyz"",""taskTitle"":""启航"",""microAction"":""打开gpt"",""actualSeconds"":80}"
"2026-04-21","2026/4/21 16:54:21","session.ended","{""taskId"":""t-1776758265955-tse4"",""endReason"":""task_done"",""sessionId"":""s-1776758280575-5hyz"",""taskTitle"":""启航"",""completedMicroSteps"":1,""totalDurationSeconds"":3380}"
"2026-04-21","2026/4/21 16:54:21","session.macro_completed","{""taskId"":""t-1776758265955-tse4"",""taskTitle"":""启航"",""completedVia"":""flow""}"
"2026-04-21","2026/4/21 16:54:21","exec.flow_ended","{""taskId"":""t-1776758265955-tse4"",""endReason"":""task_done"",""sessionId"":""s-1776758280575-5hyz"",""taskTitle"":""启航"",""flowDurationSeconds"":3300}"
"2026-04-21","2026/4/21 16:58:24","plan.focus_selected","{""taskId"":""t-1776758269105-da7d"",""taskTitle"":""课题""}"
"2026-04-21","2026/4/21 16:58:24","exec.micro_started","{""taskId"":""t-1776758269105-da7d"",""sessionId"":""s-1776761904493-aqao"",""taskTitle"":""课题"",""microAction"":""点开课题pre主题文档""}"
"2026-04-21","2026/4/21 16:58:24","session.started","{""taskId"":""t-1776758269105-da7d"",""sessionId"":""s-1776761904493-aqao"",""taskTitle"":""课题""}"
"2026-04-21","2026/4/21 16:58:24","plan.first_micro","{""source"":""ai_chip"",""taskId"":""t-1776758269105-da7d"",""taskTitle"":""课题"",""microAction"":""点开课题pre主题文档""}"
"2026-04-21","2026/4/21 16:58:24","plan.brain_dump","{""tasks"":[{""id"":""t-1776758269105-da7d"",""title"":""课题""}],""taskCount"":1}"
"2026-04-21","2026/4/21 16:58:26","exec.micro_completed","{""taskId"":""t-1776758269105-da7d"",""sessionId"":""s-1776761904493-aqao"",""taskTitle"":""课题"",""microAction"":""点开课题pre主题文档"",""actualSeconds"":1}"
"2026-04-21","2026/4/21 17:04:52","session.paused","{""taskId"":""t-1776758269105-da7d"",""sessionId"":""s-1776761904493-aqao"",""taskTitle"":""课题"",""microAction"":""课题"",""elapsedSeconds"":387,""completedMicroSteps"":1}"
"2026-04-21","2026/4/21 18:42:43","app.launched","{}"
"2026-04-22","2026/4/22 14:35:57","app.launched","{}"
"2026-04-22","2026/4/22 15:45:07","task.created","{""title"":""数电实验"",""source"":""editor"",""taskId"":""t-1776843907707-mblv""}"
"2026-04-22","2026/4/22 15:45:21","task.subtask_created","{""taskId"":""t-1776843907707-mblv"",""subtaskTitle"":""下载扩展""}"
"2026-04-22","2026/4/22 15:45:27","task.subtask_created","{""taskId"":""t-1776843907707-mblv"",""subtaskTitle"":""跑实验""}"
"2026-04-22","2026/4/22 15:45:43","task.created","{""title"":""数电"",""source"":""editor"",""taskId"":""t-1776843943643-hl7t""}"
"2026-04-22","2026/4/22 15:45:47","task.subtask_created","{""taskId"":""t-1776843943643-hl7t"",""subtaskTitle"":""课""}"
"2026-04-22","2026/4/22 15:45:50","task.subtask_created","{""taskId"":""t-1776843943643-hl7t"",""subtaskTitle"":""作业""}"
"2026-04-22","2026/4/22 15:45:53","plan.brain_dump","{""tasks"":[{""id"":""t-1776843907707-mblv"",""title"":""数电实验""},{""id"":""t-1776843943643-hl7t"",""title"":""数电""}],""taskCount"":2}"
"2026-04-22","2026/4/22 15:45:53","mode.widget_entered","{}"
"2026-04-22","2026/4/22 15:45:53","plan.focus_selected","{""taskId"":""t-1776843907707-mblv"",""taskTitle"":""数电实验""}"
"2026-04-22","2026/4/22 15:45:55","plan.brain_dump","{""tasks"":[{""id"":""t-1776843907707-mblv"",""title"":""数电实验""},{""id"":""t-1776843943643-hl7t"",""title"":""数电""}],""taskCount"":2}"
"2026-04-22","2026/4/22 15:45:55","exec.micro_started","{""taskId"":""t-1776843907707-mblv"",""sessionId"":""s-1776843955173-5ati"",""taskTitle"":""数电实验"",""microAction"":""搜索数电实验扩展""}"
"2026-04-22","2026/4/22 15:45:55","session.started","{""taskId"":""t-1776843907707-mblv"",""sessionId"":""s-1776843955173-5ati"",""taskTitle"":""数电实验""}"
"2026-04-22","2026/4/22 15:45:55","plan.first_micro","{""source"":""ai_chip"",""taskId"":""t-1776843907707-mblv"",""taskTitle"":""数电实验"",""microAction"":""搜索数电实验扩展""}"
"2026-04-22","2026/4/22 15:45:55","plan.focus_selected","{""taskId"":""t-1776843907707-mblv"",""taskTitle"":""数电实验""}"
"2026-04-22","2026/4/22 15:45:57","exec.micro_completed","{""taskId"":""t-1776843907707-mblv"",""sessionId"":""s-1776843955173-5ati"",""taskTitle"":""数电实验"",""microAction"":""搜索数电实验扩展"",""actualSeconds"":2}"
"2026-04-22","2026/4/22 16:11:22","session.paused","{""taskId"":""t-1776843907707-mblv"",""sessionId"":""s-1776843955173-5ati"",""taskTitle"":""数电实验"",""microAction"":""数电实验"",""elapsedSeconds"":1527,""completedMicroSteps"":1}"
"2026-04-22","2026/4/22 16:11:24","mode.widget_expanded","{}"
"2026-04-22","2026/4/22 16:11:25","mode.widget_entered","{}"
"2026-04-22","2026/4/22 16:11:25","plan.focus_selected","{""taskId"":""t-1776843943643-hl7t"",""taskTitle"":""数电""}"
"2026-04-22","2026/4/22 16:11:25","plan.brain_dump","{""tasks"":[{""id"":""t-1776843907707-mblv"",""title"":""数电实验""},{""id"":""t-1776843943643-hl7t"",""title"":""数电""}],""taskCount"":2}"
"2026-04-22","2026/4/22 16:11:28","plan.brain_dump","{""tasks"":[{""id"":""t-1776843907707-mblv"",""title"":""数电实验""},{""id"":""t-1776843943643-hl7t"",""title"":""数电""}],""taskCount"":2}"
"2026-04-22","2026/4/22 16:11:28","plan.focus_selected","{""taskId"":""t-1776843943643-hl7t"",""taskTitle"":""数电""}"
"2026-04-22","2026/4/22 16:11:28","plan.first_micro","{""source"":""ai_chip"",""taskId"":""t-1776843943643-hl7t"",""taskTitle"":""数电"",""microAction"":""点开数电课件页面""}"
"2026-04-22","2026/4/22 16:11:28","session.started","{""taskId"":""t-1776843943643-hl7t"",""sessionId"":""s-1776845488384-pkap"",""taskTitle"":""数电""}"
"2026-04-22","2026/4/22 16:11:28","exec.micro_started","{""taskId"":""t-1776843943643-hl7t"",""sessionId"":""s-1776845488384-pkap"",""taskTitle"":""数电"",""microAction"":""点开数电课件页面""}"
"2026-04-22","2026/4/22 16:11:30","exec.micro_completed","{""taskId"":""t-1776843943643-hl7t"",""sessionId"":""s-1776845488384-pkap"",""taskTitle"":""数电"",""microAction"":""点开数电课件页面"",""actualSeconds"":1}"
"2026-04-22","2026/4/22 22:30:33","session.paused","{""taskId"":""t-1776843943643-hl7t"",""sessionId"":""s-1776845488384-pkap"",""taskTitle"":""数电"",""microAction"":""数电"",""elapsedSeconds"":22745,""completedMicroSteps"":1}"
"2026-04-22","2026/4/22 22:30:35","session.resumed","{""taskId"":""t-1776843907707-mblv"",""sessionId"":""s-1776843955173-5ati"",""taskTitle"":""数电实验"",""microAction"":""数电实验"",""originalSessionId"":""s-1776843955173-5ati"",""elapsedBeforePause"":1527,""completedMicroSteps"":1,""pausedDurationSeconds"":22752}"
"2026-04-22","2026/4/22 22:38:08","task.subtask_toggled","{""taskId"":""t-1776843907707-mblv"",""completed"":true,""subtaskId"":""s-1776843921396-a449"",""subtaskTitle"":""下载扩展""}"
"2026-04-22","2026/4/22 23:04:05","session.paused","{""taskId"":""t-1776843907707-mblv"",""sessionId"":""s-1776843955173-5ati"",""taskTitle"":""数电实验"",""microAction"":""数电实验"",""elapsedSeconds"":3537,""completedMicroSteps"":1}"
"2026-04-22","2026/4/22 23:51:51","session.resumed","{""taskId"":""t-1776843907707-mblv"",""sessionId"":""s-1776843955173-5ati"",""taskTitle"":""数电实验"",""microAction"":""数电实验"",""originalSessionId"":""s-1776843955173-5ati"",""elapsedBeforePause"":3537,""completedMicroSteps"":1,""pausedDurationSeconds"":2865}"
"2026-04-22","2026/4/22 23:56:46","task.subtask_toggled","{""taskId"":""t-1776843907707-mblv"",""completed"":true,""subtaskId"":""s-1776843927711-lcgz"",""subtaskTitle"":""跑实验""}"
"2026-04-22","2026/4/22 23:56:46","session.macro_completed","{""taskId"":""t-1776843907707-mblv"",""taskTitle"":""数电实验"",""completedVia"":""subtasks_all_done""}"
"2026-04-22","2026/4/22 23:56:46","session.ended","{""taskId"":""t-1776843907707-mblv"",""endReason"":""task_done"",""sessionId"":""s-1776843955173-5ati"",""taskTitle"":""数电实验"",""completedMicroSteps"":1,""totalDurationSeconds"":3832}"
"2026-04-22","2026/4/22 23:56:48","session.resumed","{""taskId"":""t-1776843943643-hl7t"",""sessionId"":""s-1776845488384-pkap"",""taskTitle"":""数电"",""microAction"":""数电"",""originalSessionId"":""s-1776845488384-pkap"",""elapsedBeforePause"":22745,""completedMicroSteps"":1,""pausedDurationSeconds"":5174}"
"2026-04-22","2026/4/22 23:56:50","session.paused","{""taskId"":""t-1776843943643-hl7t"",""sessionId"":""s-1776845488384-pkap"",""taskTitle"":""数电"",""microAction"":""数电"",""elapsedSeconds"":22747,""completedMicroSteps"":1}"
"2026-04-22","2026/4/22 23:56:52","mode.widget_expanded","{}"
"2026-04-22","2026/4/22 23:56:55","reflect.opened","{""date"":""2026-04-22"",""mode"":""day""}"
"2026-04-22","2026/4/22 23:57:05","reflect.message_sent","{""date"":""2026-04-22"",""mode"":""daily"",""charCount"":12,""messageIndex"":0}"
"2026-04-22","2026/4/22 23:57:10","reflect.mode_switched","{""to"":""week"",""from"":""day""}"
"2026-04-22","2026/4/22 23:57:25","reflect.message_sent","{""date"":""2026-04-22"",""mode"":""weekly"",""charCount"":12,""messageIndex"":0}"
"2026-04-22","2026/4/22 23:57:38","reflect.message_sent","{""date"":""2026-04-22"",""mode"":""weekly"",""charCount"":13,""messageIndex"":1}"
"2026-04-23","2026/4/23 19:49:29","app.launched","{}"
"2026-04-25","2026/4/25 14:12:09","app.launched","{}"
"2026-04-25","2026/4/25 14:12:20","task.created","{""title"":""课题"",""source"":""editor"",""taskId"":""t-1777097540723-bru5""}"
"2026-04-25","2026/4/25 14:12:29","task.created","{""title"":""数电实验验收"",""source"":""editor"",""taskId"":""t-1777097549926-xufi""}"
"2026-04-25","2026/4/25 14:12:36","task.created","{""title"":""matlab"",""source"":""editor"",""taskId"":""t-1777097556573-fwzn""}"
"2026-04-25","2026/4/25 14:12:36","plan.focus_selected","{""taskId"":""t-1777097549926-xufi"",""taskTitle"":""数电实验验收""}"
"2026-04-25","2026/4/25 14:12:36","plan.brain_dump","{""tasks"":[{""id"":""t-1777097540723-bru5"",""title"":""课题""},{""id"":""t-1777097549926-xufi"",""title"":""数电实验验收""},{""id"":""t-1777097556573-fwzn"",""title"":""matlab""}],""taskCount"":3}"
"2026-04-25","2026/4/25 14:12:36","mode.widget_entered","{}"
"2026-04-25","2026/4/25 14:12:38","exec.micro_started","{""taskId"":""t-1777097549926-xufi"",""sessionId"":""s-1777097558785-uj8s"",""taskTitle"":""数电实验验收"",""microAction"":""拿出数电实验报告册""}"
"2026-04-25","2026/4/25 14:12:38","session.started","{""taskId"":""t-1777097549926-xufi"",""sessionId"":""s-1777097558785-uj8s"",""taskTitle"":""数电实验验收""}"
"2026-04-25","2026/4/25 14:12:38","plan.first_micro","{""source"":""ai_chip"",""taskId"":""t-1777097549926-xufi"",""taskTitle"":""数电实验验收"",""microAction"":""拿出数电实验报告册""}"
"2026-04-25","2026/4/25 14:12:38","plan.focus_selected","{""taskId"":""t-1777097549926-xufi"",""taskTitle"":""数电实验验收""}"
"2026-04-25","2026/4/25 14:12:38","plan.brain_dump","{""tasks"":[{""id"":""t-1777097540723-bru5"",""title"":""课题""},{""id"":""t-1777097549926-xufi"",""title"":""数电实验验收""},{""id"":""t-1777097556573-fwzn"",""title"":""matlab""}],""taskCount"":3}"
"2026-04-25","2026/4/25 14:12:41","exec.micro_completed","{""taskId"":""t-1777097549926-xufi"",""sessionId"":""s-1777097558785-uj8s"",""taskTitle"":""数电实验验收"",""microAction"":""拿出数电实验报告册"",""actualSeconds"":2}"
"2026-04-25","2026/4/25 15:00:10","session.macro_completed","{""taskId"":""t-1777097549926-xufi"",""taskTitle"":""数电实验验收"",""completedVia"":""flow""}"
"2026-04-25","2026/4/25 15:00:10","exec.flow_ended","{""taskId"":""t-1777097549926-xufi"",""endReason"":""task_done"",""sessionId"":""s-1777097558785-uj8s"",""taskTitle"":""数电实验验收"",""flowDurationSeconds"":2848}"
"2026-04-25","2026/4/25 15:00:10","session.ended","{""taskId"":""t-1777097549926-xufi"",""endReason"":""task_done"",""sessionId"":""s-1777097558785-uj8s"",""taskTitle"":""数电实验验收"",""completedMicroSteps"":1,""totalDurationSeconds"":2851}"
"2026-04-25","2026/4/25 15:00:13","mode.widget_expanded","{}"
"2026-04-25","2026/4/25 15:00:14","plan.brain_dump","{""tasks"":[{""id"":""t-1777097540723-bru5"",""title"":""课题""},{""id"":""t-1777097556573-fwzn"",""title"":""matlab""}],""taskCount"":2}"
"2026-04-25","2026/4/25 15:00:14","mode.widget_entered","{}"
"2026-04-25","2026/4/25 15:00:14","plan.focus_selected","{""taskId"":""t-1777097556573-fwzn"",""taskTitle"":""matlab""}"
"2026-04-25","2026/4/25 15:00:20","plan.first_micro","{""source"":""ai_chip"",""taskId"":""t-1777097556573-fwzn"",""taskTitle"":""matlab"",""microAction"":""双击Matlab软件图标""}"
"2026-04-25","2026/4/25 15:00:20","plan.brain_dump","{""tasks"":[{""id"":""t-1777097540723-bru5"",""title"":""课题""},{""id"":""t-1777097556573-fwzn"",""title"":""matlab""}],""taskCount"":2}"
"2026-04-25","2026/4/25 15:00:20","session.started","{""taskId"":""t-1777097556573-fwzn"",""sessionId"":""s-1777100420606-ob3z"",""taskTitle"":""matlab""}"
"2026-04-25","2026/4/25 15:00:20","exec.micro_started","{""taskId"":""t-1777097556573-fwzn"",""sessionId"":""s-1777100420606-ob3z"",""taskTitle"":""matlab"",""microAction"":""双击Matlab软件图标""}"
"2026-04-25","2026/4/25 15:00:20","plan.focus_selected","{""taskId"":""t-1777097556573-fwzn"",""taskTitle"":""matlab""}"
"2026-04-25","2026/4/25 15:00:22","exec.micro_completed","{""taskId"":""t-1777097556573-fwzn"",""sessionId"":""s-1777100420606-ob3z"",""taskTitle"":""matlab"",""microAction"":""双击Matlab软件图标"",""actualSeconds"":1}"
"2026-04-25","2026/4/25 15:56:49","session.paused","{""taskId"":""t-1777097556573-fwzn"",""sessionId"":""s-1777100420606-ob3z"",""taskTitle"":""matlab"",""microAction"":""matlab"",""elapsedSeconds"":3389,""completedMicroSteps"":1}"
"2026-04-25","2026/4/25 17:35:44","session.resumed","{""taskId"":""t-1777097556573-fwzn"",""sessionId"":""s-1777100420606-ob3z"",""taskTitle"":""matlab"",""microAction"":""matlab"",""originalSessionId"":""s-1777100420606-ob3z"",""elapsedBeforePause"":3389,""completedMicroSteps"":1,""pausedDurationSeconds"":5934}"
"2026-04-25","2026/4/25 19:17:52","session.paused","{""taskId"":""t-1777097556573-fwzn"",""sessionId"":""s-1777100420606-ob3z"",""taskTitle"":""matlab"",""microAction"":""matlab"",""elapsedSeconds"":9516,""completedMicroSteps"":1}"
"2026-04-25","2026/4/25 19:32:24","mode.widget_expanded","{}"
"2026-04-25","2026/4/25 19:32:25","plan.brain_dump","{""tasks"":[{""id"":""t-1777097540723-bru5"",""title"":""课题""},{""id"":""t-1777097556573-fwzn"",""title"":""matlab""}],""taskCount"":2}"
"2026-04-25","2026/4/25 19:32:25","mode.widget_entered","{}"
"2026-04-25","2026/4/25 19:32:25","plan.focus_selected","{""taskId"":""t-1777097540723-bru5"",""taskTitle"":""课题""}"
"2026-04-25","2026/4/25 19:32:27","session.started","{""taskId"":""t-1777097540723-bru5"",""sessionId"":""s-1777116747425-4nkl"",""taskTitle"":""课题""}"
"2026-04-25","2026/4/25 19:32:27","plan.focus_selected","{""taskId"":""t-1777097540723-bru5"",""taskTitle"":""课题""}"
"2026-04-25","2026/4/25 19:32:27","plan.first_micro","{""source"":""ai_chip"",""taskId"":""t-1777097540723-bru5"",""taskTitle"":""课题"",""microAction"":""点开课题相关文件夹""}"
"2026-04-25","2026/4/25 19:32:27","exec.micro_started","{""taskId"":""t-1777097540723-bru5"",""sessionId"":""s-1777116747425-4nkl"",""taskTitle"":""课题"",""microAction"":""点开课题相关文件夹""}"
"2026-04-25","2026/4/25 19:32:27","plan.brain_dump","{""tasks"":[{""id"":""t-1777097540723-bru5"",""title"":""课题""},{""id"":""t-1777097556573-fwzn"",""title"":""matlab""}],""taskCount"":2}"
"2026-04-25","2026/4/25 19:32:28","exec.micro_completed","{""taskId"":""t-1777097540723-bru5"",""sessionId"":""s-1777116747425-4nkl"",""taskTitle"":""课题"",""microAction"":""点开课题相关文件夹"",""actualSeconds"":1}"
"2026-04-26","2026/4/26 10:13:18","app.launched","{}"
"2026-04-26","2026/4/26 10:13:22","nav.date_changed","{""to"":""2026-04-25"",""from"":""2026-04-26"",""method"":""arrow""}"
"2026-04-26","2026/4/26 10:13:29","reflect.opened","{""date"":""2026-04-26"",""mode"":""day""}"
"2026-04-26","2026/4/26 10:13:38","reflect.chat_opened","{""date"":""2026-04-26"",""mode"":""day""}"
"2026-04-26","2026/4/26 10:13:43","reflect.message_sent","{""date"":""2026-04-25"",""mode"":""daily"",""charCount"":15,""messageIndex"":0}"
"2026-04-26","2026/4/26 10:13:54","reflect.message_sent","{""date"":""2026-04-25"",""mode"":""daily"",""charCount"":12,""messageIndex"":1}"
"2026-04-26","2026/4/26 10:14:08","reflect.message_sent","{""date"":""2026-04-25"",""mode"":""daily"",""charCount"":11,""messageIndex"":2}"
"2026-04-26","2026/4/26 10:14:18","reflect.mode_switched","{""to"":""week"",""from"":""day""}"
"2026-04-26","2026/4/26 10:14:32","reflect.message_sent","{""date"":""2026-04-25"",""mode"":""weekly"",""charCount"":13,""messageIndex"":0}"
"2026-04-26","2026/4/26 10:15:19","reflect.message_sent","{""date"":""2026-04-25"",""mode"":""weekly"",""charCount"":11,""messageIndex"":1}"
"2026-04-26","2026/4/26 10:15:56","reflect.ended","{""date"":""2026-04-25"",""mode"":""weekly"",""durationMs"":97705,""messageCount"":5}"
"2026-04-26","2026/4/26 10:15:56","daily.leftovers","{""totalCount"":2,""leftoverTasks"":[{""id"":""t-1777097540723-bru5"",""title"":""课题"",""priority"":""medium""},{""id"":""t-1777097556573-fwzn"",""title"":""matlab"",""priority"":""medium""}]}"
"2026-04-26","2026/4/26 10:16:02","reflect.closed","{""date"":""2026-04-26"",""mode"":""day"",""hadChat"":true,""durationMs"":153007,""hadEndedProperly"":true}"
"2026-04-26","2026/4/26 10:57:31","auth.login","{}"
"2026-04-26","2026/4/26 10:57:49","nav.date_changed","{""to"":""2026-04-25"",""from"":""2026-04-26"",""method"":""arrow""}"
"2026-04-26","2026/4/26 10:57:50","nav.date_changed","{""to"":""2026-04-24"",""from"":""2026-04-25"",""method"":""arrow""}"
"2026-04-26","2026/4/26 10:57:51","nav.date_changed","{""to"":""2026-04-25"",""from"":""2026-04-24"",""method"":""arrow""}"
"2026-04-26","2026/4/26 10:57:53","reflect.opened","{""date"":""2026-04-26"",""mode"":""day""}"
"2026-04-26","2026/4/26 10:57:58","reflect.chat_opened","{""date"":""2026-04-26"",""mode"":""day""}"
"2026-04-26","2026/4/26 11:00:55","app.launched","{}"
"2026-04-26","2026/4/26 11:00:59","reflect.opened","{""date"":""2026-04-26"",""mode"":""day""}"
"2026-04-26","2026/4/26 11:00:59","reflect.closed","{""date"":""2026-04-26"",""mode"":""day"",""hadChat"":true,""durationMs"":2,""hadEndedProperly"":false}"
"2026-04-26","2026/4/26 11:00:59","reflect.opened","{""date"":""2026-04-26"",""mode"":""day""}"
"2026-04-26","2026/4/26 11:01:13","daily.leftovers","{""totalCount"":0,""leftoverTasks"":[]}"
"2026-04-26","2026/4/26 11:01:13","reflect.ended","{""date"":""2026-04-26"",""mode"":""daily"",""durationMs"":6973,""messageCount"":1}"
"2026-04-26","2026/4/26 11:01:13","reflect.closed","{""date"":""2026-04-26"",""mode"":""day"",""hadChat"":true,""durationMs"":13982,""hadEndedProperly"":true}"
"2026-04-26","2026/4/26 11:01:15","app.quit","{}"
"2026-04-26","2026/4/26 11:01:45","app.launched","{}"
"2026-04-26","2026/4/26 11:01:48","reflect.opened","{""date"":""2026-04-26"",""mode"":""day""}"
"2026-04-26","2026/4/26 11:01:52","reflect.chat_opened","{""date"":""2026-04-26"",""mode"":""day""}"
"2026-04-26","2026/4/26 11:11:05","reflect.mode_switched","{""to"":""week"",""from"":""day""}"
"2026-04-26","2026/4/26 11:13:20","reflect.mode_switched","{""to"":""day"",""from"":""week""}"
"2026-04-26","2026/4/26 11:13:23","reflect.mode_switched","{""to"":""week"",""from"":""day""}"
"2026-04-26","2026/4/26 11:15:20","reflect.mode_switched","{""to"":""day"",""from"":""week""}"
"2026-04-26","2026/4/26 13:15:53","daily.leftovers","{""totalCount"":2,""leftoverTasks"":[{""id"":""t-1777097540723-bru5"",""title"":""课题"",""priority"":""medium""},{""id"":""t-1777097556573-fwzn"",""title"":""matlab"",""priority"":""medium""}]}"
"2026-04-26","2026/4/26 13:15:53","reflect.ended","{""date"":""2026-04-25"",""mode"":""daily"",""durationMs"":7233131,""messageCount"":7}"
"2026-04-26","2026/4/26 13:15:54","reflect.closed","{""date"":""2026-04-26"",""mode"":""day"",""hadChat"":true,""durationMs"":8045123,""hadEndedProperly"":true}"
"2026-04-26","2026/4/26 13:15:54","app.quit","{}"
"2026-04-26","2026/4/26 14:11:04","app.launched","{}"
"2026-04-26","2026/4/26 14:17:46","reflect.opened","{""date"":""2026-04-26"",""mode"":""day""}"
"2026-04-26","2026/4/26 14:17:52","reflect.chat_opened","{""date"":""2026-04-26"",""mode"":""day""}"
"2026-04-30","2026/4/30 22:41:09","app.launched","{}"